,CT1,CT2,CT3,CT4,CT5
x_cont1,1.61399,2.4495301,-1.1530102,-0.33435348,0.0
x_cont2,-1.1745497,-0.68305796,-0.22088325,1.9310919,0.0
x_cont3,2.2484925,0.90279275,0.019729601,0.23634218,0.0
x_cont4,0.0,0.0,0.0,0.0,0.0
x_cont5,0.0,0.0,0.0,0.0,0.0
x_cont6,0.0,0.0,0.0,0.0,0.0
x_cont7,0.0,0.0,0.0,0.0,0.0
x_cont8,0.0,0.0,0.0,0.0,0.0
x_cont9,0.0,0.0,0.0,0.0,0.0
x_cont10,0.0,0.0,0.0,0.0,0.0
x_cont11,0.0,0.0,0.0,0.0,0.0
x_cont12,0.0,0.0,0.0,0.0,0.0
x_cont13,0.0,0.0,0.0,0.0,0.0
x_cont14,0.0,0.0,0.0,0.0,0.0
x_cont15,0.0,0.0,0.0,0.0,0.0
x_cont16,0.0,0.0,0.0,0.0,0.0
x_cont17,0.0,0.0,0.0,0.0,0.0
x_cont18,0.0,0.0,0.0,0.0,0.0
x_cont19,0.0,0.0,0.0,0.0,0.0
x_cont20,0.0,0.0,0.0,0.0,0.0
x_cont21,0.0,0.0,0.0,0.0,0.0
x_cont22,0.0,0.0,0.0,0.0,0.0
x_cont23,0.0,0.0,0.0,0.0,0.0
x_cont24,0.0,0.0,0.0,0.0,0.0
x_cont25,0.0,0.0,0.0,0.0,0.0
x_cont26,0.0,0.0,0.0,0.0,0.0
x_cont27,0.0,0.0,0.0,0.0,0.0
x_cont28,0.0,0.0,0.0,0.0,0.0
x_cont29,0.0,0.0,0.0,0.0,0.0
x_cont30,0.0,0.0,0.0,0.0,0.0
x_cont31,0.0,0.0,0.0,0.0,0.0
x_cont32,0.0,0.0,0.0,0.0,0.0
x_cont33,0.0,0.0,0.0,0.0,0.0
x_cont34,0.0,0.0,0.0,0.0,0.0
x_cont35,0.0,0.0,0.0,0.0,0.0
x_cont36,0.0,0.0,0.0,0.0,0.0
x_cont37,0.0,0.0,0.0,0.0,0.0
x_cont38,0.0,0.0,0.0,0.0,0.0
x_cont39,0.0,0.0,0.0,0.0,0.0
x_cont40,0.0,0.0,0.0,0.0,0.0
x_cont41,0.0,0.0,0.0,0.0,0.0
x_cont42,0.0,0.0,0.0,0.0,0.0
x_cont43,0.0,0.0,0.0,0.0,0.0
x_cont44,0.0,0.0,0.0,0.0,0.0
x_cont45,0.0,0.0,0.0,0.0,0.0
x_cont46,0.0,0.0,0.0,0.0,0.0
x_cont47,0.0,0.0,0.0,0.0,0.0
x_cont48,0.0,0.0,0.0,0.0,0.0
x_cont49,0.0,0.0,0.0,0.0,0.0
x_cont50,0.0,0.0,0.0,0.0,0.0
x_cont51,0.0,0.0,0.0,0.0,0.0
x_cont52,0.0,0.0,0.0,0.0,0.0
x_cont53,0.0,0.0,0.0,0.0,0.0
x_cont54,0.0,0.0,0.0,0.0,0.0
x_cont55,0.0,0.0,0.0,0.0,0.0
x_cont56,0.0,0.0,0.0,0.0,0.0
x_cont57,0.0,0.0,0.0,0.0,0.0
x_cont58,0.0,0.0,0.0,0.0,0.0
x_cont59,0.0,0.0,0.0,0.0,0.0
x_cont60,0.0,0.0,0.0,0.0,0.0
x_cont61,0.0,0.0,0.0,0.0,0.0
x_cont62,0.0,0.0,0.0,0.0,0.0
x_cont63,0.0,0.0,0.0,0.0,0.0
x_cont64,0.0,0.0,0.0,0.0,0.0
x_cont65,0.0,0.0,0.0,0.0,0.0
x_cont66,0.0,0.0,0.0,0.0,0.0
x_cont67,0.0,0.0,0.0,0.0,0.0
x_cont68,0.0,0.0,0.0,0.0,0.0
x_cont69,0.0,0.0,0.0,0.0,0.0
x_cont70,0.0,0.0,0.0,0.0,0.0
x_cont71,0.0,0.0,0.0,0.0,0.0
x_cont72,0.0,0.0,0.0,0.0,0.0
x_cont73,0.0,0.0,0.0,0.0,0.0
x_cont74,0.0,0.0,0.0,0.0,0.0
x_cont75,0.0,0.0,0.0,0.0,0.0
x_cont76,0.0,0.0,0.0,0.0,0.0
x_cont77,0.0,0.0,0.0,0.0,0.0
x_cont78,0.0,0.0,0.0,0.0,0.0
x_cont79,0.0,0.0,0.0,0.0,0.0
x_cont80,0.0,0.0,0.0,0.0,0.0
x_cont81,0.0,0.0,0.0,0.0,0.0
x_cont82,0.0,0.0,0.0,0.0,0.0
x_cont83,0.0,0.0,0.0,0.0,0.0
x_cont84,0.0,0.0,0.0,0.0,0.0
x_cont85,0.0,0.0,0.0,0.0,0.0
x_cont86,0.0,0.0,0.0,0.0,0.0
x_cont87,0.0,0.0,0.0,0.0,0.0
x_cont88,0.0,0.0,0.0,0.0,0.0
x_cont89,0.0,0.0,0.0,0.0,0.0
x_cont90,0.0,0.0,0.0,0.0,0.0
x_cont91,0.0,0.0,0.0,0.0,0.0
x_cont92,0.0,0.0,0.0,0.0,0.0
x_cont93,0.0,0.0,0.0,0.0,0.0
x_cont94,0.0,0.0,0.0,0.0,0.0
x_cont95,0.0,0.0,0.0,0.0,0.0
x_cont96,0.0,0.0,0.0,0.0,0.0
x_cont97,0.0,0.0,0.0,0.0,0.0
x_cont98,0.0,0.0,0.0,0.0,0.0
x_cont99,0.0,0.0,0.0,0.0,0.0
x_cont100,0.0,0.0,0.0,0.0,0.0
x_cont101,0.0,0.0,0.0,0.0,0.0
x_cont102,0.0,0.0,0.0,0.0,0.0
x_cont103,0.0,0.0,0.0,0.0,0.0
x_cont104,0.0,0.0,0.0,0.0,0.0
x_cont105,0.0,0.0,0.0,0.0,0.0
x_cont106,0.0,0.0,0.0,0.0,0.0
x_cont107,0.0,0.0,0.0,0.0,0.0
x_cont108,0.0,0.0,0.0,0.0,0.0
x_cont109,0.0,0.0,0.0,0.0,0.0
x_cont110,0.0,0.0,0.0,0.0,0.0
x_cont111,0.0,0.0,0.0,0.0,0.0
x_cont112,0.0,0.0,0.0,0.0,0.0
x_cont113,0.0,0.0,0.0,0.0,0.0
x_cont114,0.0,0.0,0.0,0.0,0.0
x_cont115,0.0,0.0,0.0,0.0,0.0
x_cont116,0.0,0.0,0.0,0.0,0.0
x_cont117,0.0,0.0,0.0,0.0,0.0
x_cont118,0.0,0.0,0.0,0.0,0.0
x_cont119,0.0,0.0,0.0,0.0,0.0
x_cont120,0.0,0.0,0.0,0.0,0.0
x_cont121,0.0,0.0,0.0,0.0,0.0
x_cont122,0.0,0.0,0.0,0.0,0.0
x_cont123,0.0,0.0,0.0,0.0,0.0
x_cont124,0.0,0.0,0.0,0.0,0.0
x_cont125,0.0,0.0,0.0,0.0,0.0
x_cont126,0.0,0.0,0.0,0.0,0.0
x_cont127,0.0,0.0,0.0,0.0,0.0
x_cont128,0.0,0.0,0.0,0.0,0.0
x_cont129,0.0,0.0,0.0,0.0,0.0
x_cont130,0.0,0.0,0.0,0.0,0.0
x_cont131,0.0,0.0,0.0,0.0,0.0
x_cont132,0.0,0.0,0.0,0.0,0.0
x_cont133,0.0,0.0,0.0,0.0,0.0
x_cont134,0.0,0.0,0.0,0.0,0.0
x_cont135,0.0,0.0,0.0,0.0,0.0
x_cont136,0.0,0.0,0.0,0.0,0.0
x_cont137,0.0,0.0,0.0,0.0,0.0
x_cont138,0.0,0.0,0.0,0.0,0.0
x_cont139,0.0,0.0,0.0,0.0,0.0
x_cont140,0.0,0.0,0.0,0.0,0.0
x_cont141,0.0,0.0,0.0,0.0,0.0
x_cont142,0.0,0.0,0.0,0.0,0.0
x_cont143,0.0,0.0,0.0,0.0,0.0
x_cont144,0.0,0.0,0.0,0.0,0.0
x_cont145,0.0,0.0,0.0,0.0,0.0
x_cont146,0.0,0.0,0.0,0.0,0.0
x_cont147,0.0,0.0,0.0,0.0,0.0
x_cont148,0.0,0.0,0.0,0.0,0.0
x_cont149,0.0,0.0,0.0,0.0,0.0
x_cont150,0.0,0.0,0.0,0.0,0.0
x_cont151,0.0,0.0,0.0,0.0,0.0
x_cont152,0.0,0.0,0.0,0.0,0.0
x_cont153,0.0,0.0,0.0,0.0,0.0
x_cont154,0.0,0.0,0.0,0.0,0.0
x_cont155,0.0,0.0,0.0,0.0,0.0
x_cont156,0.0,0.0,0.0,0.0,0.0
x_cont157,0.0,0.0,0.0,0.0,0.0
x_cont158,0.0,0.0,0.0,0.0,0.0
x_cont159,0.0,0.0,0.0,0.0,0.0
x_cont160,0.0,0.0,0.0,0.0,0.0
x_cont161,0.0,0.0,0.0,0.0,0.0
x_cont162,0.0,0.0,0.0,0.0,0.0
x_cont163,0.0,0.0,0.0,0.0,0.0
x_cont164,0.0,0.0,0.0,0.0,0.0
x_cont165,0.0,0.0,0.0,0.0,0.0
x_cont166,0.0,0.0,0.0,0.0,0.0
x_cont167,0.0,0.0,0.0,0.0,0.0
x_cont168,0.0,0.0,0.0,0.0,0.0
x_cont169,0.0,0.0,0.0,0.0,0.0
x_cont170,0.0,0.0,0.0,0.0,0.0
x_cont171,0.0,0.0,0.0,0.0,0.0
x_cont172,0.0,0.0,0.0,0.0,0.0
x_cont173,0.0,0.0,0.0,0.0,0.0
x_cont174,0.0,0.0,0.0,0.0,0.0
x_cont175,0.0,0.0,0.0,0.0,0.0
x_cont176,0.0,0.0,0.0,0.0,0.0
x_cont177,0.0,0.0,0.0,0.0,0.0
x_cont178,0.0,0.0,0.0,0.0,0.0
x_cont179,0.0,0.0,0.0,0.0,0.0
x_cont180,0.0,0.0,0.0,0.0,0.0
x_cont181,0.0,0.0,0.0,0.0,0.0
x_cont182,0.0,0.0,0.0,0.0,0.0
x_cont183,0.0,0.0,0.0,0.0,0.0
x_cont184,0.0,0.0,0.0,0.0,0.0
x_cont185,0.0,0.0,0.0,0.0,0.0
x_cont186,0.0,0.0,0.0,0.0,0.0
x_cont187,0.0,0.0,0.0,0.0,0.0
x_cont188,0.0,0.0,0.0,0.0,0.0
x_cont189,0.0,0.0,0.0,0.0,0.0
x_cont190,0.0,0.0,0.0,0.0,0.0
x_cont191,0.0,0.0,0.0,0.0,0.0
x_cont192,0.0,0.0,0.0,0.0,0.0
x_cont193,0.0,0.0,0.0,0.0,0.0
x_cont194,0.0,0.0,0.0,0.0,0.0
x_cont195,0.0,0.0,0.0,0.0,0.0
x_cont196,0.0,0.0,0.0,0.0,0.0
x_cont197,0.0,0.0,0.0,0.0,0.0
x_cont198,0.0,0.0,0.0,0.0,0.0
x_cont199,0.0,0.0,0.0,0.0,0.0
x_cont200,0.0,0.0,0.0,0.0,0.0
x_cont201,0.0,0.0,0.0,0.0,0.0
x_cont202,0.0,0.0,0.0,0.0,0.0
x_cont203,0.0,0.0,0.0,0.0,0.0
x_cont204,0.0,0.0,0.0,0.0,0.0
x_cont205,0.0,0.0,0.0,0.0,0.0
x_cont206,0.0,0.0,0.0,0.0,0.0
x_cont207,0.0,0.0,0.0,0.0,0.0
x_cont208,0.0,0.0,0.0,0.0,0.0
x_cont209,0.0,0.0,0.0,0.0,0.0
x_cont210,0.0,0.0,0.0,0.0,0.0
x_cont211,0.0,0.0,0.0,0.0,0.0
x_cont212,0.0,0.0,0.0,0.0,0.0
x_cont213,0.0,0.0,0.0,0.0,0.0
x_cont214,0.0,0.0,0.0,0.0,0.0
x_cont215,0.0,0.0,0.0,0.0,0.0
x_cont216,0.0,0.0,0.0,0.0,0.0
x_cont217,0.0,0.0,0.0,0.0,0.0
x_cont218,0.0,0.0,0.0,0.0,0.0
x_cont219,0.0,0.0,0.0,0.0,0.0
x_cont220,0.0,0.0,0.0,0.0,0.0
x_cont221,0.0,0.0,0.0,0.0,0.0
x_cont222,0.0,0.0,0.0,0.0,0.0
x_cont223,0.0,0.0,0.0,0.0,0.0
x_cont224,0.0,0.0,0.0,0.0,0.0
x_cont225,0.0,0.0,0.0,0.0,0.0
x_cont226,0.0,0.0,0.0,0.0,0.0
x_cont227,0.0,0.0,0.0,0.0,0.0
x_cont228,0.0,0.0,0.0,0.0,0.0
x_cont229,0.0,0.0,0.0,0.0,0.0
x_cont230,0.0,0.0,0.0,0.0,0.0
x_cont231,0.0,0.0,0.0,0.0,0.0
x_cont232,0.0,0.0,0.0,0.0,0.0
x_cont233,0.0,0.0,0.0,0.0,0.0
x_cont234,0.0,0.0,0.0,0.0,0.0
x_cont235,0.0,0.0,0.0,0.0,0.0
x_cont236,0.0,0.0,0.0,0.0,0.0
x_cont237,0.0,0.0,0.0,0.0,0.0
x_cont238,0.0,0.0,0.0,0.0,0.0
x_cont239,0.0,0.0,0.0,0.0,0.0
x_cont240,0.0,0.0,0.0,0.0,0.0
x_cont241,0.0,0.0,0.0,0.0,0.0
x_cont242,0.0,0.0,0.0,0.0,0.0
x_cont243,0.0,0.0,0.0,0.0,0.0
x_cont244,0.0,0.0,0.0,0.0,0.0
x_cont245,0.0,0.0,0.0,0.0,0.0
x_cont246,0.0,0.0,0.0,0.0,0.0
x_cont247,0.0,0.0,0.0,0.0,0.0
x_cont248,0.0,0.0,0.0,0.0,0.0
x_cont249,0.0,0.0,0.0,0.0,0.0
x_cont250,0.0,0.0,0.0,0.0,0.0
x_cont251,0.0,0.0,0.0,0.0,0.0
x_cont252,0.0,0.0,0.0,0.0,0.0
x_cont253,0.0,0.0,0.0,0.0,0.0
x_cont254,0.0,0.0,0.0,0.0,0.0
x_cont255,0.0,0.0,0.0,0.0,0.0
x_cont256,0.0,0.0,0.0,0.0,0.0
x_cont257,0.0,0.0,0.0,0.0,0.0
x_cont258,0.0,0.0,0.0,0.0,0.0
x_cont259,0.0,0.0,0.0,0.0,0.0
x_cont260,0.0,0.0,0.0,0.0,0.0
x_cont261,0.0,0.0,0.0,0.0,0.0
x_cont262,0.0,0.0,0.0,0.0,0.0
x_cont263,0.0,0.0,0.0,0.0,0.0
x_cont264,0.0,0.0,0.0,0.0,0.0
x_cont265,0.0,0.0,0.0,0.0,0.0
x_cont266,0.0,0.0,0.0,0.0,0.0
x_cont267,0.0,0.0,0.0,0.0,0.0
x_cont268,0.0,0.0,0.0,0.0,0.0
x_cont269,0.0,0.0,0.0,0.0,0.0
x_cont270,0.0,0.0,0.0,0.0,0.0
x_cont271,0.0,0.0,0.0,0.0,0.0
x_cont272,0.0,0.0,0.0,0.0,0.0
x_cont273,0.0,0.0,0.0,0.0,0.0
x_cont274,0.0,0.0,0.0,0.0,0.0
x_cont275,0.0,0.0,0.0,0.0,0.0
x_cont276,0.0,0.0,0.0,0.0,0.0
x_cont277,0.0,0.0,0.0,0.0,0.0
x_cont278,0.0,0.0,0.0,0.0,0.0
x_cont279,0.0,0.0,0.0,0.0,0.0
x_cont280,0.0,0.0,0.0,0.0,0.0
x_cont281,0.0,0.0,0.0,0.0,0.0
x_cont282,0.0,0.0,0.0,0.0,0.0
x_cont283,0.0,0.0,0.0,0.0,0.0
x_cont284,0.0,0.0,0.0,0.0,0.0
x_cont285,0.0,0.0,0.0,0.0,0.0
x_cont286,0.0,0.0,0.0,0.0,0.0
x_cont287,0.0,0.0,0.0,0.0,0.0
x_cont288,0.0,0.0,0.0,0.0,0.0
x_cont289,0.0,0.0,0.0,0.0,0.0
x_cont290,0.0,0.0,0.0,0.0,0.0
x_cont291,0.0,0.0,0.0,0.0,0.0
x_cont292,0.0,0.0,0.0,0.0,0.0
x_cont293,0.0,0.0,0.0,0.0,0.0
x_cont294,0.0,0.0,0.0,0.0,0.0
x_cont295,0.0,0.0,0.0,0.0,0.0
x_cont296,0.0,0.0,0.0,0.0,0.0
x_cont297,0.0,0.0,0.0,0.0,0.0
x_cont298,0.0,0.0,0.0,0.0,0.0
x_cont299,0.0,0.0,0.0,0.0,0.0
x_cont300,0.0,0.0,0.0,0.0,0.0
x_cont301,0.0,0.0,0.0,0.0,0.0
x_cont302,0.0,0.0,0.0,0.0,0.0
x_cont303,0.0,0.0,0.0,0.0,0.0
x_cont304,0.0,0.0,0.0,0.0,0.0
x_cont305,0.0,0.0,0.0,0.0,0.0
x_cont306,0.0,0.0,0.0,0.0,0.0
x_cont307,0.0,0.0,0.0,0.0,0.0
x_cont308,0.0,0.0,0.0,0.0,0.0
x_cont309,0.0,0.0,0.0,0.0,0.0
x_cont310,0.0,0.0,0.0,0.0,0.0
x_cont311,0.0,0.0,0.0,0.0,0.0
x_cont312,0.0,0.0,0.0,0.0,0.0
x_cont313,0.0,0.0,0.0,0.0,0.0
x_cont314,0.0,0.0,0.0,0.0,0.0
x_cont315,0.0,0.0,0.0,0.0,0.0
x_cont316,0.0,0.0,0.0,0.0,0.0
x_cont317,0.0,0.0,0.0,0.0,0.0
x_cont318,0.0,0.0,0.0,0.0,0.0
x_cont319,0.0,0.0,0.0,0.0,0.0
x_cont320,0.0,0.0,0.0,0.0,0.0
x_cont321,0.0,0.0,0.0,0.0,0.0
x_cont322,0.0,0.0,0.0,0.0,0.0
x_cont323,0.0,0.0,0.0,0.0,0.0
x_cont324,0.0,0.0,0.0,0.0,0.0
x_cont325,0.0,0.0,0.0,0.0,0.0
x_cont326,0.0,0.0,0.0,0.0,0.0
x_cont327,0.0,0.0,0.0,0.0,0.0
x_cont328,0.0,0.0,0.0,0.0,0.0
x_cont329,0.0,0.0,0.0,0.0,0.0
x_cont330,0.0,0.0,0.0,0.0,0.0
x_cont331,0.0,0.0,0.0,0.0,0.0
x_cont332,0.0,0.0,0.0,0.0,0.0
x_cont333,0.0,0.0,0.0,0.0,0.0
x_cont334,0.0,0.0,0.0,0.0,0.0
x_cont335,0.0,0.0,0.0,0.0,0.0
x_cont336,0.0,0.0,0.0,0.0,0.0
x_cont337,0.0,0.0,0.0,0.0,0.0
x_cont338,0.0,0.0,0.0,0.0,0.0
x_cont339,0.0,0.0,0.0,0.0,0.0
x_cont340,0.0,0.0,0.0,0.0,0.0
x_cont341,0.0,0.0,0.0,0.0,0.0
x_cont342,0.0,0.0,0.0,0.0,0.0
x_cont343,0.0,0.0,0.0,0.0,0.0
x_cont344,0.0,0.0,0.0,0.0,0.0
x_cont345,0.0,0.0,0.0,0.0,0.0
x_cont346,0.0,0.0,0.0,0.0,0.0
x_cont347,0.0,0.0,0.0,0.0,0.0
x_cont348,0.0,0.0,0.0,0.0,0.0
x_cont349,0.0,0.0,0.0,0.0,0.0
x_cont350,0.0,0.0,0.0,0.0,0.0
x_cont351,0.0,0.0,0.0,0.0,0.0
x_cont352,0.0,0.0,0.0,0.0,0.0
x_cont353,0.0,0.0,0.0,0.0,0.0
x_cont354,0.0,0.0,0.0,0.0,0.0
x_cont355,0.0,0.0,0.0,0.0,0.0
x_cont356,0.0,0.0,0.0,0.0,0.0
x_cont357,0.0,0.0,0.0,0.0,0.0
x_cont358,0.0,0.0,0.0,0.0,0.0
x_cont359,0.0,0.0,0.0,0.0,0.0
x_cont360,0.0,0.0,0.0,0.0,0.0
x_cont361,0.0,0.0,0.0,0.0,0.0
x_cont362,0.0,0.0,0.0,0.0,0.0
x_cont363,0.0,0.0,0.0,0.0,0.0
x_cont364,0.0,0.0,0.0,0.0,0.0
x_cont365,0.0,0.0,0.0,0.0,0.0
x_cont366,0.0,0.0,0.0,0.0,0.0
x_cont367,0.0,0.0,0.0,0.0,0.0
x_cont368,0.0,0.0,0.0,0.0,0.0
x_cont369,0.0,0.0,0.0,0.0,0.0
x_cont370,0.0,0.0,0.0,0.0,0.0
x_cont371,0.0,0.0,0.0,0.0,0.0
x_cont372,0.0,0.0,0.0,0.0,0.0
x_cont373,0.0,0.0,0.0,0.0,0.0
x_cont374,0.0,0.0,0.0,0.0,0.0
x_cont375,0.0,0.0,0.0,0.0,0.0
x_cont376,0.0,0.0,0.0,0.0,0.0
x_cont377,0.0,0.0,0.0,0.0,0.0
x_cont378,0.0,0.0,0.0,0.0,0.0
x_cont379,0.0,0.0,0.0,0.0,0.0
x_cont380,0.0,0.0,0.0,0.0,0.0
x_cont381,0.0,0.0,0.0,0.0,0.0
x_cont382,0.0,0.0,0.0,0.0,0.0
x_cont383,0.0,0.0,0.0,0.0,0.0
x_cont384,0.0,0.0,0.0,0.0,0.0
x_cont385,0.0,0.0,0.0,0.0,0.0
x_cont386,0.0,0.0,0.0,0.0,0.0
x_cont387,0.0,0.0,0.0,0.0,0.0
x_cont388,0.0,0.0,0.0,0.0,0.0
x_cont389,0.0,0.0,0.0,0.0,0.0
x_cont390,0.0,0.0,0.0,0.0,0.0
x_cont391,0.0,0.0,0.0,0.0,0.0
x_cont392,0.0,0.0,0.0,0.0,0.0
x_cont393,0.0,0.0,0.0,0.0,0.0
x_cont394,0.0,0.0,0.0,0.0,0.0
x_cont395,0.0,0.0,0.0,0.0,0.0
x_cont396,0.0,0.0,0.0,0.0,0.0
x_cont397,0.0,0.0,0.0,0.0,0.0
x_cont398,0.0,0.0,0.0,0.0,0.0
x_cont399,0.0,0.0,0.0,0.0,0.0
x_cont400,0.0,0.0,0.0,0.0,0.0
x_cont401,0.0,0.0,0.0,0.0,0.0
x_cont402,0.0,0.0,0.0,0.0,0.0
x_cont403,0.0,0.0,0.0,0.0,0.0
x_cont404,0.0,0.0,0.0,0.0,0.0
x_cont405,0.0,0.0,0.0,0.0,0.0
x_cont406,0.0,0.0,0.0,0.0,0.0
x_cont407,0.0,0.0,0.0,0.0,0.0
x_cont408,0.0,0.0,0.0,0.0,0.0
x_cont409,0.0,0.0,0.0,0.0,0.0
x_cont410,0.0,0.0,0.0,0.0,0.0
x_cont411,0.0,0.0,0.0,0.0,0.0
x_cont412,0.0,0.0,0.0,0.0,0.0
x_cont413,0.0,0.0,0.0,0.0,0.0
x_cont414,0.0,0.0,0.0,0.0,0.0
x_cont415,0.0,0.0,0.0,0.0,0.0
x_cont416,0.0,0.0,0.0,0.0,0.0
x_cont417,0.0,0.0,0.0,0.0,0.0
x_cont418,0.0,0.0,0.0,0.0,0.0
x_cont419,0.0,0.0,0.0,0.0,0.0
x_cont420,0.0,0.0,0.0,0.0,0.0
x_cont421,0.0,0.0,0.0,0.0,0.0
x_cont422,0.0,0.0,0.0,0.0,0.0
x_cont423,0.0,0.0,0.0,0.0,0.0
x_cont424,0.0,0.0,0.0,0.0,0.0
x_cont425,0.0,0.0,0.0,0.0,0.0
x_cont426,0.0,0.0,0.0,0.0,0.0
x_cont427,0.0,0.0,0.0,0.0,0.0
x_cont428,0.0,0.0,0.0,0.0,0.0
x_cont429,0.0,0.0,0.0,0.0,0.0
x_cont430,0.0,0.0,0.0,0.0,0.0
x_cont431,0.0,0.0,0.0,0.0,0.0
x_cont432,0.0,0.0,0.0,0.0,0.0
x_cont433,0.0,0.0,0.0,0.0,0.0
x_cont434,0.0,0.0,0.0,0.0,0.0
x_cont435,0.0,0.0,0.0,0.0,0.0
x_cont436,0.0,0.0,0.0,0.0,0.0
x_cont437,0.0,0.0,0.0,0.0,0.0
x_cont438,0.0,0.0,0.0,0.0,0.0
x_cont439,0.0,0.0,0.0,0.0,0.0
x_cont440,0.0,0.0,0.0,0.0,0.0
x_cont441,0.0,0.0,0.0,0.0,0.0
x_cont442,0.0,0.0,0.0,0.0,0.0
x_cont443,0.0,0.0,0.0,0.0,0.0
x_cont444,0.0,0.0,0.0,0.0,0.0
x_cont445,0.0,0.0,0.0,0.0,0.0
x_cont446,0.0,0.0,0.0,0.0,0.0
x_cont447,0.0,0.0,0.0,0.0,0.0
x_cont448,0.0,0.0,0.0,0.0,0.0
x_cont449,0.0,0.0,0.0,0.0,0.0
x_cont450,0.0,0.0,0.0,0.0,0.0
x_cont451,0.0,0.0,0.0,0.0,0.0
x_cont452,0.0,0.0,0.0,0.0,0.0
x_cont453,0.0,0.0,0.0,0.0,0.0
x_cont454,0.0,0.0,0.0,0.0,0.0
x_cont455,0.0,0.0,0.0,0.0,0.0
x_cont456,0.0,0.0,0.0,0.0,0.0
x_cont457,0.0,0.0,0.0,0.0,0.0
x_cont458,0.0,0.0,0.0,0.0,0.0
x_cont459,0.0,0.0,0.0,0.0,0.0
x_cont460,0.0,0.0,0.0,0.0,0.0
x_cont461,0.0,0.0,0.0,0.0,0.0
x_cont462,0.0,0.0,0.0,0.0,0.0
x_cont463,0.0,0.0,0.0,0.0,0.0
x_cont464,0.0,0.0,0.0,0.0,0.0
x_cont465,0.0,0.0,0.0,0.0,0.0
x_cont466,0.0,0.0,0.0,0.0,0.0
x_cont467,0.0,0.0,0.0,0.0,0.0
x_cont468,0.0,0.0,0.0,0.0,0.0
x_cont469,0.0,0.0,0.0,0.0,0.0
x_cont470,0.0,0.0,0.0,0.0,0.0
x_cont471,0.0,0.0,0.0,0.0,0.0
x_cont472,0.0,0.0,0.0,0.0,0.0
x_cont473,0.0,0.0,0.0,0.0,0.0
x_cont474,0.0,0.0,0.0,0.0,0.0
x_cont475,0.0,0.0,0.0,0.0,0.0
x_cont476,0.0,0.0,0.0,0.0,0.0
x_cont477,0.0,0.0,0.0,0.0,0.0
x_cont478,0.0,0.0,0.0,0.0,0.0
x_cont479,0.0,0.0,0.0,0.0,0.0
x_cont480,0.0,0.0,0.0,0.0,0.0
x_cont481,0.0,0.0,0.0,0.0,0.0
x_cont482,0.0,0.0,0.0,0.0,0.0
x_cont483,0.0,0.0,0.0,0.0,0.0
x_cont484,0.0,0.0,0.0,0.0,0.0
x_cont485,0.0,0.0,0.0,0.0,0.0
x_cont486,0.0,0.0,0.0,0.0,0.0
x_cont487,0.0,0.0,0.0,0.0,0.0
x_cont488,0.0,0.0,0.0,0.0,0.0
x_cont489,0.0,0.0,0.0,0.0,0.0
x_cont490,0.0,0.0,0.0,0.0,0.0
x_cont491,0.0,0.0,0.0,0.0,0.0
x_cont492,0.0,0.0,0.0,0.0,0.0
x_cont493,0.0,0.0,0.0,0.0,0.0
x_cont494,0.0,0.0,0.0,0.0,0.0
x_cont495,0.0,0.0,0.0,0.0,0.0
x_cont496,0.0,0.0,0.0,0.0,0.0
x_cont497,0.0,0.0,0.0,0.0,0.0
x_cont498,0.0,0.0,0.0,0.0,0.0
x_cont499,0.0,0.0,0.0,0.0,0.0
x_cont500,0.0,0.0,0.0,0.0,0.0
x_cont501,0.0,0.0,0.0,0.0,0.0
x_cont502,0.0,0.0,0.0,0.0,0.0
x_cont503,0.0,0.0,0.0,0.0,0.0
x_cont504,0.0,0.0,0.0,0.0,0.0
x_cont505,0.0,0.0,0.0,0.0,0.0
x_cont506,0.0,0.0,0.0,0.0,0.0
x_cont507,0.0,0.0,0.0,0.0,0.0
x_cont508,0.0,0.0,0.0,0.0,0.0
x_cont509,0.0,0.0,0.0,0.0,0.0
x_cont510,0.0,0.0,0.0,0.0,0.0
x_cont511,0.0,0.0,0.0,0.0,0.0
x_cont512,0.0,0.0,0.0,0.0,0.0
x_cont513,0.0,0.0,0.0,0.0,0.0
x_cont514,0.0,0.0,0.0,0.0,0.0
x_cont515,0.0,0.0,0.0,0.0,0.0
x_cont516,0.0,0.0,0.0,0.0,0.0
x_cont517,0.0,0.0,0.0,0.0,0.0
x_cont518,0.0,0.0,0.0,0.0,0.0
x_cont519,0.0,0.0,0.0,0.0,0.0
x_cont520,0.0,0.0,0.0,0.0,0.0
x_cont521,0.0,0.0,0.0,0.0,0.0
x_cont522,0.0,0.0,0.0,0.0,0.0
x_cont523,0.0,0.0,0.0,0.0,0.0
x_cont524,0.0,0.0,0.0,0.0,0.0
x_cont525,0.0,0.0,0.0,0.0,0.0
x_cont526,0.0,0.0,0.0,0.0,0.0
x_cont527,0.0,0.0,0.0,0.0,0.0
x_cont528,0.0,0.0,0.0,0.0,0.0
x_cont529,0.0,0.0,0.0,0.0,0.0
x_cont530,0.0,0.0,0.0,0.0,0.0
x_cont531,0.0,0.0,0.0,0.0,0.0
x_cont532,0.0,0.0,0.0,0.0,0.0
x_cont533,0.0,0.0,0.0,0.0,0.0
x_cont534,0.0,0.0,0.0,0.0,0.0
x_cont535,0.0,0.0,0.0,0.0,0.0
x_cont536,0.0,0.0,0.0,0.0,0.0
x_cont537,0.0,0.0,0.0,0.0,0.0
x_cont538,0.0,0.0,0.0,0.0,0.0
x_cont539,0.0,0.0,0.0,0.0,0.0
x_cont540,0.0,0.0,0.0,0.0,0.0
x_cont541,0.0,0.0,0.0,0.0,0.0
x_cont542,0.0,0.0,0.0,0.0,0.0
x_cont543,0.0,0.0,0.0,0.0,0.0
x_cont544,0.0,0.0,0.0,0.0,0.0
x_cont545,0.0,0.0,0.0,0.0,0.0
x_cont546,0.0,0.0,0.0,0.0,0.0
x_cont547,0.0,0.0,0.0,0.0,0.0
x_cont548,0.0,0.0,0.0,0.0,0.0
x_cont549,0.0,0.0,0.0,0.0,0.0
x_cont550,0.0,0.0,0.0,0.0,0.0
x_cont551,0.0,0.0,0.0,0.0,0.0
x_cont552,0.0,0.0,0.0,0.0,0.0
x_cont553,0.0,0.0,0.0,0.0,0.0
x_cont554,0.0,0.0,0.0,0.0,0.0
x_cont555,0.0,0.0,0.0,0.0,0.0
x_cont556,0.0,0.0,0.0,0.0,0.0
x_cont557,0.0,0.0,0.0,0.0,0.0
x_cont558,0.0,0.0,0.0,0.0,0.0
x_cont559,0.0,0.0,0.0,0.0,0.0
x_cont560,0.0,0.0,0.0,0.0,0.0
x_cont561,0.0,0.0,0.0,0.0,0.0
x_cont562,0.0,0.0,0.0,0.0,0.0
x_cont563,0.0,0.0,0.0,0.0,0.0
x_cont564,0.0,0.0,0.0,0.0,0.0
x_cont565,0.0,0.0,0.0,0.0,0.0
x_cont566,0.0,0.0,0.0,0.0,0.0
x_cont567,0.0,0.0,0.0,0.0,0.0
x_cont568,0.0,0.0,0.0,0.0,0.0
x_cont569,0.0,0.0,0.0,0.0,0.0
x_cont570,0.0,0.0,0.0,0.0,0.0
x_cont571,0.0,0.0,0.0,0.0,0.0
x_cont572,0.0,0.0,0.0,0.0,0.0
x_cont573,0.0,0.0,0.0,0.0,0.0
x_cont574,0.0,0.0,0.0,0.0,0.0
x_cont575,0.0,0.0,0.0,0.0,0.0
x_cont576,0.0,0.0,0.0,0.0,0.0
x_cont577,0.0,0.0,0.0,0.0,0.0
x_cont578,0.0,0.0,0.0,0.0,0.0
x_cont579,0.0,0.0,0.0,0.0,0.0
x_cont580,0.0,0.0,0.0,0.0,0.0
x_cont581,0.0,0.0,0.0,0.0,0.0
x_cont582,0.0,0.0,0.0,0.0,0.0
x_cont583,0.0,0.0,0.0,0.0,0.0
x_cont584,0.0,0.0,0.0,0.0,0.0
x_cont585,0.0,0.0,0.0,0.0,0.0
x_cont586,0.0,0.0,0.0,0.0,0.0
x_cont587,0.0,0.0,0.0,0.0,0.0
x_cont588,0.0,0.0,0.0,0.0,0.0
x_cont589,0.0,0.0,0.0,0.0,0.0
x_cont590,0.0,0.0,0.0,0.0,0.0
x_cont591,0.0,0.0,0.0,0.0,0.0
x_cont592,0.0,0.0,0.0,0.0,0.0
x_cont593,0.0,0.0,0.0,0.0,0.0
x_cont594,0.0,0.0,0.0,0.0,0.0
x_cont595,0.0,0.0,0.0,0.0,0.0
x_cont596,0.0,0.0,0.0,0.0,0.0
x_cont597,0.0,0.0,0.0,0.0,0.0
x_cont598,0.0,0.0,0.0,0.0,0.0
x_cont599,0.0,0.0,0.0,0.0,0.0
x_cont600,0.0,0.0,0.0,0.0,0.0
x_cont601,0.0,0.0,0.0,0.0,0.0
x_cont602,0.0,0.0,0.0,0.0,0.0
x_cont603,0.0,0.0,0.0,0.0,0.0
x_cont604,0.0,0.0,0.0,0.0,0.0
x_cont605,0.0,0.0,0.0,0.0,0.0
x_cont606,0.0,0.0,0.0,0.0,0.0
x_cont607,0.0,0.0,0.0,0.0,0.0
x_cont608,0.0,0.0,0.0,0.0,0.0
x_cont609,0.0,0.0,0.0,0.0,0.0
x_cont610,0.0,0.0,0.0,0.0,0.0
x_cont611,0.0,0.0,0.0,0.0,0.0
x_cont612,0.0,0.0,0.0,0.0,0.0
x_cont613,0.0,0.0,0.0,0.0,0.0
x_cont614,0.0,0.0,0.0,0.0,0.0
x_cont615,0.0,0.0,0.0,0.0,0.0
x_cont616,0.0,0.0,0.0,0.0,0.0
x_cont617,0.0,0.0,0.0,0.0,0.0
x_cont618,0.0,0.0,0.0,0.0,0.0
x_cont619,0.0,0.0,0.0,0.0,0.0
x_cont620,0.0,0.0,0.0,0.0,0.0
x_cont621,0.0,0.0,0.0,0.0,0.0
x_cont622,0.0,0.0,0.0,0.0,0.0
x_cont623,0.0,0.0,0.0,0.0,0.0
x_cont624,0.0,0.0,0.0,0.0,0.0
x_cont625,0.0,0.0,0.0,0.0,0.0
x_cont626,0.0,0.0,0.0,0.0,0.0
x_cont627,0.0,0.0,0.0,0.0,0.0
x_cont628,0.0,0.0,0.0,0.0,0.0
x_cont629,0.0,0.0,0.0,0.0,0.0
x_cont630,0.0,0.0,0.0,0.0,0.0
x_cont631,0.0,0.0,0.0,0.0,0.0
x_cont632,0.0,0.0,0.0,0.0,0.0
x_cont633,0.0,0.0,0.0,0.0,0.0
x_cont634,0.0,0.0,0.0,0.0,0.0
x_cont635,0.0,0.0,0.0,0.0,0.0
x_cont636,0.0,0.0,0.0,0.0,0.0
x_cont637,0.0,0.0,0.0,0.0,0.0
x_cont638,0.0,0.0,0.0,0.0,0.0
x_cont639,0.0,0.0,0.0,0.0,0.0
x_cont640,0.0,0.0,0.0,0.0,0.0
x_cont641,0.0,0.0,0.0,0.0,0.0
x_cont642,0.0,0.0,0.0,0.0,0.0
x_cont643,0.0,0.0,0.0,0.0,0.0
x_cont644,0.0,0.0,0.0,0.0,0.0
x_cont645,0.0,0.0,0.0,0.0,0.0
x_cont646,0.0,0.0,0.0,0.0,0.0
x_cont647,0.0,0.0,0.0,0.0,0.0
x_cont648,0.0,0.0,0.0,0.0,0.0
x_cont649,0.0,0.0,0.0,0.0,0.0
x_cont650,0.0,0.0,0.0,0.0,0.0
x_cont651,0.0,0.0,0.0,0.0,0.0
x_cont652,0.0,0.0,0.0,0.0,0.0
x_cont653,0.0,0.0,0.0,0.0,0.0
x_cont654,0.0,0.0,0.0,0.0,0.0
x_cont655,0.0,0.0,0.0,0.0,0.0
x_cont656,0.0,0.0,0.0,0.0,0.0
x_cont657,0.0,0.0,0.0,0.0,0.0
x_cont658,0.0,0.0,0.0,0.0,0.0
x_cont659,0.0,0.0,0.0,0.0,0.0
x_cont660,0.0,0.0,0.0,0.0,0.0
x_cont661,0.0,0.0,0.0,0.0,0.0
x_cont662,0.0,0.0,0.0,0.0,0.0
x_cont663,0.0,0.0,0.0,0.0,0.0
x_cont664,0.0,0.0,0.0,0.0,0.0
x_cont665,0.0,0.0,0.0,0.0,0.0
x_cont666,0.0,0.0,0.0,0.0,0.0
x_cont667,0.0,0.0,0.0,0.0,0.0
x_cont668,0.0,0.0,0.0,0.0,0.0
x_cont669,0.0,0.0,0.0,0.0,0.0
x_cont670,0.0,0.0,0.0,0.0,0.0
x_cont671,0.0,0.0,0.0,0.0,0.0
x_cont672,0.0,0.0,0.0,0.0,0.0
x_cont673,0.0,0.0,0.0,0.0,0.0
x_cont674,0.0,0.0,0.0,0.0,0.0
x_cont675,0.0,0.0,0.0,0.0,0.0
x_cont676,0.0,0.0,0.0,0.0,0.0
x_cont677,0.0,0.0,0.0,0.0,0.0
x_cont678,0.0,0.0,0.0,0.0,0.0
x_cont679,0.0,0.0,0.0,0.0,0.0
x_cont680,0.0,0.0,0.0,0.0,0.0
x_cont681,0.0,0.0,0.0,0.0,0.0
x_cont682,0.0,0.0,0.0,0.0,0.0
x_cont683,0.0,0.0,0.0,0.0,0.0
x_cont684,0.0,0.0,0.0,0.0,0.0
x_cont685,0.0,0.0,0.0,0.0,0.0
x_cont686,0.0,0.0,0.0,0.0,0.0
x_cont687,0.0,0.0,0.0,0.0,0.0
x_cont688,0.0,0.0,0.0,0.0,0.0
x_cont689,0.0,0.0,0.0,0.0,0.0
x_cont690,0.0,0.0,0.0,0.0,0.0
x_cont691,0.0,0.0,0.0,0.0,0.0
x_cont692,0.0,0.0,0.0,0.0,0.0
x_cont693,0.0,0.0,0.0,0.0,0.0
x_cont694,0.0,0.0,0.0,0.0,0.0
x_cont695,0.0,0.0,0.0,0.0,0.0
x_cont696,0.0,0.0,0.0,0.0,0.0
x_cont697,0.0,0.0,0.0,0.0,0.0
x_cont698,0.0,0.0,0.0,0.0,0.0
x_cont699,0.0,0.0,0.0,0.0,0.0
x_cont700,0.0,0.0,0.0,0.0,0.0
x_cont701,0.0,0.0,0.0,0.0,0.0
x_cont702,0.0,0.0,0.0,0.0,0.0
x_cont703,0.0,0.0,0.0,0.0,0.0
x_cont704,0.0,0.0,0.0,0.0,0.0
x_cont705,0.0,0.0,0.0,0.0,0.0
x_cont706,0.0,0.0,0.0,0.0,0.0
x_cont707,0.0,0.0,0.0,0.0,0.0
x_cont708,0.0,0.0,0.0,0.0,0.0
x_cont709,0.0,0.0,0.0,0.0,0.0
x_cont710,0.0,0.0,0.0,0.0,0.0
x_cont711,0.0,0.0,0.0,0.0,0.0
x_cont712,0.0,0.0,0.0,0.0,0.0
x_cont713,0.0,0.0,0.0,0.0,0.0
x_cont714,0.0,0.0,0.0,0.0,0.0
x_cont715,0.0,0.0,0.0,0.0,0.0
x_cont716,0.0,0.0,0.0,0.0,0.0
x_cont717,0.0,0.0,0.0,0.0,0.0
x_cont718,0.0,0.0,0.0,0.0,0.0
x_cont719,0.0,0.0,0.0,0.0,0.0
x_cont720,0.0,0.0,0.0,0.0,0.0
x_cont721,0.0,0.0,0.0,0.0,0.0
x_cont722,0.0,0.0,0.0,0.0,0.0
x_cont723,0.0,0.0,0.0,0.0,0.0
x_cont724,0.0,0.0,0.0,0.0,0.0
x_cont725,0.0,0.0,0.0,0.0,0.0
x_cont726,0.0,0.0,0.0,0.0,0.0
x_cont727,0.0,0.0,0.0,0.0,0.0
x_cont728,0.0,0.0,0.0,0.0,0.0
x_cont729,0.0,0.0,0.0,0.0,0.0
x_cont730,0.0,0.0,0.0,0.0,0.0
x_cont731,0.0,0.0,0.0,0.0,0.0
x_cont732,0.0,0.0,0.0,0.0,0.0
x_cont733,0.0,0.0,0.0,0.0,0.0
x_cont734,0.0,0.0,0.0,0.0,0.0
x_cont735,0.0,0.0,0.0,0.0,0.0
x_cont736,0.0,0.0,0.0,0.0,0.0
x_cont737,0.0,0.0,0.0,0.0,0.0
x_cont738,0.0,0.0,0.0,0.0,0.0
x_cont739,0.0,0.0,0.0,0.0,0.0
x_cont740,0.0,0.0,0.0,0.0,0.0
x_cont741,0.0,0.0,0.0,0.0,0.0
x_cont742,0.0,0.0,0.0,0.0,0.0
x_cont743,0.0,0.0,0.0,0.0,0.0
x_cont744,0.0,0.0,0.0,0.0,0.0
x_cont745,0.0,0.0,0.0,0.0,0.0
x_cont746,0.0,0.0,0.0,0.0,0.0
x_cont747,0.0,0.0,0.0,0.0,0.0
x_cont748,0.0,0.0,0.0,0.0,0.0
x_cont749,0.0,0.0,0.0,0.0,0.0
x_cont750,0.0,0.0,0.0,0.0,0.0
x_cont751,0.0,0.0,0.0,0.0,0.0
x_cont752,0.0,0.0,0.0,0.0,0.0
x_cont753,0.0,0.0,0.0,0.0,0.0
x_cont754,0.0,0.0,0.0,0.0,0.0
x_cont755,0.0,0.0,0.0,0.0,0.0
x_cont756,0.0,0.0,0.0,0.0,0.0
x_cont757,0.0,0.0,0.0,0.0,0.0
x_cont758,0.0,0.0,0.0,0.0,0.0
x_cont759,0.0,0.0,0.0,0.0,0.0
x_cont760,0.0,0.0,0.0,0.0,0.0
x_cont761,0.0,0.0,0.0,0.0,0.0
x_cont762,0.0,0.0,0.0,0.0,0.0
x_cont763,0.0,0.0,0.0,0.0,0.0
x_cont764,0.0,0.0,0.0,0.0,0.0
x_cont765,0.0,0.0,0.0,0.0,0.0
x_cont766,0.0,0.0,0.0,0.0,0.0
x_cont767,0.0,0.0,0.0,0.0,0.0
x_cont768,0.0,0.0,0.0,0.0,0.0
x_cont769,0.0,0.0,0.0,0.0,0.0
x_cont770,0.0,0.0,0.0,0.0,0.0
x_cont771,0.0,0.0,0.0,0.0,0.0
x_cont772,0.0,0.0,0.0,0.0,0.0
x_cont773,0.0,0.0,0.0,0.0,0.0
x_cont774,0.0,0.0,0.0,0.0,0.0
x_cont775,0.0,0.0,0.0,0.0,0.0
x_cont776,0.0,0.0,0.0,0.0,0.0
x_cont777,0.0,0.0,0.0,0.0,0.0
x_cont778,0.0,0.0,0.0,0.0,0.0
x_cont779,0.0,0.0,0.0,0.0,0.0
x_cont780,0.0,0.0,0.0,0.0,0.0
x_cont781,0.0,0.0,0.0,0.0,0.0
x_cont782,0.0,0.0,0.0,0.0,0.0
x_cont783,0.0,0.0,0.0,0.0,0.0
x_cont784,0.0,0.0,0.0,0.0,0.0
x_cont785,0.0,0.0,0.0,0.0,0.0
x_cont786,0.0,0.0,0.0,0.0,0.0
x_cont787,0.0,0.0,0.0,0.0,0.0
x_cont788,0.0,0.0,0.0,0.0,0.0
x_cont789,0.0,0.0,0.0,0.0,0.0
x_cont790,0.0,0.0,0.0,0.0,0.0
x_cont791,0.0,0.0,0.0,0.0,0.0
x_cont792,0.0,0.0,0.0,0.0,0.0
x_cont793,0.0,0.0,0.0,0.0,0.0
x_cont794,0.0,0.0,0.0,0.0,0.0
x_cont795,0.0,0.0,0.0,0.0,0.0
x_cont796,0.0,0.0,0.0,0.0,0.0
x_cont797,0.0,0.0,0.0,0.0,0.0
x_cont798,0.0,0.0,0.0,0.0,0.0
x_cont799,0.0,0.0,0.0,0.0,0.0
x_cont800,0.0,0.0,0.0,0.0,0.0
x_cont801,0.0,0.0,0.0,0.0,0.0
x_cont802,0.0,0.0,0.0,0.0,0.0
x_cont803,0.0,0.0,0.0,0.0,0.0
x_cont804,0.0,0.0,0.0,0.0,0.0
x_cont805,0.0,0.0,0.0,0.0,0.0
x_cont806,0.0,0.0,0.0,0.0,0.0
x_cont807,0.0,0.0,0.0,0.0,0.0
x_cont808,0.0,0.0,0.0,0.0,0.0
x_cont809,0.0,0.0,0.0,0.0,0.0
x_cont810,0.0,0.0,0.0,0.0,0.0
x_cont811,0.0,0.0,0.0,0.0,0.0
x_cont812,0.0,0.0,0.0,0.0,0.0
x_cont813,0.0,0.0,0.0,0.0,0.0
x_cont814,0.0,0.0,0.0,0.0,0.0
x_cont815,0.0,0.0,0.0,0.0,0.0
x_cont816,0.0,0.0,0.0,0.0,0.0
x_cont817,0.0,0.0,0.0,0.0,0.0
x_cont818,0.0,0.0,0.0,0.0,0.0
x_cont819,0.0,0.0,0.0,0.0,0.0
x_cont820,0.0,0.0,0.0,0.0,0.0
x_cont821,0.0,0.0,0.0,0.0,0.0
x_cont822,0.0,0.0,0.0,0.0,0.0
x_cont823,0.0,0.0,0.0,0.0,0.0
x_cont824,0.0,0.0,0.0,0.0,0.0
x_cont825,0.0,0.0,0.0,0.0,0.0
x_cont826,0.0,0.0,0.0,0.0,0.0
x_cont827,0.0,0.0,0.0,0.0,0.0
x_cont828,0.0,0.0,0.0,0.0,0.0
x_cont829,0.0,0.0,0.0,0.0,0.0
x_cont830,0.0,0.0,0.0,0.0,0.0
x_cont831,0.0,0.0,0.0,0.0,0.0
x_cont832,0.0,0.0,0.0,0.0,0.0
x_cont833,0.0,0.0,0.0,0.0,0.0
x_cont834,0.0,0.0,0.0,0.0,0.0
x_cont835,0.0,0.0,0.0,0.0,0.0
x_cont836,0.0,0.0,0.0,0.0,0.0
x_cont837,0.0,0.0,0.0,0.0,0.0
x_cont838,0.0,0.0,0.0,0.0,0.0
x_cont839,0.0,0.0,0.0,0.0,0.0
x_cont840,0.0,0.0,0.0,0.0,0.0
x_cont841,0.0,0.0,0.0,0.0,0.0
x_cont842,0.0,0.0,0.0,0.0,0.0
x_cont843,0.0,0.0,0.0,0.0,0.0
x_cont844,0.0,0.0,0.0,0.0,0.0
x_cont845,0.0,0.0,0.0,0.0,0.0
x_cont846,0.0,0.0,0.0,0.0,0.0
x_cont847,0.0,0.0,0.0,0.0,0.0
x_cont848,0.0,0.0,0.0,0.0,0.0
x_cont849,0.0,0.0,0.0,0.0,0.0
x_cont850,0.0,0.0,0.0,0.0,0.0
x_cont851,0.0,0.0,0.0,0.0,0.0
x_cont852,0.0,0.0,0.0,0.0,0.0
x_cont853,0.0,0.0,0.0,0.0,0.0
x_cont854,0.0,0.0,0.0,0.0,0.0
x_cont855,0.0,0.0,0.0,0.0,0.0
x_cont856,0.0,0.0,0.0,0.0,0.0
x_cont857,0.0,0.0,0.0,0.0,0.0
x_cont858,0.0,0.0,0.0,0.0,0.0
x_cont859,0.0,0.0,0.0,0.0,0.0
x_cont860,0.0,0.0,0.0,0.0,0.0
x_cont861,0.0,0.0,0.0,0.0,0.0
x_cont862,0.0,0.0,0.0,0.0,0.0
x_cont863,0.0,0.0,0.0,0.0,0.0
x_cont864,0.0,0.0,0.0,0.0,0.0
x_cont865,0.0,0.0,0.0,0.0,0.0
x_cont866,0.0,0.0,0.0,0.0,0.0
x_cont867,0.0,0.0,0.0,0.0,0.0
x_cont868,0.0,0.0,0.0,0.0,0.0
x_cont869,0.0,0.0,0.0,0.0,0.0
x_cont870,0.0,0.0,0.0,0.0,0.0
x_cont871,0.0,0.0,0.0,0.0,0.0
x_cont872,0.0,0.0,0.0,0.0,0.0
x_cont873,0.0,0.0,0.0,0.0,0.0
x_cont874,0.0,0.0,0.0,0.0,0.0
x_cont875,0.0,0.0,0.0,0.0,0.0
x_cont876,0.0,0.0,0.0,0.0,0.0
x_cont877,0.0,0.0,0.0,0.0,0.0
x_cont878,0.0,0.0,0.0,0.0,0.0
x_cont879,0.0,0.0,0.0,0.0,0.0
x_cont880,0.0,0.0,0.0,0.0,0.0
x_cont881,0.0,0.0,0.0,0.0,0.0
x_cont882,0.0,0.0,0.0,0.0,0.0
x_cont883,0.0,0.0,0.0,0.0,0.0
x_cont884,0.0,0.0,0.0,0.0,0.0
x_cont885,0.0,0.0,0.0,0.0,0.0
x_cont886,0.0,0.0,0.0,0.0,0.0
x_cont887,0.0,0.0,0.0,0.0,0.0
x_cont888,0.0,0.0,0.0,0.0,0.0
x_cont889,0.0,0.0,0.0,0.0,0.0
x_cont890,0.0,0.0,0.0,0.0,0.0
x_cont891,0.0,0.0,0.0,0.0,0.0
x_cont892,0.0,0.0,0.0,0.0,0.0
x_cont893,0.0,0.0,0.0,0.0,0.0
x_cont894,0.0,0.0,0.0,0.0,0.0
x_cont895,0.0,0.0,0.0,0.0,0.0
x_cont896,0.0,0.0,0.0,0.0,0.0
x_cont897,0.0,0.0,0.0,0.0,0.0
x_cont898,0.0,0.0,0.0,0.0,0.0
x_cont899,0.0,0.0,0.0,0.0,0.0
x_cont900,0.0,0.0,0.0,0.0,0.0
x_cont901,0.0,0.0,0.0,0.0,0.0
x_cont902,0.0,0.0,0.0,0.0,0.0
x_cont903,0.0,0.0,0.0,0.0,0.0
x_cont904,0.0,0.0,0.0,0.0,0.0
x_cont905,0.0,0.0,0.0,0.0,0.0
x_cont906,0.0,0.0,0.0,0.0,0.0
x_cont907,0.0,0.0,0.0,0.0,0.0
x_cont908,0.0,0.0,0.0,0.0,0.0
x_cont909,0.0,0.0,0.0,0.0,0.0
x_cont910,0.0,0.0,0.0,0.0,0.0
x_cont911,0.0,0.0,0.0,0.0,0.0
x_cont912,0.0,0.0,0.0,0.0,0.0
x_cont913,0.0,0.0,0.0,0.0,0.0
x_cont914,0.0,0.0,0.0,0.0,0.0
x_cont915,0.0,0.0,0.0,0.0,0.0
x_cont916,0.0,0.0,0.0,0.0,0.0
x_cont917,0.0,0.0,0.0,0.0,0.0
x_cont918,0.0,0.0,0.0,0.0,0.0
x_cont919,0.0,0.0,0.0,0.0,0.0
x_cont920,0.0,0.0,0.0,0.0,0.0
x_cont921,0.0,0.0,0.0,0.0,0.0
x_cont922,0.0,0.0,0.0,0.0,0.0
x_cont923,0.0,0.0,0.0,0.0,0.0
x_cont924,0.0,0.0,0.0,0.0,0.0
x_cont925,0.0,0.0,0.0,0.0,0.0
x_cont926,0.0,0.0,0.0,0.0,0.0
x_cont927,0.0,0.0,0.0,0.0,0.0
x_cont928,0.0,0.0,0.0,0.0,0.0
x_cont929,0.0,0.0,0.0,0.0,0.0
x_cont930,0.0,0.0,0.0,0.0,0.0
x_cont931,0.0,0.0,0.0,0.0,0.0
x_cont932,0.0,0.0,0.0,0.0,0.0
x_cont933,0.0,0.0,0.0,0.0,0.0
x_cont934,0.0,0.0,0.0,0.0,0.0
x_cont935,0.0,0.0,0.0,0.0,0.0
x_cont936,0.0,0.0,0.0,0.0,0.0
x_cont937,0.0,0.0,0.0,0.0,0.0
x_cont938,0.0,0.0,0.0,0.0,0.0
x_cont939,0.0,0.0,0.0,0.0,0.0
x_cont940,0.0,0.0,0.0,0.0,0.0
x_cont941,0.0,0.0,0.0,0.0,0.0
x_cont942,0.0,0.0,0.0,0.0,0.0
x_cont943,0.0,0.0,0.0,0.0,0.0
x_cont944,0.0,0.0,0.0,0.0,0.0
x_cont945,0.0,0.0,0.0,0.0,0.0
x_cont946,0.0,0.0,0.0,0.0,0.0
x_cont947,0.0,0.0,0.0,0.0,0.0
x_cont948,0.0,0.0,0.0,0.0,0.0
x_cont949,0.0,0.0,0.0,0.0,0.0
x_cont950,0.0,0.0,0.0,0.0,0.0
x_cont951,0.0,0.0,0.0,0.0,0.0
x_cont952,0.0,0.0,0.0,0.0,0.0
x_cont953,0.0,0.0,0.0,0.0,0.0
x_cont954,0.0,0.0,0.0,0.0,0.0
x_cont955,0.0,0.0,0.0,0.0,0.0
x_cont956,0.0,0.0,0.0,0.0,0.0
x_cont957,0.0,0.0,0.0,0.0,0.0
x_cont958,0.0,0.0,0.0,0.0,0.0
x_cont959,0.0,0.0,0.0,0.0,0.0
x_cont960,0.0,0.0,0.0,0.0,0.0
x_cont961,0.0,0.0,0.0,0.0,0.0
x_cont962,0.0,0.0,0.0,0.0,0.0
x_cont963,0.0,0.0,0.0,0.0,0.0
x_cont964,0.0,0.0,0.0,0.0,0.0
x_cont965,0.0,0.0,0.0,0.0,0.0
x_cont966,0.0,0.0,0.0,0.0,0.0
x_cont967,0.0,0.0,0.0,0.0,0.0
x_cont968,0.0,0.0,0.0,0.0,0.0
x_cont969,0.0,0.0,0.0,0.0,0.0
x_cont970,0.0,0.0,0.0,0.0,0.0
x_cont971,0.0,0.0,0.0,0.0,0.0
x_cont972,0.0,0.0,0.0,0.0,0.0
x_cont973,0.0,0.0,0.0,0.0,0.0
x_cont974,0.0,0.0,0.0,0.0,0.0
x_cont975,0.0,0.0,0.0,0.0,0.0
x_cont976,0.0,0.0,0.0,0.0,0.0
x_cont977,0.0,0.0,0.0,0.0,0.0
x_cont978,0.0,0.0,0.0,0.0,0.0
x_cont979,0.0,0.0,0.0,0.0,0.0
x_cont980,0.0,0.0,0.0,0.0,0.0
x_cont981,0.0,0.0,0.0,0.0,0.0
x_cont982,0.0,0.0,0.0,0.0,0.0
x_cont983,0.0,0.0,0.0,0.0,0.0
x_cont984,0.0,0.0,0.0,0.0,0.0
x_cont985,0.0,0.0,0.0,0.0,0.0
x_cont986,0.0,0.0,0.0,0.0,0.0
x_cont987,0.0,0.0,0.0,0.0,0.0
x_cont988,0.0,0.0,0.0,0.0,0.0
x_cont989,0.0,0.0,0.0,0.0,0.0
x_cont990,0.0,0.0,0.0,0.0,0.0
x_cont991,0.0,0.0,0.0,0.0,0.0
x_cont992,0.0,0.0,0.0,0.0,0.0
x_cont993,0.0,0.0,0.0,0.0,0.0
x_cont994,0.0,0.0,0.0,0.0,0.0
x_cont995,0.0,0.0,0.0,0.0,0.0
x_cont996,0.0,0.0,0.0,0.0,0.0
x_cont997,0.0,0.0,0.0,0.0,0.0
x_cont998,0.0,0.0,0.0,0.0,0.0
x_cont999,0.0,0.0,0.0,0.0,0.0
x_cont1000,0.0,0.0,0.0,0.0,0.0
x_cont1001,0.0,0.0,0.0,0.0,0.0
x_cont1002,0.0,0.0,0.0,0.0,0.0
x_cont1003,0.0,0.0,0.0,0.0,0.0
x_cont1004,0.0,0.0,0.0,0.0,0.0
x_cont1005,0.0,0.0,0.0,0.0,0.0
x_cont1006,0.0,0.0,0.0,0.0,0.0
x_cont1007,0.0,0.0,0.0,0.0,0.0
x_cont1008,0.0,0.0,0.0,0.0,0.0
x_cont1009,0.0,0.0,0.0,0.0,0.0
x_cont1010,0.0,0.0,0.0,0.0,0.0
x_cont1011,0.0,0.0,0.0,0.0,0.0
x_cont1012,0.0,0.0,0.0,0.0,0.0
x_cont1013,0.0,0.0,0.0,0.0,0.0
x_cont1014,0.0,0.0,0.0,0.0,0.0
x_cont1015,0.0,0.0,0.0,0.0,0.0
x_cont1016,0.0,0.0,0.0,0.0,0.0
x_cont1017,0.0,0.0,0.0,0.0,0.0
x_cont1018,0.0,0.0,0.0,0.0,0.0
x_cont1019,0.0,0.0,0.0,0.0,0.0
x_cont1020,0.0,0.0,0.0,0.0,0.0
x_cont1021,0.0,0.0,0.0,0.0,0.0
x_cont1022,0.0,0.0,0.0,0.0,0.0
x_cont1023,0.0,0.0,0.0,0.0,0.0
x_cont1024,0.0,0.0,0.0,0.0,0.0
x_cont1025,0.0,0.0,0.0,0.0,0.0
x_cont1026,0.0,0.0,0.0,0.0,0.0
x_cont1027,0.0,0.0,0.0,0.0,0.0
x_cont1028,0.0,0.0,0.0,0.0,0.0
x_cont1029,0.0,0.0,0.0,0.0,0.0
x_cont1030,0.0,0.0,0.0,0.0,0.0
x_cont1031,0.0,0.0,0.0,0.0,0.0
x_cont1032,0.0,0.0,0.0,0.0,0.0
x_cont1033,0.0,0.0,0.0,0.0,0.0
x_cont1034,0.0,0.0,0.0,0.0,0.0
x_cont1035,0.0,0.0,0.0,0.0,0.0
x_cont1036,0.0,0.0,0.0,0.0,0.0
x_cont1037,0.0,0.0,0.0,0.0,0.0
x_cont1038,0.0,0.0,0.0,0.0,0.0
x_cont1039,0.0,0.0,0.0,0.0,0.0
x_cont1040,0.0,0.0,0.0,0.0,0.0
x_cont1041,0.0,0.0,0.0,0.0,0.0
x_cont1042,0.0,0.0,0.0,0.0,0.0
x_cont1043,0.0,0.0,0.0,0.0,0.0
x_cont1044,0.0,0.0,0.0,0.0,0.0
x_cont1045,0.0,0.0,0.0,0.0,0.0
x_cont1046,0.0,0.0,0.0,0.0,0.0
x_cont1047,0.0,0.0,0.0,0.0,0.0
x_cont1048,0.0,0.0,0.0,0.0,0.0
x_cont1049,0.0,0.0,0.0,0.0,0.0
x_cont1050,0.0,0.0,0.0,0.0,0.0
x_cont1051,0.0,0.0,0.0,0.0,0.0
x_cont1052,0.0,0.0,0.0,0.0,0.0
x_cont1053,0.0,0.0,0.0,0.0,0.0
x_cont1054,0.0,0.0,0.0,0.0,0.0
x_cont1055,0.0,0.0,0.0,0.0,0.0
x_cont1056,0.0,0.0,0.0,0.0,0.0
x_cont1057,0.0,0.0,0.0,0.0,0.0
x_cont1058,0.0,0.0,0.0,0.0,0.0
x_cont1059,0.0,0.0,0.0,0.0,0.0
x_cont1060,0.0,0.0,0.0,0.0,0.0
x_cont1061,0.0,0.0,0.0,0.0,0.0
x_cont1062,0.0,0.0,0.0,0.0,0.0
x_cont1063,0.0,0.0,0.0,0.0,0.0
x_cont1064,0.0,0.0,0.0,0.0,0.0
x_cont1065,0.0,0.0,0.0,0.0,0.0
x_cont1066,0.0,0.0,0.0,0.0,0.0
x_cont1067,0.0,0.0,0.0,0.0,0.0
x_cont1068,0.0,0.0,0.0,0.0,0.0
x_cont1069,0.0,0.0,0.0,0.0,0.0
x_cont1070,0.0,0.0,0.0,0.0,0.0
x_cont1071,0.0,0.0,0.0,0.0,0.0
x_cont1072,0.0,0.0,0.0,0.0,0.0
x_cont1073,0.0,0.0,0.0,0.0,0.0
x_cont1074,0.0,0.0,0.0,0.0,0.0
x_cont1075,0.0,0.0,0.0,0.0,0.0
x_cont1076,0.0,0.0,0.0,0.0,0.0
x_cont1077,0.0,0.0,0.0,0.0,0.0
x_cont1078,0.0,0.0,0.0,0.0,0.0
x_cont1079,0.0,0.0,0.0,0.0,0.0
x_cont1080,0.0,0.0,0.0,0.0,0.0
x_cont1081,0.0,0.0,0.0,0.0,0.0
x_cont1082,0.0,0.0,0.0,0.0,0.0
x_cont1083,0.0,0.0,0.0,0.0,0.0
x_cont1084,0.0,0.0,0.0,0.0,0.0
x_cont1085,0.0,0.0,0.0,0.0,0.0
x_cont1086,0.0,0.0,0.0,0.0,0.0
x_cont1087,0.0,0.0,0.0,0.0,0.0
x_cont1088,0.0,0.0,0.0,0.0,0.0
x_cont1089,0.0,0.0,0.0,0.0,0.0
x_cont1090,0.0,0.0,0.0,0.0,0.0
x_cont1091,0.0,0.0,0.0,0.0,0.0
x_cont1092,0.0,0.0,0.0,0.0,0.0
x_cont1093,0.0,0.0,0.0,0.0,0.0
x_cont1094,0.0,0.0,0.0,0.0,0.0
x_cont1095,0.0,0.0,0.0,0.0,0.0
x_cont1096,0.0,0.0,0.0,0.0,0.0
x_cont1097,0.0,0.0,0.0,0.0,0.0
x_cont1098,0.0,0.0,0.0,0.0,0.0
x_cont1099,0.0,0.0,0.0,0.0,0.0
x_cont1100,0.0,0.0,0.0,0.0,0.0
x_cont1101,0.0,0.0,0.0,0.0,0.0
x_cont1102,0.0,0.0,0.0,0.0,0.0
x_cont1103,0.0,0.0,0.0,0.0,0.0
x_cont1104,0.0,0.0,0.0,0.0,0.0
x_cont1105,0.0,0.0,0.0,0.0,0.0
x_cont1106,0.0,0.0,0.0,0.0,0.0
x_cont1107,0.0,0.0,0.0,0.0,0.0
x_cont1108,0.0,0.0,0.0,0.0,0.0
x_cont1109,0.0,0.0,0.0,0.0,0.0
x_cont1110,0.0,0.0,0.0,0.0,0.0
x_cont1111,0.0,0.0,0.0,0.0,0.0
x_cont1112,0.0,0.0,0.0,0.0,0.0
x_cont1113,0.0,0.0,0.0,0.0,0.0
x_cont1114,0.0,0.0,0.0,0.0,0.0
x_cont1115,0.0,0.0,0.0,0.0,0.0
x_cont1116,0.0,0.0,0.0,0.0,0.0
x_cont1117,0.0,0.0,0.0,0.0,0.0
x_cont1118,0.0,0.0,0.0,0.0,0.0
x_cont1119,0.0,0.0,0.0,0.0,0.0
x_cont1120,0.0,0.0,0.0,0.0,0.0
x_cont1121,0.0,0.0,0.0,0.0,0.0
x_cont1122,0.0,0.0,0.0,0.0,0.0
x_cont1123,0.0,0.0,0.0,0.0,0.0
x_cont1124,0.0,0.0,0.0,0.0,0.0
x_cont1125,0.0,0.0,0.0,0.0,0.0
x_cont1126,0.0,0.0,0.0,0.0,0.0
x_cont1127,0.0,0.0,0.0,0.0,0.0
x_cont1128,0.0,0.0,0.0,0.0,0.0
x_cont1129,0.0,0.0,0.0,0.0,0.0
x_cont1130,0.0,0.0,0.0,0.0,0.0
x_cont1131,0.0,0.0,0.0,0.0,0.0
x_cont1132,0.0,0.0,0.0,0.0,0.0
x_cont1133,0.0,0.0,0.0,0.0,0.0
x_cont1134,0.0,0.0,0.0,0.0,0.0
x_cont1135,0.0,0.0,0.0,0.0,0.0
x_cont1136,0.0,0.0,0.0,0.0,0.0
x_cont1137,0.0,0.0,0.0,0.0,0.0
x_cont1138,0.0,0.0,0.0,0.0,0.0
x_cont1139,0.0,0.0,0.0,0.0,0.0
x_cont1140,0.0,0.0,0.0,0.0,0.0
x_cont1141,0.0,0.0,0.0,0.0,0.0
x_cont1142,0.0,0.0,0.0,0.0,0.0
x_cont1143,0.0,0.0,0.0,0.0,0.0
x_cont1144,0.0,0.0,0.0,0.0,0.0
x_cont1145,0.0,0.0,0.0,0.0,0.0
x_cont1146,0.0,0.0,0.0,0.0,0.0
x_cont1147,0.0,0.0,0.0,0.0,0.0
x_cont1148,0.0,0.0,0.0,0.0,0.0
x_cont1149,0.0,0.0,0.0,0.0,0.0
x_cont1150,0.0,0.0,0.0,0.0,0.0
x_cont1151,0.0,0.0,0.0,0.0,0.0
x_cont1152,0.0,0.0,0.0,0.0,0.0
x_cont1153,0.0,0.0,0.0,0.0,0.0
x_cont1154,0.0,0.0,0.0,0.0,0.0
x_cont1155,0.0,0.0,0.0,0.0,0.0
x_cont1156,0.0,0.0,0.0,0.0,0.0
x_cont1157,0.0,0.0,0.0,0.0,0.0
x_cont1158,0.0,0.0,0.0,0.0,0.0
x_cont1159,0.0,0.0,0.0,0.0,0.0
x_cont1160,0.0,0.0,0.0,0.0,0.0
x_cont1161,0.0,0.0,0.0,0.0,0.0
x_cont1162,0.0,0.0,0.0,0.0,0.0
x_cont1163,0.0,0.0,0.0,0.0,0.0
x_cont1164,0.0,0.0,0.0,0.0,0.0
x_cont1165,0.0,0.0,0.0,0.0,0.0
x_cont1166,0.0,0.0,0.0,0.0,0.0
x_cont1167,0.0,0.0,0.0,0.0,0.0
x_cont1168,0.0,0.0,0.0,0.0,0.0
x_cont1169,0.0,0.0,0.0,0.0,0.0
x_cont1170,0.0,0.0,0.0,0.0,0.0
x_cont1171,0.0,0.0,0.0,0.0,0.0
x_cont1172,0.0,0.0,0.0,0.0,0.0
x_cont1173,0.0,0.0,0.0,0.0,0.0
x_cont1174,0.0,0.0,0.0,0.0,0.0
x_cont1175,0.0,0.0,0.0,0.0,0.0
x_cont1176,0.0,0.0,0.0,0.0,0.0
x_cont1177,0.0,0.0,0.0,0.0,0.0
x_cont1178,0.0,0.0,0.0,0.0,0.0
x_cont1179,0.0,0.0,0.0,0.0,0.0
x_cont1180,0.0,0.0,0.0,0.0,0.0
x_cont1181,0.0,0.0,0.0,0.0,0.0
x_cont1182,0.0,0.0,0.0,0.0,0.0
x_cont1183,0.0,0.0,0.0,0.0,0.0
x_cont1184,0.0,0.0,0.0,0.0,0.0
x_cont1185,0.0,0.0,0.0,0.0,0.0
x_cont1186,0.0,0.0,0.0,0.0,0.0
x_cont1187,0.0,0.0,0.0,0.0,0.0
x_cont1188,0.0,0.0,0.0,0.0,0.0
x_cont1189,0.0,0.0,0.0,0.0,0.0
x_cont1190,0.0,0.0,0.0,0.0,0.0
x_cont1191,0.0,0.0,0.0,0.0,0.0
x_cont1192,0.0,0.0,0.0,0.0,0.0
x_cont1193,0.0,0.0,0.0,0.0,0.0
x_cont1194,0.0,0.0,0.0,0.0,0.0
x_cont1195,0.0,0.0,0.0,0.0,0.0
x_cont1196,0.0,0.0,0.0,0.0,0.0
x_cont1197,0.0,0.0,0.0,0.0,0.0
x_cont1198,0.0,0.0,0.0,0.0,0.0
x_cont1199,0.0,0.0,0.0,0.0,0.0
x_cont1200,0.0,0.0,0.0,0.0,0.0
x_cont1201,0.0,0.0,0.0,0.0,0.0
x_cont1202,0.0,0.0,0.0,0.0,0.0
x_cont1203,0.0,0.0,0.0,0.0,0.0
x_cont1204,0.0,0.0,0.0,0.0,0.0
x_cont1205,0.0,0.0,0.0,0.0,0.0
x_cont1206,0.0,0.0,0.0,0.0,0.0
x_cont1207,0.0,0.0,0.0,0.0,0.0
x_cont1208,0.0,0.0,0.0,0.0,0.0
x_cont1209,0.0,0.0,0.0,0.0,0.0
x_cont1210,0.0,0.0,0.0,0.0,0.0
x_cont1211,0.0,0.0,0.0,0.0,0.0
x_cont1212,0.0,0.0,0.0,0.0,0.0
x_cont1213,0.0,0.0,0.0,0.0,0.0
x_cont1214,0.0,0.0,0.0,0.0,0.0
x_cont1215,0.0,0.0,0.0,0.0,0.0
x_cont1216,0.0,0.0,0.0,0.0,0.0
x_cont1217,0.0,0.0,0.0,0.0,0.0
x_cont1218,0.0,0.0,0.0,0.0,0.0
x_cont1219,0.0,0.0,0.0,0.0,0.0
x_cont1220,0.0,0.0,0.0,0.0,0.0
x_cont1221,0.0,0.0,0.0,0.0,0.0
x_cont1222,0.0,0.0,0.0,0.0,0.0
x_cont1223,0.0,0.0,0.0,0.0,0.0
x_cont1224,0.0,0.0,0.0,0.0,0.0
x_cont1225,0.0,0.0,0.0,0.0,0.0
x_cont1226,0.0,0.0,0.0,0.0,0.0
x_cont1227,0.0,0.0,0.0,0.0,0.0
x_cont1228,0.0,0.0,0.0,0.0,0.0
x_cont1229,0.0,0.0,0.0,0.0,0.0
x_cont1230,0.0,0.0,0.0,0.0,0.0
x_cont1231,0.0,0.0,0.0,0.0,0.0
x_cont1232,0.0,0.0,0.0,0.0,0.0
x_cont1233,0.0,0.0,0.0,0.0,0.0
x_cont1234,0.0,0.0,0.0,0.0,0.0
x_cont1235,0.0,0.0,0.0,0.0,0.0
x_cont1236,0.0,0.0,0.0,0.0,0.0
x_cont1237,0.0,0.0,0.0,0.0,0.0
x_cont1238,0.0,0.0,0.0,0.0,0.0
x_cont1239,0.0,0.0,0.0,0.0,0.0
x_cont1240,0.0,0.0,0.0,0.0,0.0
x_cont1241,0.0,0.0,0.0,0.0,0.0
x_cont1242,0.0,0.0,0.0,0.0,0.0
x_cont1243,0.0,0.0,0.0,0.0,0.0
x_cont1244,0.0,0.0,0.0,0.0,0.0
x_cont1245,0.0,0.0,0.0,0.0,0.0
x_cont1246,0.0,0.0,0.0,0.0,0.0
x_cont1247,0.0,0.0,0.0,0.0,0.0
x_cont1248,0.0,0.0,0.0,0.0,0.0
x_cont1249,0.0,0.0,0.0,0.0,0.0
x_cont1250,0.0,0.0,0.0,0.0,0.0
x_cont1251,0.0,0.0,0.0,0.0,0.0
x_cont1252,0.0,0.0,0.0,0.0,0.0
x_cont1253,0.0,0.0,0.0,0.0,0.0
x_cont1254,0.0,0.0,0.0,0.0,0.0
x_cont1255,0.0,0.0,0.0,0.0,0.0
x_cont1256,0.0,0.0,0.0,0.0,0.0
x_cont1257,0.0,0.0,0.0,0.0,0.0
x_cont1258,0.0,0.0,0.0,0.0,0.0
x_cont1259,0.0,0.0,0.0,0.0,0.0
x_cont1260,0.0,0.0,0.0,0.0,0.0
x_cont1261,0.0,0.0,0.0,0.0,0.0
x_cont1262,0.0,0.0,0.0,0.0,0.0
x_cont1263,0.0,0.0,0.0,0.0,0.0
x_cont1264,0.0,0.0,0.0,0.0,0.0
x_cont1265,0.0,0.0,0.0,0.0,0.0
x_cont1266,0.0,0.0,0.0,0.0,0.0
x_cont1267,0.0,0.0,0.0,0.0,0.0
x_cont1268,0.0,0.0,0.0,0.0,0.0
x_cont1269,0.0,0.0,0.0,0.0,0.0
x_cont1270,0.0,0.0,0.0,0.0,0.0
x_cont1271,0.0,0.0,0.0,0.0,0.0
x_cont1272,0.0,0.0,0.0,0.0,0.0
x_cont1273,0.0,0.0,0.0,0.0,0.0
x_cont1274,0.0,0.0,0.0,0.0,0.0
x_cont1275,0.0,0.0,0.0,0.0,0.0
x_cont1276,0.0,0.0,0.0,0.0,0.0
x_cont1277,0.0,0.0,0.0,0.0,0.0
x_cont1278,0.0,0.0,0.0,0.0,0.0
x_cont1279,0.0,0.0,0.0,0.0,0.0
x_cont1280,0.0,0.0,0.0,0.0,0.0
x_cont1281,0.0,0.0,0.0,0.0,0.0
x_cont1282,0.0,0.0,0.0,0.0,0.0
x_cont1283,0.0,0.0,0.0,0.0,0.0
x_cont1284,0.0,0.0,0.0,0.0,0.0
x_cont1285,0.0,0.0,0.0,0.0,0.0
x_cont1286,0.0,0.0,0.0,0.0,0.0
x_cont1287,0.0,0.0,0.0,0.0,0.0
x_cont1288,0.0,0.0,0.0,0.0,0.0
x_cont1289,0.0,0.0,0.0,0.0,0.0
x_cont1290,0.0,0.0,0.0,0.0,0.0
x_cont1291,0.0,0.0,0.0,0.0,0.0
x_cont1292,0.0,0.0,0.0,0.0,0.0
x_cont1293,0.0,0.0,0.0,0.0,0.0
x_cont1294,0.0,0.0,0.0,0.0,0.0
x_cont1295,0.0,0.0,0.0,0.0,0.0
x_cont1296,0.0,0.0,0.0,0.0,0.0
x_cont1297,0.0,0.0,0.0,0.0,0.0
x_cont1298,0.0,0.0,0.0,0.0,0.0
x_cont1299,0.0,0.0,0.0,0.0,0.0
x_cont1300,0.0,0.0,0.0,0.0,0.0
x_cont1301,0.0,0.0,0.0,0.0,0.0
x_cont1302,0.0,0.0,0.0,0.0,0.0
x_cont1303,0.0,0.0,0.0,0.0,0.0
x_cont1304,0.0,0.0,0.0,0.0,0.0
x_cont1305,0.0,0.0,0.0,0.0,0.0
x_cont1306,0.0,0.0,0.0,0.0,0.0
x_cont1307,0.0,0.0,0.0,0.0,0.0
x_cont1308,0.0,0.0,0.0,0.0,0.0
x_cont1309,0.0,0.0,0.0,0.0,0.0
x_cont1310,0.0,0.0,0.0,0.0,0.0
x_cont1311,0.0,0.0,0.0,0.0,0.0
x_cont1312,0.0,0.0,0.0,0.0,0.0
x_cont1313,0.0,0.0,0.0,0.0,0.0
x_cont1314,0.0,0.0,0.0,0.0,0.0
x_cont1315,0.0,0.0,0.0,0.0,0.0
x_cont1316,0.0,0.0,0.0,0.0,0.0
x_cont1317,0.0,0.0,0.0,0.0,0.0
x_cont1318,0.0,0.0,0.0,0.0,0.0
x_cont1319,0.0,0.0,0.0,0.0,0.0
x_cont1320,0.0,0.0,0.0,0.0,0.0
x_cont1321,0.0,0.0,0.0,0.0,0.0
x_cont1322,0.0,0.0,0.0,0.0,0.0
x_cont1323,0.0,0.0,0.0,0.0,0.0
x_cont1324,0.0,0.0,0.0,0.0,0.0
x_cont1325,0.0,0.0,0.0,0.0,0.0
x_cont1326,0.0,0.0,0.0,0.0,0.0
x_cont1327,0.0,0.0,0.0,0.0,0.0
x_cont1328,0.0,0.0,0.0,0.0,0.0
x_cont1329,0.0,0.0,0.0,0.0,0.0
x_cont1330,0.0,0.0,0.0,0.0,0.0
x_cont1331,0.0,0.0,0.0,0.0,0.0
x_cont1332,0.0,0.0,0.0,0.0,0.0
x_cont1333,0.0,0.0,0.0,0.0,0.0
x_cont1334,0.0,0.0,0.0,0.0,0.0
x_cont1335,0.0,0.0,0.0,0.0,0.0
x_cont1336,0.0,0.0,0.0,0.0,0.0
x_cont1337,0.0,0.0,0.0,0.0,0.0
x_cont1338,0.0,0.0,0.0,0.0,0.0
x_cont1339,0.0,0.0,0.0,0.0,0.0
x_cont1340,0.0,0.0,0.0,0.0,0.0
x_cont1341,0.0,0.0,0.0,0.0,0.0
x_cont1342,0.0,0.0,0.0,0.0,0.0
x_cont1343,0.0,0.0,0.0,0.0,0.0
x_cont1344,0.0,0.0,0.0,0.0,0.0
x_cont1345,0.0,0.0,0.0,0.0,0.0
x_cont1346,0.0,0.0,0.0,0.0,0.0
x_cont1347,0.0,0.0,0.0,0.0,0.0
x_cont1348,0.0,0.0,0.0,0.0,0.0
x_cont1349,0.0,0.0,0.0,0.0,0.0
x_cont1350,0.0,0.0,0.0,0.0,0.0
x_cont1351,0.0,0.0,0.0,0.0,0.0
x_cont1352,0.0,0.0,0.0,0.0,0.0
x_cont1353,0.0,0.0,0.0,0.0,0.0
x_cont1354,0.0,0.0,0.0,0.0,0.0
x_cont1355,0.0,0.0,0.0,0.0,0.0
x_cont1356,0.0,0.0,0.0,0.0,0.0
x_cont1357,0.0,0.0,0.0,0.0,0.0
x_cont1358,0.0,0.0,0.0,0.0,0.0
x_cont1359,0.0,0.0,0.0,0.0,0.0
x_cont1360,0.0,0.0,0.0,0.0,0.0
x_cont1361,0.0,0.0,0.0,0.0,0.0
x_cont1362,0.0,0.0,0.0,0.0,0.0
x_cont1363,0.0,0.0,0.0,0.0,0.0
x_cont1364,0.0,0.0,0.0,0.0,0.0
x_cont1365,0.0,0.0,0.0,0.0,0.0
x_cont1366,0.0,0.0,0.0,0.0,0.0
x_cont1367,0.0,0.0,0.0,0.0,0.0
x_cont1368,0.0,0.0,0.0,0.0,0.0
x_cont1369,0.0,0.0,0.0,0.0,0.0
x_cont1370,0.0,0.0,0.0,0.0,0.0
x_cont1371,0.0,0.0,0.0,0.0,0.0
x_cont1372,0.0,0.0,0.0,0.0,0.0
x_cont1373,0.0,0.0,0.0,0.0,0.0
x_cont1374,0.0,0.0,0.0,0.0,0.0
x_cont1375,0.0,0.0,0.0,0.0,0.0
x_cont1376,0.0,0.0,0.0,0.0,0.0
x_cont1377,0.0,0.0,0.0,0.0,0.0
x_cont1378,0.0,0.0,0.0,0.0,0.0
x_cont1379,0.0,0.0,0.0,0.0,0.0
x_cont1380,0.0,0.0,0.0,0.0,0.0
x_cont1381,0.0,0.0,0.0,0.0,0.0
x_cont1382,0.0,0.0,0.0,0.0,0.0
x_cont1383,0.0,0.0,0.0,0.0,0.0
x_cont1384,0.0,0.0,0.0,0.0,0.0
x_cont1385,0.0,0.0,0.0,0.0,0.0
x_cont1386,0.0,0.0,0.0,0.0,0.0
x_cont1387,0.0,0.0,0.0,0.0,0.0
x_cont1388,0.0,0.0,0.0,0.0,0.0
x_cont1389,0.0,0.0,0.0,0.0,0.0
x_cont1390,0.0,0.0,0.0,0.0,0.0
x_cont1391,0.0,0.0,0.0,0.0,0.0
x_cont1392,0.0,0.0,0.0,0.0,0.0
x_cont1393,0.0,0.0,0.0,0.0,0.0
x_cont1394,0.0,0.0,0.0,0.0,0.0
x_cont1395,0.0,0.0,0.0,0.0,0.0
x_cont1396,0.0,0.0,0.0,0.0,0.0
x_cont1397,0.0,0.0,0.0,0.0,0.0
x_cont1398,0.0,0.0,0.0,0.0,0.0
x_cont1399,0.0,0.0,0.0,0.0,0.0
x_cont1400,0.0,0.0,0.0,0.0,0.0
x_cont1401,0.0,0.0,0.0,0.0,0.0
x_cont1402,0.0,0.0,0.0,0.0,0.0
x_cont1403,0.0,0.0,0.0,0.0,0.0
x_cont1404,0.0,0.0,0.0,0.0,0.0
x_cont1405,0.0,0.0,0.0,0.0,0.0
x_cont1406,0.0,0.0,0.0,0.0,0.0
x_cont1407,0.0,0.0,0.0,0.0,0.0
x_cont1408,0.0,0.0,0.0,0.0,0.0
x_cont1409,0.0,0.0,0.0,0.0,0.0
x_cont1410,0.0,0.0,0.0,0.0,0.0
x_cont1411,0.0,0.0,0.0,0.0,0.0
x_cont1412,0.0,0.0,0.0,0.0,0.0
x_cont1413,0.0,0.0,0.0,0.0,0.0
x_cont1414,0.0,0.0,0.0,0.0,0.0
x_cont1415,0.0,0.0,0.0,0.0,0.0
x_cont1416,0.0,0.0,0.0,0.0,0.0
x_cont1417,0.0,0.0,0.0,0.0,0.0
x_cont1418,0.0,0.0,0.0,0.0,0.0
x_cont1419,0.0,0.0,0.0,0.0,0.0
x_cont1420,0.0,0.0,0.0,0.0,0.0
x_cont1421,0.0,0.0,0.0,0.0,0.0
x_cont1422,0.0,0.0,0.0,0.0,0.0
x_cont1423,0.0,0.0,0.0,0.0,0.0
x_cont1424,0.0,0.0,0.0,0.0,0.0
x_cont1425,0.0,0.0,0.0,0.0,0.0
x_cont1426,0.0,0.0,0.0,0.0,0.0
x_cont1427,0.0,0.0,0.0,0.0,0.0
x_cont1428,0.0,0.0,0.0,0.0,0.0
x_cont1429,0.0,0.0,0.0,0.0,0.0
x_cont1430,0.0,0.0,0.0,0.0,0.0
x_cont1431,0.0,0.0,0.0,0.0,0.0
x_cont1432,0.0,0.0,0.0,0.0,0.0
x_cont1433,0.0,0.0,0.0,0.0,0.0
x_cont1434,0.0,0.0,0.0,0.0,0.0
x_cont1435,0.0,0.0,0.0,0.0,0.0
x_cont1436,0.0,0.0,0.0,0.0,0.0
x_cont1437,0.0,0.0,0.0,0.0,0.0
x_cont1438,0.0,0.0,0.0,0.0,0.0
x_cont1439,0.0,0.0,0.0,0.0,0.0
x_cont1440,0.0,0.0,0.0,0.0,0.0
x_cont1441,0.0,0.0,0.0,0.0,0.0
x_cont1442,0.0,0.0,0.0,0.0,0.0
x_cont1443,0.0,0.0,0.0,0.0,0.0
x_cont1444,0.0,0.0,0.0,0.0,0.0
x_cont1445,0.0,0.0,0.0,0.0,0.0
x_cont1446,0.0,0.0,0.0,0.0,0.0
x_cont1447,0.0,0.0,0.0,0.0,0.0
x_cont1448,0.0,0.0,0.0,0.0,0.0
x_cont1449,0.0,0.0,0.0,0.0,0.0
x_cont1450,0.0,0.0,0.0,0.0,0.0
x_cont1451,0.0,0.0,0.0,0.0,0.0
x_cont1452,0.0,0.0,0.0,0.0,0.0
x_cont1453,0.0,0.0,0.0,0.0,0.0
x_cont1454,0.0,0.0,0.0,0.0,0.0
x_cont1455,0.0,0.0,0.0,0.0,0.0
x_cont1456,0.0,0.0,0.0,0.0,0.0
x_cont1457,0.0,0.0,0.0,0.0,0.0
x_cont1458,0.0,0.0,0.0,0.0,0.0
x_cont1459,0.0,0.0,0.0,0.0,0.0
x_cont1460,0.0,0.0,0.0,0.0,0.0
x_cont1461,0.0,0.0,0.0,0.0,0.0
x_cont1462,0.0,0.0,0.0,0.0,0.0
x_cont1463,0.0,0.0,0.0,0.0,0.0
x_cont1464,0.0,0.0,0.0,0.0,0.0
x_cont1465,0.0,0.0,0.0,0.0,0.0
x_cont1466,0.0,0.0,0.0,0.0,0.0
x_cont1467,0.0,0.0,0.0,0.0,0.0
x_cont1468,0.0,0.0,0.0,0.0,0.0
x_cont1469,0.0,0.0,0.0,0.0,0.0
x_cont1470,0.0,0.0,0.0,0.0,0.0
x_cont1471,0.0,0.0,0.0,0.0,0.0
x_cont1472,0.0,0.0,0.0,0.0,0.0
x_cont1473,0.0,0.0,0.0,0.0,0.0
x_cont1474,0.0,0.0,0.0,0.0,0.0
x_cont1475,0.0,0.0,0.0,0.0,0.0
x_cont1476,0.0,0.0,0.0,0.0,0.0
x_cont1477,0.0,0.0,0.0,0.0,0.0
x_cont1478,0.0,0.0,0.0,0.0,0.0
x_cont1479,0.0,0.0,0.0,0.0,0.0
x_cont1480,0.0,0.0,0.0,0.0,0.0
x_cont1481,0.0,0.0,0.0,0.0,0.0
x_cont1482,0.0,0.0,0.0,0.0,0.0
x_cont1483,0.0,0.0,0.0,0.0,0.0
x_cont1484,0.0,0.0,0.0,0.0,0.0
x_cont1485,0.0,0.0,0.0,0.0,0.0
x_cont1486,0.0,0.0,0.0,0.0,0.0
x_cont1487,0.0,0.0,0.0,0.0,0.0
x_cont1488,0.0,0.0,0.0,0.0,0.0
x_cont1489,0.0,0.0,0.0,0.0,0.0
x_cont1490,0.0,0.0,0.0,0.0,0.0
x_cont1491,0.0,0.0,0.0,0.0,0.0
x_cont1492,0.0,0.0,0.0,0.0,0.0
x_cont1493,0.0,0.0,0.0,0.0,0.0
x_cont1494,0.0,0.0,0.0,0.0,0.0
x_cont1495,0.0,0.0,0.0,0.0,0.0
x_cont1496,0.0,0.0,0.0,0.0,0.0
x_cont1497,0.0,0.0,0.0,0.0,0.0
x_cont1498,0.0,0.0,0.0,0.0,0.0
x_cont1499,0.0,0.0,0.0,0.0,0.0
x_cont1500,0.0,0.0,0.0,0.0,0.0
x_cont1501,0.0,0.0,0.0,0.0,0.0
x_cont1502,0.0,0.0,0.0,0.0,0.0
x_cont1503,0.0,0.0,0.0,0.0,0.0
x_cont1504,0.0,0.0,0.0,0.0,0.0
x_cont1505,0.0,0.0,0.0,0.0,0.0
x_cont1506,0.0,0.0,0.0,0.0,0.0
x_cont1507,0.0,0.0,0.0,0.0,0.0
x_cont1508,0.0,0.0,0.0,0.0,0.0
x_cont1509,0.0,0.0,0.0,0.0,0.0
x_cont1510,0.0,0.0,0.0,0.0,0.0
x_cont1511,0.0,0.0,0.0,0.0,0.0
x_cont1512,0.0,0.0,0.0,0.0,0.0
x_cont1513,0.0,0.0,0.0,0.0,0.0
x_cont1514,0.0,0.0,0.0,0.0,0.0
x_cont1515,0.0,0.0,0.0,0.0,0.0
x_cont1516,0.0,0.0,0.0,0.0,0.0
x_cont1517,0.0,0.0,0.0,0.0,0.0
x_cont1518,0.0,0.0,0.0,0.0,0.0
x_cont1519,0.0,0.0,0.0,0.0,0.0
x_cont1520,0.0,0.0,0.0,0.0,0.0
x_cont1521,0.0,0.0,0.0,0.0,0.0
x_cont1522,0.0,0.0,0.0,0.0,0.0
x_cont1523,0.0,0.0,0.0,0.0,0.0
x_cont1524,0.0,0.0,0.0,0.0,0.0
x_cont1525,0.0,0.0,0.0,0.0,0.0
x_cont1526,0.0,0.0,0.0,0.0,0.0
x_cont1527,0.0,0.0,0.0,0.0,0.0
x_cont1528,0.0,0.0,0.0,0.0,0.0
x_cont1529,0.0,0.0,0.0,0.0,0.0
x_cont1530,0.0,0.0,0.0,0.0,0.0
x_cont1531,0.0,0.0,0.0,0.0,0.0
x_cont1532,0.0,0.0,0.0,0.0,0.0
x_cont1533,0.0,0.0,0.0,0.0,0.0
x_cont1534,0.0,0.0,0.0,0.0,0.0
x_cont1535,0.0,0.0,0.0,0.0,0.0
x_cont1536,0.0,0.0,0.0,0.0,0.0
x_cont1537,0.0,0.0,0.0,0.0,0.0
x_cont1538,0.0,0.0,0.0,0.0,0.0
x_cont1539,0.0,0.0,0.0,0.0,0.0
x_cont1540,0.0,0.0,0.0,0.0,0.0
x_cont1541,0.0,0.0,0.0,0.0,0.0
x_cont1542,0.0,0.0,0.0,0.0,0.0
x_cont1543,0.0,0.0,0.0,0.0,0.0
x_cont1544,0.0,0.0,0.0,0.0,0.0
x_cont1545,0.0,0.0,0.0,0.0,0.0
x_cont1546,0.0,0.0,0.0,0.0,0.0
x_cont1547,0.0,0.0,0.0,0.0,0.0
x_cont1548,0.0,0.0,0.0,0.0,0.0
x_cont1549,0.0,0.0,0.0,0.0,0.0
x_cont1550,0.0,0.0,0.0,0.0,0.0
x_cont1551,0.0,0.0,0.0,0.0,0.0
x_cont1552,0.0,0.0,0.0,0.0,0.0
x_cont1553,0.0,0.0,0.0,0.0,0.0
x_cont1554,0.0,0.0,0.0,0.0,0.0
x_cont1555,0.0,0.0,0.0,0.0,0.0
x_cont1556,0.0,0.0,0.0,0.0,0.0
x_cont1557,0.0,0.0,0.0,0.0,0.0
x_cont1558,0.0,0.0,0.0,0.0,0.0
x_cont1559,0.0,0.0,0.0,0.0,0.0
x_cont1560,0.0,0.0,0.0,0.0,0.0
x_cont1561,0.0,0.0,0.0,0.0,0.0
x_cont1562,0.0,0.0,0.0,0.0,0.0
x_cont1563,0.0,0.0,0.0,0.0,0.0
x_cont1564,0.0,0.0,0.0,0.0,0.0
x_cont1565,0.0,0.0,0.0,0.0,0.0
x_cont1566,0.0,0.0,0.0,0.0,0.0
x_cont1567,0.0,0.0,0.0,0.0,0.0
x_cont1568,0.0,0.0,0.0,0.0,0.0
x_cont1569,0.0,0.0,0.0,0.0,0.0
x_cont1570,0.0,0.0,0.0,0.0,0.0
x_cont1571,0.0,0.0,0.0,0.0,0.0
x_cont1572,0.0,0.0,0.0,0.0,0.0
x_cont1573,0.0,0.0,0.0,0.0,0.0
x_cont1574,0.0,0.0,0.0,0.0,0.0
x_cont1575,0.0,0.0,0.0,0.0,0.0
x_cont1576,0.0,0.0,0.0,0.0,0.0
x_cont1577,0.0,0.0,0.0,0.0,0.0
x_cont1578,0.0,0.0,0.0,0.0,0.0
x_cont1579,0.0,0.0,0.0,0.0,0.0
x_cont1580,0.0,0.0,0.0,0.0,0.0
x_cont1581,0.0,0.0,0.0,0.0,0.0
x_cont1582,0.0,0.0,0.0,0.0,0.0
x_cont1583,0.0,0.0,0.0,0.0,0.0
x_cont1584,0.0,0.0,0.0,0.0,0.0
x_cont1585,0.0,0.0,0.0,0.0,0.0
x_cont1586,0.0,0.0,0.0,0.0,0.0
x_cont1587,0.0,0.0,0.0,0.0,0.0
x_cont1588,0.0,0.0,0.0,0.0,0.0
x_cont1589,0.0,0.0,0.0,0.0,0.0
x_cont1590,0.0,0.0,0.0,0.0,0.0
x_cont1591,0.0,0.0,0.0,0.0,0.0
x_cont1592,0.0,0.0,0.0,0.0,0.0
x_cont1593,0.0,0.0,0.0,0.0,0.0
x_cont1594,0.0,0.0,0.0,0.0,0.0
x_cont1595,0.0,0.0,0.0,0.0,0.0
x_cont1596,0.0,0.0,0.0,0.0,0.0
x_cont1597,0.0,0.0,0.0,0.0,0.0
x_cont1598,0.0,0.0,0.0,0.0,0.0
x_cont1599,0.0,0.0,0.0,0.0,0.0
x_cont1600,0.0,0.0,0.0,0.0,0.0
x_cont1601,0.0,0.0,0.0,0.0,0.0
x_cont1602,0.0,0.0,0.0,0.0,0.0
x_cont1603,0.0,0.0,0.0,0.0,0.0
x_cont1604,0.0,0.0,0.0,0.0,0.0
x_cont1605,0.0,0.0,0.0,0.0,0.0
x_cont1606,0.0,0.0,0.0,0.0,0.0
x_cont1607,0.0,0.0,0.0,0.0,0.0
x_cont1608,0.0,0.0,0.0,0.0,0.0
x_cont1609,0.0,0.0,0.0,0.0,0.0
x_cont1610,0.0,0.0,0.0,0.0,0.0
x_cont1611,0.0,0.0,0.0,0.0,0.0
x_cont1612,0.0,0.0,0.0,0.0,0.0
x_cont1613,0.0,0.0,0.0,0.0,0.0
x_cont1614,0.0,0.0,0.0,0.0,0.0
x_cont1615,0.0,0.0,0.0,0.0,0.0
x_cont1616,0.0,0.0,0.0,0.0,0.0
x_cont1617,0.0,0.0,0.0,0.0,0.0
x_cont1618,0.0,0.0,0.0,0.0,0.0
x_cont1619,0.0,0.0,0.0,0.0,0.0
x_cont1620,0.0,0.0,0.0,0.0,0.0
x_cont1621,0.0,0.0,0.0,0.0,0.0
x_cont1622,0.0,0.0,0.0,0.0,0.0
x_cont1623,0.0,0.0,0.0,0.0,0.0
x_cont1624,0.0,0.0,0.0,0.0,0.0
x_cont1625,0.0,0.0,0.0,0.0,0.0
x_cont1626,0.0,0.0,0.0,0.0,0.0
x_cont1627,0.0,0.0,0.0,0.0,0.0
x_cont1628,0.0,0.0,0.0,0.0,0.0
x_cont1629,0.0,0.0,0.0,0.0,0.0
x_cont1630,0.0,0.0,0.0,0.0,0.0
x_cont1631,0.0,0.0,0.0,0.0,0.0
x_cont1632,0.0,0.0,0.0,0.0,0.0
x_cont1633,0.0,0.0,0.0,0.0,0.0
x_cont1634,0.0,0.0,0.0,0.0,0.0
x_cont1635,0.0,0.0,0.0,0.0,0.0
x_cont1636,0.0,0.0,0.0,0.0,0.0
x_cont1637,0.0,0.0,0.0,0.0,0.0
x_cont1638,0.0,0.0,0.0,0.0,0.0
x_cont1639,0.0,0.0,0.0,0.0,0.0
x_cont1640,0.0,0.0,0.0,0.0,0.0
x_cont1641,0.0,0.0,0.0,0.0,0.0
x_cont1642,0.0,0.0,0.0,0.0,0.0
x_cont1643,0.0,0.0,0.0,0.0,0.0
x_cont1644,0.0,0.0,0.0,0.0,0.0
x_cont1645,0.0,0.0,0.0,0.0,0.0
x_cont1646,0.0,0.0,0.0,0.0,0.0
x_cont1647,0.0,0.0,0.0,0.0,0.0
x_cont1648,0.0,0.0,0.0,0.0,0.0
x_cont1649,0.0,0.0,0.0,0.0,0.0
x_cont1650,0.0,0.0,0.0,0.0,0.0
x_cont1651,0.0,0.0,0.0,0.0,0.0
x_cont1652,0.0,0.0,0.0,0.0,0.0
x_cont1653,0.0,0.0,0.0,0.0,0.0
x_cont1654,0.0,0.0,0.0,0.0,0.0
x_cont1655,0.0,0.0,0.0,0.0,0.0
x_cont1656,0.0,0.0,0.0,0.0,0.0
x_cont1657,0.0,0.0,0.0,0.0,0.0
x_cont1658,0.0,0.0,0.0,0.0,0.0
x_cont1659,0.0,0.0,0.0,0.0,0.0
x_cont1660,0.0,0.0,0.0,0.0,0.0
x_cont1661,0.0,0.0,0.0,0.0,0.0
x_cont1662,0.0,0.0,0.0,0.0,0.0
x_cont1663,0.0,0.0,0.0,0.0,0.0
x_cont1664,0.0,0.0,0.0,0.0,0.0
x_cont1665,0.0,0.0,0.0,0.0,0.0
x_cont1666,0.0,0.0,0.0,0.0,0.0
x_cont1667,0.0,0.0,0.0,0.0,0.0
x_cont1668,0.0,0.0,0.0,0.0,0.0
x_cont1669,0.0,0.0,0.0,0.0,0.0
x_cont1670,0.0,0.0,0.0,0.0,0.0
x_cont1671,0.0,0.0,0.0,0.0,0.0
x_cont1672,0.0,0.0,0.0,0.0,0.0
x_cont1673,0.0,0.0,0.0,0.0,0.0
x_cont1674,0.0,0.0,0.0,0.0,0.0
x_cont1675,0.0,0.0,0.0,0.0,0.0
x_cont1676,0.0,0.0,0.0,0.0,0.0
x_cont1677,0.0,0.0,0.0,0.0,0.0
x_cont1678,0.0,0.0,0.0,0.0,0.0
x_cont1679,0.0,0.0,0.0,0.0,0.0
x_cont1680,0.0,0.0,0.0,0.0,0.0
x_cont1681,0.0,0.0,0.0,0.0,0.0
x_cont1682,0.0,0.0,0.0,0.0,0.0
x_cont1683,0.0,0.0,0.0,0.0,0.0
x_cont1684,0.0,0.0,0.0,0.0,0.0
x_cont1685,0.0,0.0,0.0,0.0,0.0
x_cont1686,0.0,0.0,0.0,0.0,0.0
x_cont1687,0.0,0.0,0.0,0.0,0.0
x_cont1688,0.0,0.0,0.0,0.0,0.0
x_cont1689,0.0,0.0,0.0,0.0,0.0
x_cont1690,0.0,0.0,0.0,0.0,0.0
x_cont1691,0.0,0.0,0.0,0.0,0.0
x_cont1692,0.0,0.0,0.0,0.0,0.0
x_cont1693,0.0,0.0,0.0,0.0,0.0
x_cont1694,0.0,0.0,0.0,0.0,0.0
x_cont1695,0.0,0.0,0.0,0.0,0.0
x_cont1696,0.0,0.0,0.0,0.0,0.0
x_cont1697,0.0,0.0,0.0,0.0,0.0
x_cont1698,0.0,0.0,0.0,0.0,0.0
x_cont1699,0.0,0.0,0.0,0.0,0.0
x_cont1700,0.0,0.0,0.0,0.0,0.0
x_cont1701,0.0,0.0,0.0,0.0,0.0
x_cont1702,0.0,0.0,0.0,0.0,0.0
x_cont1703,0.0,0.0,0.0,0.0,0.0
x_cont1704,0.0,0.0,0.0,0.0,0.0
x_cont1705,0.0,0.0,0.0,0.0,0.0
x_cont1706,0.0,0.0,0.0,0.0,0.0
x_cont1707,0.0,0.0,0.0,0.0,0.0
x_cont1708,0.0,0.0,0.0,0.0,0.0
x_cont1709,0.0,0.0,0.0,0.0,0.0
x_cont1710,0.0,0.0,0.0,0.0,0.0
x_cont1711,0.0,0.0,0.0,0.0,0.0
x_cont1712,0.0,0.0,0.0,0.0,0.0
x_cont1713,0.0,0.0,0.0,0.0,0.0
x_cont1714,0.0,0.0,0.0,0.0,0.0
x_cont1715,0.0,0.0,0.0,0.0,0.0
x_cont1716,0.0,0.0,0.0,0.0,0.0
x_cont1717,0.0,0.0,0.0,0.0,0.0
x_cont1718,0.0,0.0,0.0,0.0,0.0
x_cont1719,0.0,0.0,0.0,0.0,0.0
x_cont1720,0.0,0.0,0.0,0.0,0.0
x_cont1721,0.0,0.0,0.0,0.0,0.0
x_cont1722,0.0,0.0,0.0,0.0,0.0
x_cont1723,0.0,0.0,0.0,0.0,0.0
x_cont1724,0.0,0.0,0.0,0.0,0.0
x_cont1725,0.0,0.0,0.0,0.0,0.0
x_cont1726,0.0,0.0,0.0,0.0,0.0
x_cont1727,0.0,0.0,0.0,0.0,0.0
x_cont1728,0.0,0.0,0.0,0.0,0.0
x_cont1729,0.0,0.0,0.0,0.0,0.0
x_cont1730,0.0,0.0,0.0,0.0,0.0
x_cont1731,0.0,0.0,0.0,0.0,0.0
x_cont1732,0.0,0.0,0.0,0.0,0.0
x_cont1733,0.0,0.0,0.0,0.0,0.0
x_cont1734,0.0,0.0,0.0,0.0,0.0
x_cont1735,0.0,0.0,0.0,0.0,0.0
x_cont1736,0.0,0.0,0.0,0.0,0.0
x_cont1737,0.0,0.0,0.0,0.0,0.0
x_cont1738,0.0,0.0,0.0,0.0,0.0
x_cont1739,0.0,0.0,0.0,0.0,0.0
x_cont1740,0.0,0.0,0.0,0.0,0.0
x_cont1741,0.0,0.0,0.0,0.0,0.0
x_cont1742,0.0,0.0,0.0,0.0,0.0
x_cont1743,0.0,0.0,0.0,0.0,0.0
x_cont1744,0.0,0.0,0.0,0.0,0.0
x_cont1745,0.0,0.0,0.0,0.0,0.0
x_cont1746,0.0,0.0,0.0,0.0,0.0
x_cont1747,0.0,0.0,0.0,0.0,0.0
x_cont1748,0.0,0.0,0.0,0.0,0.0
x_cont1749,0.0,0.0,0.0,0.0,0.0
x_cont1750,0.0,0.0,0.0,0.0,0.0
x_cont1751,0.0,0.0,0.0,0.0,0.0
x_cont1752,0.0,0.0,0.0,0.0,0.0
x_cont1753,0.0,0.0,0.0,0.0,0.0
x_cont1754,0.0,0.0,0.0,0.0,0.0
x_cont1755,0.0,0.0,0.0,0.0,0.0
x_cont1756,0.0,0.0,0.0,0.0,0.0
x_cont1757,0.0,0.0,0.0,0.0,0.0
x_cont1758,0.0,0.0,0.0,0.0,0.0
x_cont1759,0.0,0.0,0.0,0.0,0.0
x_cont1760,0.0,0.0,0.0,0.0,0.0
x_cont1761,0.0,0.0,0.0,0.0,0.0
x_cont1762,0.0,0.0,0.0,0.0,0.0
x_cont1763,0.0,0.0,0.0,0.0,0.0
x_cont1764,0.0,0.0,0.0,0.0,0.0
x_cont1765,0.0,0.0,0.0,0.0,0.0
x_cont1766,0.0,0.0,0.0,0.0,0.0
x_cont1767,0.0,0.0,0.0,0.0,0.0
x_cont1768,0.0,0.0,0.0,0.0,0.0
x_cont1769,0.0,0.0,0.0,0.0,0.0
x_cont1770,0.0,0.0,0.0,0.0,0.0
x_cont1771,0.0,0.0,0.0,0.0,0.0
x_cont1772,0.0,0.0,0.0,0.0,0.0
x_cont1773,0.0,0.0,0.0,0.0,0.0
x_cont1774,0.0,0.0,0.0,0.0,0.0
x_cont1775,0.0,0.0,0.0,0.0,0.0
x_cont1776,0.0,0.0,0.0,0.0,0.0
x_cont1777,0.0,0.0,0.0,0.0,0.0
x_cont1778,0.0,0.0,0.0,0.0,0.0
x_cont1779,0.0,0.0,0.0,0.0,0.0
x_cont1780,0.0,0.0,0.0,0.0,0.0
x_cont1781,0.0,0.0,0.0,0.0,0.0
x_cont1782,0.0,0.0,0.0,0.0,0.0
x_cont1783,0.0,0.0,0.0,0.0,0.0
x_cont1784,0.0,0.0,0.0,0.0,0.0
x_cont1785,0.0,0.0,0.0,0.0,0.0
x_cont1786,0.0,0.0,0.0,0.0,0.0
x_cont1787,0.0,0.0,0.0,0.0,0.0
x_cont1788,0.0,0.0,0.0,0.0,0.0
x_cont1789,0.0,0.0,0.0,0.0,0.0
x_cont1790,0.0,0.0,0.0,0.0,0.0
x_cont1791,0.0,0.0,0.0,0.0,0.0
x_cont1792,0.0,0.0,0.0,0.0,0.0
x_cont1793,0.0,0.0,0.0,0.0,0.0
x_cont1794,0.0,0.0,0.0,0.0,0.0
x_cont1795,0.0,0.0,0.0,0.0,0.0
x_cont1796,0.0,0.0,0.0,0.0,0.0
x_cont1797,0.0,0.0,0.0,0.0,0.0
x_cont1798,0.0,0.0,0.0,0.0,0.0
x_cont1799,0.0,0.0,0.0,0.0,0.0
x_cont1800,0.0,0.0,0.0,0.0,0.0
x_cont1801,0.0,0.0,0.0,0.0,0.0
x_cont1802,0.0,0.0,0.0,0.0,0.0
x_cont1803,0.0,0.0,0.0,0.0,0.0
x_cont1804,0.0,0.0,0.0,0.0,0.0
x_cont1805,0.0,0.0,0.0,0.0,0.0
x_cont1806,0.0,0.0,0.0,0.0,0.0
x_cont1807,0.0,0.0,0.0,0.0,0.0
x_cont1808,0.0,0.0,0.0,0.0,0.0
x_cont1809,0.0,0.0,0.0,0.0,0.0
x_cont1810,0.0,0.0,0.0,0.0,0.0
x_cont1811,0.0,0.0,0.0,0.0,0.0
x_cont1812,0.0,0.0,0.0,0.0,0.0
x_cont1813,0.0,0.0,0.0,0.0,0.0
x_cont1814,0.0,0.0,0.0,0.0,0.0
x_cont1815,0.0,0.0,0.0,0.0,0.0
x_cont1816,0.0,0.0,0.0,0.0,0.0
x_cont1817,0.0,0.0,0.0,0.0,0.0
x_cont1818,0.0,0.0,0.0,0.0,0.0
x_cont1819,0.0,0.0,0.0,0.0,0.0
x_cont1820,0.0,0.0,0.0,0.0,0.0
x_cont1821,0.0,0.0,0.0,0.0,0.0
x_cont1822,0.0,0.0,0.0,0.0,0.0
x_cont1823,0.0,0.0,0.0,0.0,0.0
x_cont1824,0.0,0.0,0.0,0.0,0.0
x_cont1825,0.0,0.0,0.0,0.0,0.0
x_cont1826,0.0,0.0,0.0,0.0,0.0
x_cont1827,0.0,0.0,0.0,0.0,0.0
x_cont1828,0.0,0.0,0.0,0.0,0.0
x_cont1829,0.0,0.0,0.0,0.0,0.0
x_cont1830,0.0,0.0,0.0,0.0,0.0
x_cont1831,0.0,0.0,0.0,0.0,0.0
x_cont1832,0.0,0.0,0.0,0.0,0.0
x_cont1833,0.0,0.0,0.0,0.0,0.0
x_cont1834,0.0,0.0,0.0,0.0,0.0
x_cont1835,0.0,0.0,0.0,0.0,0.0
x_cont1836,0.0,0.0,0.0,0.0,0.0
x_cont1837,0.0,0.0,0.0,0.0,0.0
x_cont1838,0.0,0.0,0.0,0.0,0.0
x_cont1839,0.0,0.0,0.0,0.0,0.0
x_cont1840,0.0,0.0,0.0,0.0,0.0
x_cont1841,0.0,0.0,0.0,0.0,0.0
x_cont1842,0.0,0.0,0.0,0.0,0.0
x_cont1843,0.0,0.0,0.0,0.0,0.0
x_cont1844,0.0,0.0,0.0,0.0,0.0
x_cont1845,0.0,0.0,0.0,0.0,0.0
x_cont1846,0.0,0.0,0.0,0.0,0.0
x_cont1847,0.0,0.0,0.0,0.0,0.0
x_cont1848,0.0,0.0,0.0,0.0,0.0
x_cont1849,0.0,0.0,0.0,0.0,0.0
x_cont1850,0.0,0.0,0.0,0.0,0.0
x_cont1851,0.0,0.0,0.0,0.0,0.0
x_cont1852,0.0,0.0,0.0,0.0,0.0
x_cont1853,0.0,0.0,0.0,0.0,0.0
x_cont1854,0.0,0.0,0.0,0.0,0.0
x_cont1855,0.0,0.0,0.0,0.0,0.0
x_cont1856,0.0,0.0,0.0,0.0,0.0
x_cont1857,0.0,0.0,0.0,0.0,0.0
x_cont1858,0.0,0.0,0.0,0.0,0.0
x_cont1859,0.0,0.0,0.0,0.0,0.0
x_cont1860,0.0,0.0,0.0,0.0,0.0
x_cont1861,0.0,0.0,0.0,0.0,0.0
x_cont1862,0.0,0.0,0.0,0.0,0.0
x_cont1863,0.0,0.0,0.0,0.0,0.0
x_cont1864,0.0,0.0,0.0,0.0,0.0
x_cont1865,0.0,0.0,0.0,0.0,0.0
x_cont1866,0.0,0.0,0.0,0.0,0.0
x_cont1867,0.0,0.0,0.0,0.0,0.0
x_cont1868,0.0,0.0,0.0,0.0,0.0
x_cont1869,0.0,0.0,0.0,0.0,0.0
x_cont1870,0.0,0.0,0.0,0.0,0.0
x_cont1871,0.0,0.0,0.0,0.0,0.0
x_cont1872,0.0,0.0,0.0,0.0,0.0
x_cont1873,0.0,0.0,0.0,0.0,0.0
x_cont1874,0.0,0.0,0.0,0.0,0.0
x_cont1875,0.0,0.0,0.0,0.0,0.0
x_cont1876,0.0,0.0,0.0,0.0,0.0
x_cont1877,0.0,0.0,0.0,0.0,0.0
x_cont1878,0.0,0.0,0.0,0.0,0.0
x_cont1879,0.0,0.0,0.0,0.0,0.0
x_cont1880,0.0,0.0,0.0,0.0,0.0
x_cont1881,0.0,0.0,0.0,0.0,0.0
x_cont1882,0.0,0.0,0.0,0.0,0.0
x_cont1883,0.0,0.0,0.0,0.0,0.0
x_cont1884,0.0,0.0,0.0,0.0,0.0
x_cont1885,0.0,0.0,0.0,0.0,0.0
x_cont1886,0.0,0.0,0.0,0.0,0.0
x_cont1887,0.0,0.0,0.0,0.0,0.0
x_cont1888,0.0,0.0,0.0,0.0,0.0
x_cont1889,0.0,0.0,0.0,0.0,0.0
x_cont1890,0.0,0.0,0.0,0.0,0.0
x_cont1891,0.0,0.0,0.0,0.0,0.0
x_cont1892,0.0,0.0,0.0,0.0,0.0
x_cont1893,0.0,0.0,0.0,0.0,0.0
x_cont1894,0.0,0.0,0.0,0.0,0.0
x_cont1895,0.0,0.0,0.0,0.0,0.0
x_cont1896,0.0,0.0,0.0,0.0,0.0
x_cont1897,0.0,0.0,0.0,0.0,0.0
x_cont1898,0.0,0.0,0.0,0.0,0.0
x_cont1899,0.0,0.0,0.0,0.0,0.0
x_cont1900,0.0,0.0,0.0,0.0,0.0
x_cont1901,0.0,0.0,0.0,0.0,0.0
x_cont1902,0.0,0.0,0.0,0.0,0.0
x_cont1903,0.0,0.0,0.0,0.0,0.0
x_cont1904,0.0,0.0,0.0,0.0,0.0
x_cont1905,0.0,0.0,0.0,0.0,0.0
x_cont1906,0.0,0.0,0.0,0.0,0.0
x_cont1907,0.0,0.0,0.0,0.0,0.0
x_cont1908,0.0,0.0,0.0,0.0,0.0
x_cont1909,0.0,0.0,0.0,0.0,0.0
x_cont1910,0.0,0.0,0.0,0.0,0.0
x_cont1911,0.0,0.0,0.0,0.0,0.0
x_cont1912,0.0,0.0,0.0,0.0,0.0
x_cont1913,0.0,0.0,0.0,0.0,0.0
x_cont1914,0.0,0.0,0.0,0.0,0.0
x_cont1915,0.0,0.0,0.0,0.0,0.0
x_cont1916,0.0,0.0,0.0,0.0,0.0
x_cont1917,0.0,0.0,0.0,0.0,0.0
x_cont1918,0.0,0.0,0.0,0.0,0.0
x_cont1919,0.0,0.0,0.0,0.0,0.0
x_cont1920,0.0,0.0,0.0,0.0,0.0
x_cont1921,0.0,0.0,0.0,0.0,0.0
x_cont1922,0.0,0.0,0.0,0.0,0.0
x_cont1923,0.0,0.0,0.0,0.0,0.0
x_cont1924,0.0,0.0,0.0,0.0,0.0
x_cont1925,0.0,0.0,0.0,0.0,0.0
x_cont1926,0.0,0.0,0.0,0.0,0.0
x_cont1927,0.0,0.0,0.0,0.0,0.0
x_cont1928,0.0,0.0,0.0,0.0,0.0
x_cont1929,0.0,0.0,0.0,0.0,0.0
x_cont1930,0.0,0.0,0.0,0.0,0.0
x_cont1931,0.0,0.0,0.0,0.0,0.0
x_cont1932,0.0,0.0,0.0,0.0,0.0
x_cont1933,0.0,0.0,0.0,0.0,0.0
x_cont1934,0.0,0.0,0.0,0.0,0.0
x_cont1935,0.0,0.0,0.0,0.0,0.0
x_cont1936,0.0,0.0,0.0,0.0,0.0
x_cont1937,0.0,0.0,0.0,0.0,0.0
x_cont1938,0.0,0.0,0.0,0.0,0.0
x_cont1939,0.0,0.0,0.0,0.0,0.0
x_cont1940,0.0,0.0,0.0,0.0,0.0
x_cont1941,0.0,0.0,0.0,0.0,0.0
x_cont1942,0.0,0.0,0.0,0.0,0.0
x_cont1943,0.0,0.0,0.0,0.0,0.0
x_cont1944,0.0,0.0,0.0,0.0,0.0
x_cont1945,0.0,0.0,0.0,0.0,0.0
x_cont1946,0.0,0.0,0.0,0.0,0.0
x_cont1947,0.0,0.0,0.0,0.0,0.0
x_cont1948,0.0,0.0,0.0,0.0,0.0
x_cont1949,0.0,0.0,0.0,0.0,0.0
x_cont1950,0.0,0.0,0.0,0.0,0.0
x_cont1951,0.0,0.0,0.0,0.0,0.0
x_cont1952,0.0,0.0,0.0,0.0,0.0
x_cont1953,0.0,0.0,0.0,0.0,0.0
x_cont1954,0.0,0.0,0.0,0.0,0.0
x_cont1955,0.0,0.0,0.0,0.0,0.0
x_cont1956,0.0,0.0,0.0,0.0,0.0
x_cont1957,0.0,0.0,0.0,0.0,0.0
x_cont1958,0.0,0.0,0.0,0.0,0.0
x_cont1959,0.0,0.0,0.0,0.0,0.0
x_cont1960,0.0,0.0,0.0,0.0,0.0
x_cont1961,0.0,0.0,0.0,0.0,0.0
x_cont1962,0.0,0.0,0.0,0.0,0.0
x_cont1963,0.0,0.0,0.0,0.0,0.0
x_cont1964,0.0,0.0,0.0,0.0,0.0
x_cont1965,0.0,0.0,0.0,0.0,0.0
x_cont1966,0.0,0.0,0.0,0.0,0.0
x_cont1967,0.0,0.0,0.0,0.0,0.0
x_cont1968,0.0,0.0,0.0,0.0,0.0
x_cont1969,0.0,0.0,0.0,0.0,0.0
x_cont1970,0.0,0.0,0.0,0.0,0.0
x_cont1971,0.0,0.0,0.0,0.0,0.0
x_cont1972,0.0,0.0,0.0,0.0,0.0
x_cont1973,0.0,0.0,0.0,0.0,0.0
x_cont1974,0.0,0.0,0.0,0.0,0.0
x_cont1975,0.0,0.0,0.0,0.0,0.0
x_cont1976,0.0,0.0,0.0,0.0,0.0
x_cont1977,0.0,0.0,0.0,0.0,0.0
x_cont1978,0.0,0.0,0.0,0.0,0.0
x_cont1979,0.0,0.0,0.0,0.0,0.0
x_cont1980,0.0,0.0,0.0,0.0,0.0
x_cont1981,0.0,0.0,0.0,0.0,0.0
x_cont1982,0.0,0.0,0.0,0.0,0.0
x_cont1983,0.0,0.0,0.0,0.0,0.0
x_cont1984,0.0,0.0,0.0,0.0,0.0
x_cont1985,0.0,0.0,0.0,0.0,0.0
x_cont1986,0.0,0.0,0.0,0.0,0.0
x_cont1987,0.0,0.0,0.0,0.0,0.0
x_cont1988,0.0,0.0,0.0,0.0,0.0
x_cont1989,0.0,0.0,0.0,0.0,0.0
x_cont1990,0.0,0.0,0.0,0.0,0.0
x_cont1991,0.0,0.0,0.0,0.0,0.0
x_cont1992,0.0,0.0,0.0,0.0,0.0
x_cont1993,0.0,0.0,0.0,0.0,0.0
x_cont1994,0.0,0.0,0.0,0.0,0.0
x_cont1995,0.0,0.0,0.0,0.0,0.0
x_cont1996,0.0,0.0,0.0,0.0,0.0
x_cont1997,0.0,0.0,0.0,0.0,0.0
x_cont1998,0.0,0.0,0.0,0.0,0.0
x_cont1999,0.0,0.0,0.0,0.0,0.0
x_cont2000,0.0,0.0,0.0,0.0,0.0
x_cont2001,0.0,0.0,0.0,0.0,0.0
x_cont2002,0.0,0.0,0.0,0.0,0.0
x_cont2003,0.0,0.0,0.0,0.0,0.0
x_cont2004,0.0,0.0,0.0,0.0,0.0
x_cont2005,0.0,0.0,0.0,0.0,0.0
x_cont2006,0.0,0.0,0.0,0.0,0.0
x_cont2007,0.0,0.0,0.0,0.0,0.0
x_cont2008,0.0,0.0,0.0,0.0,0.0
x_cont2009,0.0,0.0,0.0,0.0,0.0
x_cont2010,0.0,0.0,0.0,0.0,0.0
x_cont2011,0.0,0.0,0.0,0.0,0.0
x_cont2012,0.0,0.0,0.0,0.0,0.0
x_cont2013,0.0,0.0,0.0,0.0,0.0
x_cont2014,0.0,0.0,0.0,0.0,0.0
x_cont2015,0.0,0.0,0.0,0.0,0.0
x_cont2016,0.0,0.0,0.0,0.0,0.0
x_cont2017,0.0,0.0,0.0,0.0,0.0
x_cont2018,0.0,0.0,0.0,0.0,0.0
x_cont2019,0.0,0.0,0.0,0.0,0.0
x_cont2020,0.0,0.0,0.0,0.0,0.0
x_cont2021,0.0,0.0,0.0,0.0,0.0
x_cont2022,0.0,0.0,0.0,0.0,0.0
x_cont2023,0.0,0.0,0.0,0.0,0.0
x_cont2024,0.0,0.0,0.0,0.0,0.0
x_cont2025,0.0,0.0,0.0,0.0,0.0
x_cont2026,0.0,0.0,0.0,0.0,0.0
x_cont2027,0.0,0.0,0.0,0.0,0.0
x_cont2028,0.0,0.0,0.0,0.0,0.0
x_cont2029,0.0,0.0,0.0,0.0,0.0
x_cont2030,0.0,0.0,0.0,0.0,0.0
x_cont2031,0.0,0.0,0.0,0.0,0.0
x_cont2032,0.0,0.0,0.0,0.0,0.0
x_cont2033,0.0,0.0,0.0,0.0,0.0
x_cont2034,0.0,0.0,0.0,0.0,0.0
x_cont2035,0.0,0.0,0.0,0.0,0.0
x_cont2036,0.0,0.0,0.0,0.0,0.0
x_cont2037,0.0,0.0,0.0,0.0,0.0
x_cont2038,0.0,0.0,0.0,0.0,0.0
x_cont2039,0.0,0.0,0.0,0.0,0.0
x_cont2040,0.0,0.0,0.0,0.0,0.0
x_cont2041,0.0,0.0,0.0,0.0,0.0
x_cont2042,0.0,0.0,0.0,0.0,0.0
x_cont2043,0.0,0.0,0.0,0.0,0.0
x_cont2044,0.0,0.0,0.0,0.0,0.0
x_cont2045,0.0,0.0,0.0,0.0,0.0
x_cont2046,0.0,0.0,0.0,0.0,0.0
x_cont2047,0.0,0.0,0.0,0.0,0.0
x_cont2048,0.0,0.0,0.0,0.0,0.0
x_cont2049,0.0,0.0,0.0,0.0,0.0
x_cont2050,0.0,0.0,0.0,0.0,0.0
x_cont2051,0.0,0.0,0.0,0.0,0.0
x_cont2052,0.0,0.0,0.0,0.0,0.0
x_cont2053,0.0,0.0,0.0,0.0,0.0
x_cont2054,0.0,0.0,0.0,0.0,0.0
x_cont2055,0.0,0.0,0.0,0.0,0.0
x_cont2056,0.0,0.0,0.0,0.0,0.0
x_cont2057,0.0,0.0,0.0,0.0,0.0
x_cont2058,0.0,0.0,0.0,0.0,0.0
x_cont2059,0.0,0.0,0.0,0.0,0.0
x_cont2060,0.0,0.0,0.0,0.0,0.0
x_cont2061,0.0,0.0,0.0,0.0,0.0
x_cont2062,0.0,0.0,0.0,0.0,0.0
x_cont2063,0.0,0.0,0.0,0.0,0.0
x_cont2064,0.0,0.0,0.0,0.0,0.0
x_cont2065,0.0,0.0,0.0,0.0,0.0
x_cont2066,0.0,0.0,0.0,0.0,0.0
x_cont2067,0.0,0.0,0.0,0.0,0.0
x_cont2068,0.0,0.0,0.0,0.0,0.0
x_cont2069,0.0,0.0,0.0,0.0,0.0
x_cont2070,0.0,0.0,0.0,0.0,0.0
x_cont2071,0.0,0.0,0.0,0.0,0.0
x_cont2072,0.0,0.0,0.0,0.0,0.0
x_cont2073,0.0,0.0,0.0,0.0,0.0
x_cont2074,0.0,0.0,0.0,0.0,0.0
x_cont2075,0.0,0.0,0.0,0.0,0.0
x_cont2076,0.0,0.0,0.0,0.0,0.0
x_cont2077,0.0,0.0,0.0,0.0,0.0
x_cont2078,0.0,0.0,0.0,0.0,0.0
x_cont2079,0.0,0.0,0.0,0.0,0.0
x_cont2080,0.0,0.0,0.0,0.0,0.0
x_cont2081,0.0,0.0,0.0,0.0,0.0
x_cont2082,0.0,0.0,0.0,0.0,0.0
x_cont2083,0.0,0.0,0.0,0.0,0.0
x_cont2084,0.0,0.0,0.0,0.0,0.0
x_cont2085,0.0,0.0,0.0,0.0,0.0
x_cont2086,0.0,0.0,0.0,0.0,0.0
x_cont2087,0.0,0.0,0.0,0.0,0.0
x_cont2088,0.0,0.0,0.0,0.0,0.0
x_cont2089,0.0,0.0,0.0,0.0,0.0
x_cont2090,0.0,0.0,0.0,0.0,0.0
x_cont2091,0.0,0.0,0.0,0.0,0.0
x_cont2092,0.0,0.0,0.0,0.0,0.0
x_cont2093,0.0,0.0,0.0,0.0,0.0
x_cont2094,0.0,0.0,0.0,0.0,0.0
x_cont2095,0.0,0.0,0.0,0.0,0.0
x_cont2096,0.0,0.0,0.0,0.0,0.0
x_cont2097,0.0,0.0,0.0,0.0,0.0
x_cont2098,0.0,0.0,0.0,0.0,0.0
x_cont2099,0.0,0.0,0.0,0.0,0.0
x_cont2100,0.0,0.0,0.0,0.0,0.0
x_cont2101,0.0,0.0,0.0,0.0,0.0
x_cont2102,0.0,0.0,0.0,0.0,0.0
x_cont2103,0.0,0.0,0.0,0.0,0.0
x_cont2104,0.0,0.0,0.0,0.0,0.0
x_cont2105,0.0,0.0,0.0,0.0,0.0
x_cont2106,0.0,0.0,0.0,0.0,0.0
x_cont2107,0.0,0.0,0.0,0.0,0.0
x_cont2108,0.0,0.0,0.0,0.0,0.0
x_cont2109,0.0,0.0,0.0,0.0,0.0
x_cont2110,0.0,0.0,0.0,0.0,0.0
x_cont2111,0.0,0.0,0.0,0.0,0.0
x_cont2112,0.0,0.0,0.0,0.0,0.0
x_cont2113,0.0,0.0,0.0,0.0,0.0
x_cont2114,0.0,0.0,0.0,0.0,0.0
x_cont2115,0.0,0.0,0.0,0.0,0.0
x_cont2116,0.0,0.0,0.0,0.0,0.0
x_cont2117,0.0,0.0,0.0,0.0,0.0
x_cont2118,0.0,0.0,0.0,0.0,0.0
x_cont2119,0.0,0.0,0.0,0.0,0.0
x_cont2120,0.0,0.0,0.0,0.0,0.0
x_cont2121,0.0,0.0,0.0,0.0,0.0
x_cont2122,0.0,0.0,0.0,0.0,0.0
x_cont2123,0.0,0.0,0.0,0.0,0.0
x_cont2124,0.0,0.0,0.0,0.0,0.0
x_cont2125,0.0,0.0,0.0,0.0,0.0
x_cont2126,0.0,0.0,0.0,0.0,0.0
x_cont2127,0.0,0.0,0.0,0.0,0.0
x_cont2128,0.0,0.0,0.0,0.0,0.0
x_cont2129,0.0,0.0,0.0,0.0,0.0
x_cont2130,0.0,0.0,0.0,0.0,0.0
x_cont2131,0.0,0.0,0.0,0.0,0.0
x_cont2132,0.0,0.0,0.0,0.0,0.0
x_cont2133,0.0,0.0,0.0,0.0,0.0
x_cont2134,0.0,0.0,0.0,0.0,0.0
x_cont2135,0.0,0.0,0.0,0.0,0.0
x_cont2136,0.0,0.0,0.0,0.0,0.0
x_cont2137,0.0,0.0,0.0,0.0,0.0
x_cont2138,0.0,0.0,0.0,0.0,0.0
x_cont2139,0.0,0.0,0.0,0.0,0.0
x_cont2140,0.0,0.0,0.0,0.0,0.0
x_cont2141,0.0,0.0,0.0,0.0,0.0
x_cont2142,0.0,0.0,0.0,0.0,0.0
x_cont2143,0.0,0.0,0.0,0.0,0.0
x_cont2144,0.0,0.0,0.0,0.0,0.0
x_cont2145,0.0,0.0,0.0,0.0,0.0
x_cont2146,0.0,0.0,0.0,0.0,0.0
x_cont2147,0.0,0.0,0.0,0.0,0.0
x_cont2148,0.0,0.0,0.0,0.0,0.0
x_cont2149,0.0,0.0,0.0,0.0,0.0
x_cont2150,0.0,0.0,0.0,0.0,0.0
x_cont2151,0.0,0.0,0.0,0.0,0.0
x_cont2152,0.0,0.0,0.0,0.0,0.0
x_cont2153,0.0,0.0,0.0,0.0,0.0
x_cont2154,0.0,0.0,0.0,0.0,0.0
x_cont2155,0.0,0.0,0.0,0.0,0.0
x_cont2156,0.0,0.0,0.0,0.0,0.0
x_cont2157,0.0,0.0,0.0,0.0,0.0
x_cont2158,0.0,0.0,0.0,0.0,0.0
x_cont2159,0.0,0.0,0.0,0.0,0.0
x_cont2160,0.0,0.0,0.0,0.0,0.0
x_cont2161,0.0,0.0,0.0,0.0,0.0
x_cont2162,0.0,0.0,0.0,0.0,0.0
x_cont2163,0.0,0.0,0.0,0.0,0.0
x_cont2164,0.0,0.0,0.0,0.0,0.0
x_cont2165,0.0,0.0,0.0,0.0,0.0
x_cont2166,0.0,0.0,0.0,0.0,0.0
x_cont2167,0.0,0.0,0.0,0.0,0.0
x_cont2168,0.0,0.0,0.0,0.0,0.0
x_cont2169,0.0,0.0,0.0,0.0,0.0
x_cont2170,0.0,0.0,0.0,0.0,0.0
x_cont2171,0.0,0.0,0.0,0.0,0.0
x_cont2172,0.0,0.0,0.0,0.0,0.0
x_cont2173,0.0,0.0,0.0,0.0,0.0
x_cont2174,0.0,0.0,0.0,0.0,0.0
x_cont2175,0.0,0.0,0.0,0.0,0.0
x_cont2176,0.0,0.0,0.0,0.0,0.0
x_cont2177,0.0,0.0,0.0,0.0,0.0
x_cont2178,0.0,0.0,0.0,0.0,0.0
x_cont2179,0.0,0.0,0.0,0.0,0.0
x_cont2180,0.0,0.0,0.0,0.0,0.0
x_cont2181,0.0,0.0,0.0,0.0,0.0
x_cont2182,0.0,0.0,0.0,0.0,0.0
x_cont2183,0.0,0.0,0.0,0.0,0.0
x_cont2184,0.0,0.0,0.0,0.0,0.0
x_cont2185,0.0,0.0,0.0,0.0,0.0
x_cont2186,0.0,0.0,0.0,0.0,0.0
x_cont2187,0.0,0.0,0.0,0.0,0.0
x_cont2188,0.0,0.0,0.0,0.0,0.0
x_cont2189,0.0,0.0,0.0,0.0,0.0
x_cont2190,0.0,0.0,0.0,0.0,0.0
x_cont2191,0.0,0.0,0.0,0.0,0.0
x_cont2192,0.0,0.0,0.0,0.0,0.0
x_cont2193,0.0,0.0,0.0,0.0,0.0
x_cont2194,0.0,0.0,0.0,0.0,0.0
x_cont2195,0.0,0.0,0.0,0.0,0.0
x_cont2196,0.0,0.0,0.0,0.0,0.0
x_cont2197,0.0,0.0,0.0,0.0,0.0
x_cont2198,0.0,0.0,0.0,0.0,0.0
x_cont2199,0.0,0.0,0.0,0.0,0.0
x_cont2200,0.0,0.0,0.0,0.0,0.0
x_cont2201,0.0,0.0,0.0,0.0,0.0
x_cont2202,0.0,0.0,0.0,0.0,0.0
x_cont2203,0.0,0.0,0.0,0.0,0.0
x_cont2204,0.0,0.0,0.0,0.0,0.0
x_cont2205,0.0,0.0,0.0,0.0,0.0
x_cont2206,0.0,0.0,0.0,0.0,0.0
x_cont2207,0.0,0.0,0.0,0.0,0.0
x_cont2208,0.0,0.0,0.0,0.0,0.0
x_cont2209,0.0,0.0,0.0,0.0,0.0
x_cont2210,0.0,0.0,0.0,0.0,0.0
x_cont2211,0.0,0.0,0.0,0.0,0.0
x_cont2212,0.0,0.0,0.0,0.0,0.0
x_cont2213,0.0,0.0,0.0,0.0,0.0
x_cont2214,0.0,0.0,0.0,0.0,0.0
x_cont2215,0.0,0.0,0.0,0.0,0.0
x_cont2216,0.0,0.0,0.0,0.0,0.0
x_cont2217,0.0,0.0,0.0,0.0,0.0
x_cont2218,0.0,0.0,0.0,0.0,0.0
x_cont2219,0.0,0.0,0.0,0.0,0.0
x_cont2220,0.0,0.0,0.0,0.0,0.0
x_cont2221,0.0,0.0,0.0,0.0,0.0
x_cont2222,0.0,0.0,0.0,0.0,0.0
x_cont2223,0.0,0.0,0.0,0.0,0.0
x_cont2224,0.0,0.0,0.0,0.0,0.0
x_cont2225,0.0,0.0,0.0,0.0,0.0
x_cont2226,0.0,0.0,0.0,0.0,0.0
x_cont2227,0.0,0.0,0.0,0.0,0.0
x_cont2228,0.0,0.0,0.0,0.0,0.0
x_cont2229,0.0,0.0,0.0,0.0,0.0
x_cont2230,0.0,0.0,0.0,0.0,0.0
x_cont2231,0.0,0.0,0.0,0.0,0.0
x_cont2232,0.0,0.0,0.0,0.0,0.0
x_cont2233,0.0,0.0,0.0,0.0,0.0
x_cont2234,0.0,0.0,0.0,0.0,0.0
x_cont2235,0.0,0.0,0.0,0.0,0.0
x_cont2236,0.0,0.0,0.0,0.0,0.0
x_cont2237,0.0,0.0,0.0,0.0,0.0
x_cont2238,0.0,0.0,0.0,0.0,0.0
x_cont2239,0.0,0.0,0.0,0.0,0.0
x_cont2240,0.0,0.0,0.0,0.0,0.0
x_cont2241,0.0,0.0,0.0,0.0,0.0
x_cont2242,0.0,0.0,0.0,0.0,0.0
x_cont2243,0.0,0.0,0.0,0.0,0.0
x_cont2244,0.0,0.0,0.0,0.0,0.0
x_cont2245,0.0,0.0,0.0,0.0,0.0
x_cont2246,0.0,0.0,0.0,0.0,0.0
x_cont2247,0.0,0.0,0.0,0.0,0.0
x_cont2248,0.0,0.0,0.0,0.0,0.0
x_cont2249,0.0,0.0,0.0,0.0,0.0
x_cont2250,0.0,0.0,0.0,0.0,0.0
x_cont2251,0.0,0.0,0.0,0.0,0.0
x_cont2252,0.0,0.0,0.0,0.0,0.0
x_cont2253,0.0,0.0,0.0,0.0,0.0
x_cont2254,0.0,0.0,0.0,0.0,0.0
x_cont2255,0.0,0.0,0.0,0.0,0.0
x_cont2256,0.0,0.0,0.0,0.0,0.0
x_cont2257,0.0,0.0,0.0,0.0,0.0
x_cont2258,0.0,0.0,0.0,0.0,0.0
x_cont2259,0.0,0.0,0.0,0.0,0.0
x_cont2260,0.0,0.0,0.0,0.0,0.0
x_cont2261,0.0,0.0,0.0,0.0,0.0
x_cont2262,0.0,0.0,0.0,0.0,0.0
x_cont2263,0.0,0.0,0.0,0.0,0.0
x_cont2264,0.0,0.0,0.0,0.0,0.0
x_cont2265,0.0,0.0,0.0,0.0,0.0
x_cont2266,0.0,0.0,0.0,0.0,0.0
x_cont2267,0.0,0.0,0.0,0.0,0.0
x_cont2268,0.0,0.0,0.0,0.0,0.0
x_cont2269,0.0,0.0,0.0,0.0,0.0
x_cont2270,0.0,0.0,0.0,0.0,0.0
x_cont2271,0.0,0.0,0.0,0.0,0.0
x_cont2272,0.0,0.0,0.0,0.0,0.0
x_cont2273,0.0,0.0,0.0,0.0,0.0
x_cont2274,0.0,0.0,0.0,0.0,0.0
x_cont2275,0.0,0.0,0.0,0.0,0.0
x_cont2276,0.0,0.0,0.0,0.0,0.0
x_cont2277,0.0,0.0,0.0,0.0,0.0
x_cont2278,0.0,0.0,0.0,0.0,0.0
x_cont2279,0.0,0.0,0.0,0.0,0.0
x_cont2280,0.0,0.0,0.0,0.0,0.0
x_cont2281,0.0,0.0,0.0,0.0,0.0
x_cont2282,0.0,0.0,0.0,0.0,0.0
x_cont2283,0.0,0.0,0.0,0.0,0.0
x_cont2284,0.0,0.0,0.0,0.0,0.0
x_cont2285,0.0,0.0,0.0,0.0,0.0
x_cont2286,0.0,0.0,0.0,0.0,0.0
x_cont2287,0.0,0.0,0.0,0.0,0.0
x_cont2288,0.0,0.0,0.0,0.0,0.0
x_cont2289,0.0,0.0,0.0,0.0,0.0
x_cont2290,0.0,0.0,0.0,0.0,0.0
x_cont2291,0.0,0.0,0.0,0.0,0.0
x_cont2292,0.0,0.0,0.0,0.0,0.0
x_cont2293,0.0,0.0,0.0,0.0,0.0
x_cont2294,0.0,0.0,0.0,0.0,0.0
x_cont2295,0.0,0.0,0.0,0.0,0.0
x_cont2296,0.0,0.0,0.0,0.0,0.0
x_cont2297,0.0,0.0,0.0,0.0,0.0
x_cont2298,0.0,0.0,0.0,0.0,0.0
x_cont2299,0.0,0.0,0.0,0.0,0.0
x_cont2300,0.0,0.0,0.0,0.0,0.0
x_cont2301,0.0,0.0,0.0,0.0,0.0
x_cont2302,0.0,0.0,0.0,0.0,0.0
x_cont2303,0.0,0.0,0.0,0.0,0.0
x_cont2304,0.0,0.0,0.0,0.0,0.0
x_cont2305,0.0,0.0,0.0,0.0,0.0
x_cont2306,0.0,0.0,0.0,0.0,0.0
x_cont2307,0.0,0.0,0.0,0.0,0.0
x_cont2308,0.0,0.0,0.0,0.0,0.0
x_cont2309,0.0,0.0,0.0,0.0,0.0
x_cont2310,0.0,0.0,0.0,0.0,0.0
x_cont2311,0.0,0.0,0.0,0.0,0.0
x_cont2312,0.0,0.0,0.0,0.0,0.0
x_cont2313,0.0,0.0,0.0,0.0,0.0
x_cont2314,0.0,0.0,0.0,0.0,0.0
x_cont2315,0.0,0.0,0.0,0.0,0.0
x_cont2316,0.0,0.0,0.0,0.0,0.0
x_cont2317,0.0,0.0,0.0,0.0,0.0
x_cont2318,0.0,0.0,0.0,0.0,0.0
x_cont2319,0.0,0.0,0.0,0.0,0.0
x_cont2320,0.0,0.0,0.0,0.0,0.0
x_cont2321,0.0,0.0,0.0,0.0,0.0
x_cont2322,0.0,0.0,0.0,0.0,0.0
x_cont2323,0.0,0.0,0.0,0.0,0.0
x_cont2324,0.0,0.0,0.0,0.0,0.0
x_cont2325,0.0,0.0,0.0,0.0,0.0
x_cont2326,0.0,0.0,0.0,0.0,0.0
x_cont2327,0.0,0.0,0.0,0.0,0.0
x_cont2328,0.0,0.0,0.0,0.0,0.0
x_cont2329,0.0,0.0,0.0,0.0,0.0
x_cont2330,0.0,0.0,0.0,0.0,0.0
x_cont2331,0.0,0.0,0.0,0.0,0.0
x_cont2332,0.0,0.0,0.0,0.0,0.0
x_cont2333,0.0,0.0,0.0,0.0,0.0
x_cont2334,0.0,0.0,0.0,0.0,0.0
x_cont2335,0.0,0.0,0.0,0.0,0.0
x_cont2336,0.0,0.0,0.0,0.0,0.0
x_cont2337,0.0,0.0,0.0,0.0,0.0
x_cont2338,0.0,0.0,0.0,0.0,0.0
x_cont2339,0.0,0.0,0.0,0.0,0.0
x_cont2340,0.0,0.0,0.0,0.0,0.0
x_cont2341,0.0,0.0,0.0,0.0,0.0
x_cont2342,0.0,0.0,0.0,0.0,0.0
x_cont2343,0.0,0.0,0.0,0.0,0.0
x_cont2344,0.0,0.0,0.0,0.0,0.0
x_cont2345,0.0,0.0,0.0,0.0,0.0
x_cont2346,0.0,0.0,0.0,0.0,0.0
x_cont2347,0.0,0.0,0.0,0.0,0.0
x_cont2348,0.0,0.0,0.0,0.0,0.0
x_cont2349,0.0,0.0,0.0,0.0,0.0
x_cont2350,0.0,0.0,0.0,0.0,0.0
x_cont2351,0.0,0.0,0.0,0.0,0.0
x_cont2352,0.0,0.0,0.0,0.0,0.0
x_cont2353,0.0,0.0,0.0,0.0,0.0
x_cont2354,0.0,0.0,0.0,0.0,0.0
x_cont2355,0.0,0.0,0.0,0.0,0.0
x_cont2356,0.0,0.0,0.0,0.0,0.0
x_cont2357,0.0,0.0,0.0,0.0,0.0
x_cont2358,0.0,0.0,0.0,0.0,0.0
x_cont2359,0.0,0.0,0.0,0.0,0.0
x_cont2360,0.0,0.0,0.0,0.0,0.0
x_cont2361,0.0,0.0,0.0,0.0,0.0
x_cont2362,0.0,0.0,0.0,0.0,0.0
x_cont2363,0.0,0.0,0.0,0.0,0.0
x_cont2364,0.0,0.0,0.0,0.0,0.0
x_cont2365,0.0,0.0,0.0,0.0,0.0
x_cont2366,0.0,0.0,0.0,0.0,0.0
x_cont2367,0.0,0.0,0.0,0.0,0.0
x_cont2368,0.0,0.0,0.0,0.0,0.0
x_cont2369,0.0,0.0,0.0,0.0,0.0
x_cont2370,0.0,0.0,0.0,0.0,0.0
x_cont2371,0.0,0.0,0.0,0.0,0.0
x_cont2372,0.0,0.0,0.0,0.0,0.0
x_cont2373,0.0,0.0,0.0,0.0,0.0
x_cont2374,0.0,0.0,0.0,0.0,0.0
x_cont2375,0.0,0.0,0.0,0.0,0.0
x_cont2376,0.0,0.0,0.0,0.0,0.0
x_cont2377,0.0,0.0,0.0,0.0,0.0
x_cont2378,0.0,0.0,0.0,0.0,0.0
x_cont2379,0.0,0.0,0.0,0.0,0.0
x_cont2380,0.0,0.0,0.0,0.0,0.0
x_cont2381,0.0,0.0,0.0,0.0,0.0
x_cont2382,0.0,0.0,0.0,0.0,0.0
x_cont2383,0.0,0.0,0.0,0.0,0.0
x_cont2384,0.0,0.0,0.0,0.0,0.0
x_cont2385,0.0,0.0,0.0,0.0,0.0
x_cont2386,0.0,0.0,0.0,0.0,0.0
x_cont2387,0.0,0.0,0.0,0.0,0.0
x_cont2388,0.0,0.0,0.0,0.0,0.0
x_cont2389,0.0,0.0,0.0,0.0,0.0
x_cont2390,0.0,0.0,0.0,0.0,0.0
x_cont2391,0.0,0.0,0.0,0.0,0.0
x_cont2392,0.0,0.0,0.0,0.0,0.0
x_cont2393,0.0,0.0,0.0,0.0,0.0
x_cont2394,0.0,0.0,0.0,0.0,0.0
x_cont2395,0.0,0.0,0.0,0.0,0.0
x_cont2396,0.0,0.0,0.0,0.0,0.0
x_cont2397,0.0,0.0,0.0,0.0,0.0
x_cont2398,0.0,0.0,0.0,0.0,0.0
x_cont2399,0.0,0.0,0.0,0.0,0.0
x_cont2400,0.0,0.0,0.0,0.0,0.0
x_cont2401,0.0,0.0,0.0,0.0,0.0
x_cont2402,0.0,0.0,0.0,0.0,0.0
x_cont2403,0.0,0.0,0.0,0.0,0.0
x_cont2404,0.0,0.0,0.0,0.0,0.0
x_cont2405,0.0,0.0,0.0,0.0,0.0
x_cont2406,0.0,0.0,0.0,0.0,0.0
x_cont2407,0.0,0.0,0.0,0.0,0.0
x_cont2408,0.0,0.0,0.0,0.0,0.0
x_cont2409,0.0,0.0,0.0,0.0,0.0
x_cont2410,0.0,0.0,0.0,0.0,0.0
x_cont2411,0.0,0.0,0.0,0.0,0.0
x_cont2412,0.0,0.0,0.0,0.0,0.0
x_cont2413,0.0,0.0,0.0,0.0,0.0
x_cont2414,0.0,0.0,0.0,0.0,0.0
x_cont2415,0.0,0.0,0.0,0.0,0.0
x_cont2416,0.0,0.0,0.0,0.0,0.0
x_cont2417,0.0,0.0,0.0,0.0,0.0
x_cont2418,0.0,0.0,0.0,0.0,0.0
x_cont2419,0.0,0.0,0.0,0.0,0.0
x_cont2420,0.0,0.0,0.0,0.0,0.0
x_cont2421,0.0,0.0,0.0,0.0,0.0
x_cont2422,0.0,0.0,0.0,0.0,0.0
x_cont2423,0.0,0.0,0.0,0.0,0.0
x_cont2424,0.0,0.0,0.0,0.0,0.0
x_cont2425,0.0,0.0,0.0,0.0,0.0
x_cont2426,0.0,0.0,0.0,0.0,0.0
x_cont2427,0.0,0.0,0.0,0.0,0.0
x_cont2428,0.0,0.0,0.0,0.0,0.0
x_cont2429,0.0,0.0,0.0,0.0,0.0
x_cont2430,0.0,0.0,0.0,0.0,0.0
x_cont2431,0.0,0.0,0.0,0.0,0.0
x_cont2432,0.0,0.0,0.0,0.0,0.0
x_cont2433,0.0,0.0,0.0,0.0,0.0
x_cont2434,0.0,0.0,0.0,0.0,0.0
x_cont2435,0.0,0.0,0.0,0.0,0.0
x_cont2436,0.0,0.0,0.0,0.0,0.0
x_cont2437,0.0,0.0,0.0,0.0,0.0
x_cont2438,0.0,0.0,0.0,0.0,0.0
x_cont2439,0.0,0.0,0.0,0.0,0.0
x_cont2440,0.0,0.0,0.0,0.0,0.0
x_cont2441,0.0,0.0,0.0,0.0,0.0
x_cont2442,0.0,0.0,0.0,0.0,0.0
x_cont2443,0.0,0.0,0.0,0.0,0.0
x_cont2444,0.0,0.0,0.0,0.0,0.0
x_cont2445,0.0,0.0,0.0,0.0,0.0
x_cont2446,0.0,0.0,0.0,0.0,0.0
x_cont2447,0.0,0.0,0.0,0.0,0.0
x_cont2448,0.0,0.0,0.0,0.0,0.0
x_cont2449,0.0,0.0,0.0,0.0,0.0
x_cont2450,0.0,0.0,0.0,0.0,0.0
x_cont2451,0.0,0.0,0.0,0.0,0.0
x_cont2452,0.0,0.0,0.0,0.0,0.0
x_cont2453,0.0,0.0,0.0,0.0,0.0
x_cont2454,0.0,0.0,0.0,0.0,0.0
x_cont2455,0.0,0.0,0.0,0.0,0.0
x_cont2456,0.0,0.0,0.0,0.0,0.0
x_cont2457,0.0,0.0,0.0,0.0,0.0
x_cont2458,0.0,0.0,0.0,0.0,0.0
x_cont2459,0.0,0.0,0.0,0.0,0.0
x_cont2460,0.0,0.0,0.0,0.0,0.0
x_cont2461,0.0,0.0,0.0,0.0,0.0
x_cont2462,0.0,0.0,0.0,0.0,0.0
x_cont2463,0.0,0.0,0.0,0.0,0.0
x_cont2464,0.0,0.0,0.0,0.0,0.0
x_cont2465,0.0,0.0,0.0,0.0,0.0
x_cont2466,0.0,0.0,0.0,0.0,0.0
x_cont2467,0.0,0.0,0.0,0.0,0.0
x_cont2468,0.0,0.0,0.0,0.0,0.0
x_cont2469,0.0,0.0,0.0,0.0,0.0
x_cont2470,0.0,0.0,0.0,0.0,0.0
x_cont2471,0.0,0.0,0.0,0.0,0.0
x_cont2472,0.0,0.0,0.0,0.0,0.0
x_cont2473,0.0,0.0,0.0,0.0,0.0
x_cont2474,0.0,0.0,0.0,0.0,0.0
x_cont2475,0.0,0.0,0.0,0.0,0.0
x_cont2476,0.0,0.0,0.0,0.0,0.0
x_cont2477,0.0,0.0,0.0,0.0,0.0
x_cont2478,0.0,0.0,0.0,0.0,0.0
x_cont2479,0.0,0.0,0.0,0.0,0.0
x_cont2480,0.0,0.0,0.0,0.0,0.0
x_cont2481,0.0,0.0,0.0,0.0,0.0
x_cont2482,0.0,0.0,0.0,0.0,0.0
x_cont2483,0.0,0.0,0.0,0.0,0.0
x_cont2484,0.0,0.0,0.0,0.0,0.0
x_cont2485,0.0,0.0,0.0,0.0,0.0
x_cont2486,0.0,0.0,0.0,0.0,0.0
x_cont2487,0.0,0.0,0.0,0.0,0.0
x_cont2488,0.0,0.0,0.0,0.0,0.0
x_cont2489,0.0,0.0,0.0,0.0,0.0
x_cont2490,0.0,0.0,0.0,0.0,0.0
x_cont2491,0.0,0.0,0.0,0.0,0.0
x_cont2492,0.0,0.0,0.0,0.0,0.0
x_cont2493,0.0,0.0,0.0,0.0,0.0
x_cont2494,0.0,0.0,0.0,0.0,0.0
x_cont2495,0.0,0.0,0.0,0.0,0.0
x_cont2496,0.0,0.0,0.0,0.0,0.0
x_cont2497,0.0,0.0,0.0,0.0,0.0
x_cont2498,0.0,0.0,0.0,0.0,0.0
x_cont2499,0.0,0.0,0.0,0.0,0.0
x_cont2500,0.0,0.0,0.0,0.0,0.0
x_cont2501,0.0,0.0,0.0,0.0,0.0
x_cont2502,0.0,0.0,0.0,0.0,0.0
x_cont2503,0.0,0.0,0.0,0.0,0.0
x_cont2504,0.0,0.0,0.0,0.0,0.0
x_cont2505,0.0,0.0,0.0,0.0,0.0
x_cont2506,0.0,0.0,0.0,0.0,0.0
x_cont2507,0.0,0.0,0.0,0.0,0.0
x_cont2508,0.0,0.0,0.0,0.0,0.0
x_cont2509,0.0,0.0,0.0,0.0,0.0
x_cont2510,0.0,0.0,0.0,0.0,0.0
x_cont2511,0.0,0.0,0.0,0.0,0.0
x_cont2512,0.0,0.0,0.0,0.0,0.0
x_cont2513,0.0,0.0,0.0,0.0,0.0
x_cont2514,0.0,0.0,0.0,0.0,0.0
x_cont2515,0.0,0.0,0.0,0.0,0.0
x_cont2516,0.0,0.0,0.0,0.0,0.0
x_cont2517,0.0,0.0,0.0,0.0,0.0
x_cont2518,0.0,0.0,0.0,0.0,0.0
x_cont2519,0.0,0.0,0.0,0.0,0.0
x_cont2520,0.0,0.0,0.0,0.0,0.0
x_cont2521,0.0,0.0,0.0,0.0,0.0
x_cont2522,0.0,0.0,0.0,0.0,0.0
x_cont2523,0.0,0.0,0.0,0.0,0.0
x_cont2524,0.0,0.0,0.0,0.0,0.0
x_cont2525,0.0,0.0,0.0,0.0,0.0
x_cont2526,0.0,0.0,0.0,0.0,0.0
x_cont2527,0.0,0.0,0.0,0.0,0.0
x_cont2528,0.0,0.0,0.0,0.0,0.0
x_cont2529,0.0,0.0,0.0,0.0,0.0
x_cont2530,0.0,0.0,0.0,0.0,0.0
x_cont2531,0.0,0.0,0.0,0.0,0.0
x_cont2532,0.0,0.0,0.0,0.0,0.0
x_cont2533,0.0,0.0,0.0,0.0,0.0
x_cont2534,0.0,0.0,0.0,0.0,0.0
x_cont2535,0.0,0.0,0.0,0.0,0.0
x_cont2536,0.0,0.0,0.0,0.0,0.0
x_cont2537,0.0,0.0,0.0,0.0,0.0
x_cont2538,0.0,0.0,0.0,0.0,0.0
x_cont2539,0.0,0.0,0.0,0.0,0.0
x_cont2540,0.0,0.0,0.0,0.0,0.0
x_cont2541,0.0,0.0,0.0,0.0,0.0
x_cont2542,0.0,0.0,0.0,0.0,0.0
x_cont2543,0.0,0.0,0.0,0.0,0.0
x_cont2544,0.0,0.0,0.0,0.0,0.0
x_cont2545,0.0,0.0,0.0,0.0,0.0
x_cont2546,0.0,0.0,0.0,0.0,0.0
x_cont2547,0.0,0.0,0.0,0.0,0.0
x_cont2548,0.0,0.0,0.0,0.0,0.0
x_cont2549,0.0,0.0,0.0,0.0,0.0
x_cont2550,0.0,0.0,0.0,0.0,0.0
x_cont2551,0.0,0.0,0.0,0.0,0.0
x_cont2552,0.0,0.0,0.0,0.0,0.0
x_cont2553,0.0,0.0,0.0,0.0,0.0
x_cont2554,0.0,0.0,0.0,0.0,0.0
x_cont2555,0.0,0.0,0.0,0.0,0.0
x_cont2556,0.0,0.0,0.0,0.0,0.0
x_cont2557,0.0,0.0,0.0,0.0,0.0
x_cont2558,0.0,0.0,0.0,0.0,0.0
x_cont2559,0.0,0.0,0.0,0.0,0.0
x_cont2560,0.0,0.0,0.0,0.0,0.0
x_cont2561,0.0,0.0,0.0,0.0,0.0
x_cont2562,0.0,0.0,0.0,0.0,0.0
x_cont2563,0.0,0.0,0.0,0.0,0.0
x_cont2564,0.0,0.0,0.0,0.0,0.0
x_cont2565,0.0,0.0,0.0,0.0,0.0
x_cont2566,0.0,0.0,0.0,0.0,0.0
x_cont2567,0.0,0.0,0.0,0.0,0.0
x_cont2568,0.0,0.0,0.0,0.0,0.0
x_cont2569,0.0,0.0,0.0,0.0,0.0
x_cont2570,0.0,0.0,0.0,0.0,0.0
x_cont2571,0.0,0.0,0.0,0.0,0.0
x_cont2572,0.0,0.0,0.0,0.0,0.0
x_cont2573,0.0,0.0,0.0,0.0,0.0
x_cont2574,0.0,0.0,0.0,0.0,0.0
x_cont2575,0.0,0.0,0.0,0.0,0.0
x_cont2576,0.0,0.0,0.0,0.0,0.0
x_cont2577,0.0,0.0,0.0,0.0,0.0
x_cont2578,0.0,0.0,0.0,0.0,0.0
x_cont2579,0.0,0.0,0.0,0.0,0.0
x_cont2580,0.0,0.0,0.0,0.0,0.0
x_cont2581,0.0,0.0,0.0,0.0,0.0
x_cont2582,0.0,0.0,0.0,0.0,0.0
x_cont2583,0.0,0.0,0.0,0.0,0.0
x_cont2584,0.0,0.0,0.0,0.0,0.0
x_cont2585,0.0,0.0,0.0,0.0,0.0
x_cont2586,0.0,0.0,0.0,0.0,0.0
x_cont2587,0.0,0.0,0.0,0.0,0.0
x_cont2588,0.0,0.0,0.0,0.0,0.0
x_cont2589,0.0,0.0,0.0,0.0,0.0
x_cont2590,0.0,0.0,0.0,0.0,0.0
x_cont2591,0.0,0.0,0.0,0.0,0.0
x_cont2592,0.0,0.0,0.0,0.0,0.0
x_cont2593,0.0,0.0,0.0,0.0,0.0
x_cont2594,0.0,0.0,0.0,0.0,0.0
x_cont2595,0.0,0.0,0.0,0.0,0.0
x_cont2596,0.0,0.0,0.0,0.0,0.0
x_cont2597,0.0,0.0,0.0,0.0,0.0
x_cont2598,0.0,0.0,0.0,0.0,0.0
x_cont2599,0.0,0.0,0.0,0.0,0.0
x_cont2600,0.0,0.0,0.0,0.0,0.0
x_cont2601,0.0,0.0,0.0,0.0,0.0
x_cont2602,0.0,0.0,0.0,0.0,0.0
x_cont2603,0.0,0.0,0.0,0.0,0.0
x_cont2604,0.0,0.0,0.0,0.0,0.0
x_cont2605,0.0,0.0,0.0,0.0,0.0
x_cont2606,0.0,0.0,0.0,0.0,0.0
x_cont2607,0.0,0.0,0.0,0.0,0.0
x_cont2608,0.0,0.0,0.0,0.0,0.0
x_cont2609,0.0,0.0,0.0,0.0,0.0
x_cont2610,0.0,0.0,0.0,0.0,0.0
x_cont2611,0.0,0.0,0.0,0.0,0.0
x_cont2612,0.0,0.0,0.0,0.0,0.0
x_cont2613,0.0,0.0,0.0,0.0,0.0
x_cont2614,0.0,0.0,0.0,0.0,0.0
x_cont2615,0.0,0.0,0.0,0.0,0.0
x_cont2616,0.0,0.0,0.0,0.0,0.0
x_cont2617,0.0,0.0,0.0,0.0,0.0
x_cont2618,0.0,0.0,0.0,0.0,0.0
x_cont2619,0.0,0.0,0.0,0.0,0.0
x_cont2620,0.0,0.0,0.0,0.0,0.0
x_cont2621,0.0,0.0,0.0,0.0,0.0
x_cont2622,0.0,0.0,0.0,0.0,0.0
x_cont2623,0.0,0.0,0.0,0.0,0.0
x_cont2624,0.0,0.0,0.0,0.0,0.0
x_cont2625,0.0,0.0,0.0,0.0,0.0
x_cont2626,0.0,0.0,0.0,0.0,0.0
x_cont2627,0.0,0.0,0.0,0.0,0.0
x_cont2628,0.0,0.0,0.0,0.0,0.0
x_cont2629,0.0,0.0,0.0,0.0,0.0
x_cont2630,0.0,0.0,0.0,0.0,0.0
x_cont2631,0.0,0.0,0.0,0.0,0.0
x_cont2632,0.0,0.0,0.0,0.0,0.0
x_cont2633,0.0,0.0,0.0,0.0,0.0
x_cont2634,0.0,0.0,0.0,0.0,0.0
x_cont2635,0.0,0.0,0.0,0.0,0.0
x_cont2636,0.0,0.0,0.0,0.0,0.0
x_cont2637,0.0,0.0,0.0,0.0,0.0
x_cont2638,0.0,0.0,0.0,0.0,0.0
x_cont2639,0.0,0.0,0.0,0.0,0.0
x_cont2640,0.0,0.0,0.0,0.0,0.0
x_cont2641,0.0,0.0,0.0,0.0,0.0
x_cont2642,0.0,0.0,0.0,0.0,0.0
x_cont2643,0.0,0.0,0.0,0.0,0.0
x_cont2644,0.0,0.0,0.0,0.0,0.0
x_cont2645,0.0,0.0,0.0,0.0,0.0
x_cont2646,0.0,0.0,0.0,0.0,0.0
x_cont2647,0.0,0.0,0.0,0.0,0.0
x_cont2648,0.0,0.0,0.0,0.0,0.0
x_cont2649,0.0,0.0,0.0,0.0,0.0
x_cont2650,0.0,0.0,0.0,0.0,0.0
x_cont2651,0.0,0.0,0.0,0.0,0.0
x_cont2652,0.0,0.0,0.0,0.0,0.0
x_cont2653,0.0,0.0,0.0,0.0,0.0
x_cont2654,0.0,0.0,0.0,0.0,0.0
x_cont2655,0.0,0.0,0.0,0.0,0.0
x_cont2656,0.0,0.0,0.0,0.0,0.0
x_cont2657,0.0,0.0,0.0,0.0,0.0
x_cont2658,0.0,0.0,0.0,0.0,0.0
x_cont2659,0.0,0.0,0.0,0.0,0.0
x_cont2660,0.0,0.0,0.0,0.0,0.0
x_cont2661,0.0,0.0,0.0,0.0,0.0
x_cont2662,0.0,0.0,0.0,0.0,0.0
x_cont2663,0.0,0.0,0.0,0.0,0.0
x_cont2664,0.0,0.0,0.0,0.0,0.0
x_cont2665,0.0,0.0,0.0,0.0,0.0
x_cont2666,0.0,0.0,0.0,0.0,0.0
x_cont2667,0.0,0.0,0.0,0.0,0.0
x_cont2668,0.0,0.0,0.0,0.0,0.0
x_cont2669,0.0,0.0,0.0,0.0,0.0
x_cont2670,0.0,0.0,0.0,0.0,0.0
x_cont2671,0.0,0.0,0.0,0.0,0.0
x_cont2672,0.0,0.0,0.0,0.0,0.0
x_cont2673,0.0,0.0,0.0,0.0,0.0
x_cont2674,0.0,0.0,0.0,0.0,0.0
x_cont2675,0.0,0.0,0.0,0.0,0.0
x_cont2676,0.0,0.0,0.0,0.0,0.0
x_cont2677,0.0,0.0,0.0,0.0,0.0
x_cont2678,0.0,0.0,0.0,0.0,0.0
x_cont2679,0.0,0.0,0.0,0.0,0.0
x_cont2680,0.0,0.0,0.0,0.0,0.0
x_cont2681,0.0,0.0,0.0,0.0,0.0
x_cont2682,0.0,0.0,0.0,0.0,0.0
x_cont2683,0.0,0.0,0.0,0.0,0.0
x_cont2684,0.0,0.0,0.0,0.0,0.0
x_cont2685,0.0,0.0,0.0,0.0,0.0
x_cont2686,0.0,0.0,0.0,0.0,0.0
x_cont2687,0.0,0.0,0.0,0.0,0.0
x_cont2688,0.0,0.0,0.0,0.0,0.0
x_cont2689,0.0,0.0,0.0,0.0,0.0
x_cont2690,0.0,0.0,0.0,0.0,0.0
x_cont2691,0.0,0.0,0.0,0.0,0.0
x_cont2692,0.0,0.0,0.0,0.0,0.0
x_cont2693,0.0,0.0,0.0,0.0,0.0
x_cont2694,0.0,0.0,0.0,0.0,0.0
x_cont2695,0.0,0.0,0.0,0.0,0.0
x_cont2696,0.0,0.0,0.0,0.0,0.0
x_cont2697,0.0,0.0,0.0,0.0,0.0
x_cont2698,0.0,0.0,0.0,0.0,0.0
x_cont2699,0.0,0.0,0.0,0.0,0.0
x_cont2700,0.0,0.0,0.0,0.0,0.0
x_cont2701,0.0,0.0,0.0,0.0,0.0
x_cont2702,0.0,0.0,0.0,0.0,0.0
x_cont2703,0.0,0.0,0.0,0.0,0.0
x_cont2704,0.0,0.0,0.0,0.0,0.0
x_cont2705,0.0,0.0,0.0,0.0,0.0
x_cont2706,0.0,0.0,0.0,0.0,0.0
x_cont2707,0.0,0.0,0.0,0.0,0.0
x_cont2708,0.0,0.0,0.0,0.0,0.0
x_cont2709,0.0,0.0,0.0,0.0,0.0
x_cont2710,0.0,0.0,0.0,0.0,0.0
x_cont2711,0.0,0.0,0.0,0.0,0.0
x_cont2712,0.0,0.0,0.0,0.0,0.0
x_cont2713,0.0,0.0,0.0,0.0,0.0
x_cont2714,0.0,0.0,0.0,0.0,0.0
x_cont2715,0.0,0.0,0.0,0.0,0.0
x_cont2716,0.0,0.0,0.0,0.0,0.0
x_cont2717,0.0,0.0,0.0,0.0,0.0
x_cont2718,0.0,0.0,0.0,0.0,0.0
x_cont2719,0.0,0.0,0.0,0.0,0.0
x_cont2720,0.0,0.0,0.0,0.0,0.0
x_cont2721,0.0,0.0,0.0,0.0,0.0
x_cont2722,0.0,0.0,0.0,0.0,0.0
x_cont2723,0.0,0.0,0.0,0.0,0.0
x_cont2724,0.0,0.0,0.0,0.0,0.0
x_cont2725,0.0,0.0,0.0,0.0,0.0
x_cont2726,0.0,0.0,0.0,0.0,0.0
x_cont2727,0.0,0.0,0.0,0.0,0.0
x_cont2728,0.0,0.0,0.0,0.0,0.0
x_cont2729,0.0,0.0,0.0,0.0,0.0
x_cont2730,0.0,0.0,0.0,0.0,0.0
x_cont2731,0.0,0.0,0.0,0.0,0.0
x_cont2732,0.0,0.0,0.0,0.0,0.0
x_cont2733,0.0,0.0,0.0,0.0,0.0
x_cont2734,0.0,0.0,0.0,0.0,0.0
x_cont2735,0.0,0.0,0.0,0.0,0.0
x_cont2736,0.0,0.0,0.0,0.0,0.0
x_cont2737,0.0,0.0,0.0,0.0,0.0
x_cont2738,0.0,0.0,0.0,0.0,0.0
x_cont2739,0.0,0.0,0.0,0.0,0.0
x_cont2740,0.0,0.0,0.0,0.0,0.0
x_cont2741,0.0,0.0,0.0,0.0,0.0
x_cont2742,0.0,0.0,0.0,0.0,0.0
x_cont2743,0.0,0.0,0.0,0.0,0.0
x_cont2744,0.0,0.0,0.0,0.0,0.0
x_cont2745,0.0,0.0,0.0,0.0,0.0
x_cont2746,0.0,0.0,0.0,0.0,0.0
x_cont2747,0.0,0.0,0.0,0.0,0.0
x_cont2748,0.0,0.0,0.0,0.0,0.0
x_cont2749,0.0,0.0,0.0,0.0,0.0
x_cont2750,0.0,0.0,0.0,0.0,0.0
x_cont2751,0.0,0.0,0.0,0.0,0.0
x_cont2752,0.0,0.0,0.0,0.0,0.0
x_cont2753,0.0,0.0,0.0,0.0,0.0
x_cont2754,0.0,0.0,0.0,0.0,0.0
x_cont2755,0.0,0.0,0.0,0.0,0.0
x_cont2756,0.0,0.0,0.0,0.0,0.0
x_cont2757,0.0,0.0,0.0,0.0,0.0
x_cont2758,0.0,0.0,0.0,0.0,0.0
x_cont2759,0.0,0.0,0.0,0.0,0.0
x_cont2760,0.0,0.0,0.0,0.0,0.0
x_cont2761,0.0,0.0,0.0,0.0,0.0
x_cont2762,0.0,0.0,0.0,0.0,0.0
x_cont2763,0.0,0.0,0.0,0.0,0.0
x_cont2764,0.0,0.0,0.0,0.0,0.0
x_cont2765,0.0,0.0,0.0,0.0,0.0
x_cont2766,0.0,0.0,0.0,0.0,0.0
x_cont2767,0.0,0.0,0.0,0.0,0.0
x_cont2768,0.0,0.0,0.0,0.0,0.0
x_cont2769,0.0,0.0,0.0,0.0,0.0
x_cont2770,0.0,0.0,0.0,0.0,0.0
x_cont2771,0.0,0.0,0.0,0.0,0.0
x_cont2772,0.0,0.0,0.0,0.0,0.0
x_cont2773,0.0,0.0,0.0,0.0,0.0
x_cont2774,0.0,0.0,0.0,0.0,0.0
x_cont2775,0.0,0.0,0.0,0.0,0.0
x_cont2776,0.0,0.0,0.0,0.0,0.0
x_cont2777,0.0,0.0,0.0,0.0,0.0
x_cont2778,0.0,0.0,0.0,0.0,0.0
x_cont2779,0.0,0.0,0.0,0.0,0.0
x_cont2780,0.0,0.0,0.0,0.0,0.0
x_cont2781,0.0,0.0,0.0,0.0,0.0
x_cont2782,0.0,0.0,0.0,0.0,0.0
x_cont2783,0.0,0.0,0.0,0.0,0.0
x_cont2784,0.0,0.0,0.0,0.0,0.0
x_cont2785,0.0,0.0,0.0,0.0,0.0
x_cont2786,0.0,0.0,0.0,0.0,0.0
x_cont2787,0.0,0.0,0.0,0.0,0.0
x_cont2788,0.0,0.0,0.0,0.0,0.0
x_cont2789,0.0,0.0,0.0,0.0,0.0
x_cont2790,0.0,0.0,0.0,0.0,0.0
x_cont2791,0.0,0.0,0.0,0.0,0.0
x_cont2792,0.0,0.0,0.0,0.0,0.0
x_cont2793,0.0,0.0,0.0,0.0,0.0
x_cont2794,0.0,0.0,0.0,0.0,0.0
x_cont2795,0.0,0.0,0.0,0.0,0.0
x_cont2796,0.0,0.0,0.0,0.0,0.0
x_cont2797,0.0,0.0,0.0,0.0,0.0
x_cont2798,0.0,0.0,0.0,0.0,0.0
x_cont2799,0.0,0.0,0.0,0.0,0.0
x_cont2800,0.0,0.0,0.0,0.0,0.0
x_cont2801,0.0,0.0,0.0,0.0,0.0
x_cont2802,0.0,0.0,0.0,0.0,0.0
x_cont2803,0.0,0.0,0.0,0.0,0.0
x_cont2804,0.0,0.0,0.0,0.0,0.0
x_cont2805,0.0,0.0,0.0,0.0,0.0
x_cont2806,0.0,0.0,0.0,0.0,0.0
x_cont2807,0.0,0.0,0.0,0.0,0.0
x_cont2808,0.0,0.0,0.0,0.0,0.0
x_cont2809,0.0,0.0,0.0,0.0,0.0
x_cont2810,0.0,0.0,0.0,0.0,0.0
x_cont2811,0.0,0.0,0.0,0.0,0.0
x_cont2812,0.0,0.0,0.0,0.0,0.0
x_cont2813,0.0,0.0,0.0,0.0,0.0
x_cont2814,0.0,0.0,0.0,0.0,0.0
x_cont2815,0.0,0.0,0.0,0.0,0.0
x_cont2816,0.0,0.0,0.0,0.0,0.0
x_cont2817,0.0,0.0,0.0,0.0,0.0
x_cont2818,0.0,0.0,0.0,0.0,0.0
x_cont2819,0.0,0.0,0.0,0.0,0.0
x_cont2820,0.0,0.0,0.0,0.0,0.0
x_cont2821,0.0,0.0,0.0,0.0,0.0
x_cont2822,0.0,0.0,0.0,0.0,0.0
x_cont2823,0.0,0.0,0.0,0.0,0.0
x_cont2824,0.0,0.0,0.0,0.0,0.0
x_cont2825,0.0,0.0,0.0,0.0,0.0
x_cont2826,0.0,0.0,0.0,0.0,0.0
x_cont2827,0.0,0.0,0.0,0.0,0.0
x_cont2828,0.0,0.0,0.0,0.0,0.0
x_cont2829,0.0,0.0,0.0,0.0,0.0
x_cont2830,0.0,0.0,0.0,0.0,0.0
x_cont2831,0.0,0.0,0.0,0.0,0.0
x_cont2832,0.0,0.0,0.0,0.0,0.0
x_cont2833,0.0,0.0,0.0,0.0,0.0
x_cont2834,0.0,0.0,0.0,0.0,0.0
x_cont2835,0.0,0.0,0.0,0.0,0.0
x_cont2836,0.0,0.0,0.0,0.0,0.0
x_cont2837,0.0,0.0,0.0,0.0,0.0
x_cont2838,0.0,0.0,0.0,0.0,0.0
x_cont2839,0.0,0.0,0.0,0.0,0.0
x_cont2840,0.0,0.0,0.0,0.0,0.0
x_cont2841,0.0,0.0,0.0,0.0,0.0
x_cont2842,0.0,0.0,0.0,0.0,0.0
x_cont2843,0.0,0.0,0.0,0.0,0.0
x_cont2844,0.0,0.0,0.0,0.0,0.0
x_cont2845,0.0,0.0,0.0,0.0,0.0
x_cont2846,0.0,0.0,0.0,0.0,0.0
x_cont2847,0.0,0.0,0.0,0.0,0.0
x_cont2848,0.0,0.0,0.0,0.0,0.0
x_cont2849,0.0,0.0,0.0,0.0,0.0
x_cont2850,0.0,0.0,0.0,0.0,0.0
x_cont2851,0.0,0.0,0.0,0.0,0.0
x_cont2852,0.0,0.0,0.0,0.0,0.0
x_cont2853,0.0,0.0,0.0,0.0,0.0
x_cont2854,0.0,0.0,0.0,0.0,0.0
x_cont2855,0.0,0.0,0.0,0.0,0.0
x_cont2856,0.0,0.0,0.0,0.0,0.0
x_cont2857,0.0,0.0,0.0,0.0,0.0
x_cont2858,0.0,0.0,0.0,0.0,0.0
x_cont2859,0.0,0.0,0.0,0.0,0.0
x_cont2860,0.0,0.0,0.0,0.0,0.0
x_cont2861,0.0,0.0,0.0,0.0,0.0
x_cont2862,0.0,0.0,0.0,0.0,0.0
x_cont2863,0.0,0.0,0.0,0.0,0.0
x_cont2864,0.0,0.0,0.0,0.0,0.0
x_cont2865,0.0,0.0,0.0,0.0,0.0
x_cont2866,0.0,0.0,0.0,0.0,0.0
x_cont2867,0.0,0.0,0.0,0.0,0.0
x_cont2868,0.0,0.0,0.0,0.0,0.0
x_cont2869,0.0,0.0,0.0,0.0,0.0
x_cont2870,0.0,0.0,0.0,0.0,0.0
x_cont2871,0.0,0.0,0.0,0.0,0.0
x_cont2872,0.0,0.0,0.0,0.0,0.0
x_cont2873,0.0,0.0,0.0,0.0,0.0
x_cont2874,0.0,0.0,0.0,0.0,0.0
x_cont2875,0.0,0.0,0.0,0.0,0.0
x_cont2876,0.0,0.0,0.0,0.0,0.0
x_cont2877,0.0,0.0,0.0,0.0,0.0
x_cont2878,0.0,0.0,0.0,0.0,0.0
x_cont2879,0.0,0.0,0.0,0.0,0.0
x_cont2880,0.0,0.0,0.0,0.0,0.0
x_cont2881,0.0,0.0,0.0,0.0,0.0
x_cont2882,0.0,0.0,0.0,0.0,0.0
x_cont2883,0.0,0.0,0.0,0.0,0.0
x_cont2884,0.0,0.0,0.0,0.0,0.0
x_cont2885,0.0,0.0,0.0,0.0,0.0
x_cont2886,0.0,0.0,0.0,0.0,0.0
x_cont2887,0.0,0.0,0.0,0.0,0.0
x_cont2888,0.0,0.0,0.0,0.0,0.0
x_cont2889,0.0,0.0,0.0,0.0,0.0
x_cont2890,0.0,0.0,0.0,0.0,0.0
x_cont2891,0.0,0.0,0.0,0.0,0.0
x_cont2892,0.0,0.0,0.0,0.0,0.0
x_cont2893,0.0,0.0,0.0,0.0,0.0
x_cont2894,0.0,0.0,0.0,0.0,0.0
x_cont2895,0.0,0.0,0.0,0.0,0.0
x_cont2896,0.0,0.0,0.0,0.0,0.0
x_cont2897,0.0,0.0,0.0,0.0,0.0
x_cont2898,0.0,0.0,0.0,0.0,0.0
x_cont2899,0.0,0.0,0.0,0.0,0.0
x_cont2900,0.0,0.0,0.0,0.0,0.0
x_cont2901,0.0,0.0,0.0,0.0,0.0
x_cont2902,0.0,0.0,0.0,0.0,0.0
x_cont2903,0.0,0.0,0.0,0.0,0.0
x_cont2904,0.0,0.0,0.0,0.0,0.0
x_cont2905,0.0,0.0,0.0,0.0,0.0
x_cont2906,0.0,0.0,0.0,0.0,0.0
x_cont2907,0.0,0.0,0.0,0.0,0.0
x_cont2908,0.0,0.0,0.0,0.0,0.0
x_cont2909,0.0,0.0,0.0,0.0,0.0
x_cont2910,0.0,0.0,0.0,0.0,0.0
x_cont2911,0.0,0.0,0.0,0.0,0.0
x_cont2912,0.0,0.0,0.0,0.0,0.0
x_cont2913,0.0,0.0,0.0,0.0,0.0
x_cont2914,0.0,0.0,0.0,0.0,0.0
x_cont2915,0.0,0.0,0.0,0.0,0.0
x_cont2916,0.0,0.0,0.0,0.0,0.0
x_cont2917,0.0,0.0,0.0,0.0,0.0
x_cont2918,0.0,0.0,0.0,0.0,0.0
x_cont2919,0.0,0.0,0.0,0.0,0.0
x_cont2920,0.0,0.0,0.0,0.0,0.0
x_cont2921,0.0,0.0,0.0,0.0,0.0
x_cont2922,0.0,0.0,0.0,0.0,0.0
x_cont2923,0.0,0.0,0.0,0.0,0.0
x_cont2924,0.0,0.0,0.0,0.0,0.0
x_cont2925,0.0,0.0,0.0,0.0,0.0
x_cont2926,0.0,0.0,0.0,0.0,0.0
x_cont2927,0.0,0.0,0.0,0.0,0.0
x_cont2928,0.0,0.0,0.0,0.0,0.0
x_cont2929,0.0,0.0,0.0,0.0,0.0
x_cont2930,0.0,0.0,0.0,0.0,0.0
x_cont2931,0.0,0.0,0.0,0.0,0.0
x_cont2932,0.0,0.0,0.0,0.0,0.0
x_cont2933,0.0,0.0,0.0,0.0,0.0
x_cont2934,0.0,0.0,0.0,0.0,0.0
x_cont2935,0.0,0.0,0.0,0.0,0.0
x_cont2936,0.0,0.0,0.0,0.0,0.0
x_cont2937,0.0,0.0,0.0,0.0,0.0
x_cont2938,0.0,0.0,0.0,0.0,0.0
x_cont2939,0.0,0.0,0.0,0.0,0.0
x_cont2940,0.0,0.0,0.0,0.0,0.0
x_cont2941,0.0,0.0,0.0,0.0,0.0
x_cont2942,0.0,0.0,0.0,0.0,0.0
x_cont2943,0.0,0.0,0.0,0.0,0.0
x_cont2944,0.0,0.0,0.0,0.0,0.0
x_cont2945,0.0,0.0,0.0,0.0,0.0
x_cont2946,0.0,0.0,0.0,0.0,0.0
x_cont2947,0.0,0.0,0.0,0.0,0.0
x_cont2948,0.0,0.0,0.0,0.0,0.0
x_cont2949,0.0,0.0,0.0,0.0,0.0
x_cont2950,0.0,0.0,0.0,0.0,0.0
x_cont2951,0.0,0.0,0.0,0.0,0.0
x_cont2952,0.0,0.0,0.0,0.0,0.0
x_cont2953,0.0,0.0,0.0,0.0,0.0
x_cont2954,0.0,0.0,0.0,0.0,0.0
x_cont2955,0.0,0.0,0.0,0.0,0.0
x_cont2956,0.0,0.0,0.0,0.0,0.0
x_cont2957,0.0,0.0,0.0,0.0,0.0
x_cont2958,0.0,0.0,0.0,0.0,0.0
x_cont2959,0.0,0.0,0.0,0.0,0.0
x_cont2960,0.0,0.0,0.0,0.0,0.0
x_cont2961,0.0,0.0,0.0,0.0,0.0
x_cont2962,0.0,0.0,0.0,0.0,0.0
x_cont2963,0.0,0.0,0.0,0.0,0.0
x_cont2964,0.0,0.0,0.0,0.0,0.0
x_cont2965,0.0,0.0,0.0,0.0,0.0
x_cont2966,0.0,0.0,0.0,0.0,0.0
x_cont2967,0.0,0.0,0.0,0.0,0.0
x_cont2968,0.0,0.0,0.0,0.0,0.0
x_cont2969,0.0,0.0,0.0,0.0,0.0
x_cont2970,0.0,0.0,0.0,0.0,0.0
x_cont2971,0.0,0.0,0.0,0.0,0.0
x_cont2972,0.0,0.0,0.0,0.0,0.0
x_cont2973,0.0,0.0,0.0,0.0,0.0
x_cont2974,0.0,0.0,0.0,0.0,0.0
x_cont2975,0.0,0.0,0.0,0.0,0.0
x_cont2976,0.0,0.0,0.0,0.0,0.0
x_cont2977,0.0,0.0,0.0,0.0,0.0
x_cont2978,0.0,0.0,0.0,0.0,0.0
x_cont2979,0.0,0.0,0.0,0.0,0.0
x_cont2980,0.0,0.0,0.0,0.0,0.0
x_cont2981,0.0,0.0,0.0,0.0,0.0
x_cont2982,0.0,0.0,0.0,0.0,0.0
x_cont2983,0.0,0.0,0.0,0.0,0.0
x_cont2984,0.0,0.0,0.0,0.0,0.0
x_cont2985,0.0,0.0,0.0,0.0,0.0
x_cont2986,0.0,0.0,0.0,0.0,0.0
x_cont2987,0.0,0.0,0.0,0.0,0.0
x_cont2988,0.0,0.0,0.0,0.0,0.0
x_cont2989,0.0,0.0,0.0,0.0,0.0
x_cont2990,0.0,0.0,0.0,0.0,0.0
x_cont2991,0.0,0.0,0.0,0.0,0.0
x_cont2992,0.0,0.0,0.0,0.0,0.0
x_cont2993,0.0,0.0,0.0,0.0,0.0
x_cont2994,0.0,0.0,0.0,0.0,0.0
x_cont2995,0.0,0.0,0.0,0.0,0.0
x_cont2996,0.0,0.0,0.0,0.0,0.0
x_cont2997,0.0,0.0,0.0,0.0,0.0
x_cont2998,0.0,0.0,0.0,0.0,0.0
x_cont2999,0.0,0.0,0.0,0.0,0.0
x_cont3000,0.0,0.0,0.0,0.0,0.0
x_cont3001,0.0,0.0,0.0,0.0,0.0
x_cont3002,0.0,0.0,0.0,0.0,0.0
x_cont3003,0.0,0.0,0.0,0.0,0.0
x_cont3004,0.0,0.0,0.0,0.0,0.0
x_cont3005,0.0,0.0,0.0,0.0,0.0
x_cont3006,0.0,0.0,0.0,0.0,0.0
x_cont3007,0.0,0.0,0.0,0.0,0.0
x_cont3008,0.0,0.0,0.0,0.0,0.0
x_cont3009,0.0,0.0,0.0,0.0,0.0
x_cont3010,0.0,0.0,0.0,0.0,0.0
x_cont3011,0.0,0.0,0.0,0.0,0.0
x_cont3012,0.0,0.0,0.0,0.0,0.0
x_cont3013,0.0,0.0,0.0,0.0,0.0
x_cont3014,0.0,0.0,0.0,0.0,0.0
x_cont3015,0.0,0.0,0.0,0.0,0.0
x_cont3016,0.0,0.0,0.0,0.0,0.0
x_cont3017,0.0,0.0,0.0,0.0,0.0
x_cont3018,0.0,0.0,0.0,0.0,0.0
x_cont3019,0.0,0.0,0.0,0.0,0.0
x_cont3020,0.0,0.0,0.0,0.0,0.0
x_cont3021,0.0,0.0,0.0,0.0,0.0
x_cont3022,0.0,0.0,0.0,0.0,0.0
x_cont3023,0.0,0.0,0.0,0.0,0.0
x_cont3024,0.0,0.0,0.0,0.0,0.0
x_cont3025,0.0,0.0,0.0,0.0,0.0
x_cont3026,0.0,0.0,0.0,0.0,0.0
x_cont3027,0.0,0.0,0.0,0.0,0.0
x_cont3028,0.0,0.0,0.0,0.0,0.0
x_cont3029,0.0,0.0,0.0,0.0,0.0
x_cont3030,0.0,0.0,0.0,0.0,0.0
x_cont3031,0.0,0.0,0.0,0.0,0.0
x_cont3032,0.0,0.0,0.0,0.0,0.0
x_cont3033,0.0,0.0,0.0,0.0,0.0
x_cont3034,0.0,0.0,0.0,0.0,0.0
x_cont3035,0.0,0.0,0.0,0.0,0.0
x_cont3036,0.0,0.0,0.0,0.0,0.0
x_cont3037,0.0,0.0,0.0,0.0,0.0
x_cont3038,0.0,0.0,0.0,0.0,0.0
x_cont3039,0.0,0.0,0.0,0.0,0.0
x_cont3040,0.0,0.0,0.0,0.0,0.0
x_cont3041,0.0,0.0,0.0,0.0,0.0
x_cont3042,0.0,0.0,0.0,0.0,0.0
x_cont3043,0.0,0.0,0.0,0.0,0.0
x_cont3044,0.0,0.0,0.0,0.0,0.0
x_cont3045,0.0,0.0,0.0,0.0,0.0
x_cont3046,0.0,0.0,0.0,0.0,0.0
x_cont3047,0.0,0.0,0.0,0.0,0.0
x_cont3048,0.0,0.0,0.0,0.0,0.0
x_cont3049,0.0,0.0,0.0,0.0,0.0
x_cont3050,0.0,0.0,0.0,0.0,0.0
x_cont3051,0.0,0.0,0.0,0.0,0.0
x_cont3052,0.0,0.0,0.0,0.0,0.0
x_cont3053,0.0,0.0,0.0,0.0,0.0
x_cont3054,0.0,0.0,0.0,0.0,0.0
x_cont3055,0.0,0.0,0.0,0.0,0.0
x_cont3056,0.0,0.0,0.0,0.0,0.0
x_cont3057,0.0,0.0,0.0,0.0,0.0
x_cont3058,0.0,0.0,0.0,0.0,0.0
x_cont3059,0.0,0.0,0.0,0.0,0.0
x_cont3060,0.0,0.0,0.0,0.0,0.0
x_cont3061,0.0,0.0,0.0,0.0,0.0
x_cont3062,0.0,0.0,0.0,0.0,0.0
x_cont3063,0.0,0.0,0.0,0.0,0.0
x_cont3064,0.0,0.0,0.0,0.0,0.0
x_cont3065,0.0,0.0,0.0,0.0,0.0
x_cont3066,0.0,0.0,0.0,0.0,0.0
x_cont3067,0.0,0.0,0.0,0.0,0.0
x_cont3068,0.0,0.0,0.0,0.0,0.0
x_cont3069,0.0,0.0,0.0,0.0,0.0
x_cont3070,0.0,0.0,0.0,0.0,0.0
x_cont3071,0.0,0.0,0.0,0.0,0.0
x_cont3072,0.0,0.0,0.0,0.0,0.0
x_cont3073,0.0,0.0,0.0,0.0,0.0
x_cont3074,0.0,0.0,0.0,0.0,0.0
x_cont3075,0.0,0.0,0.0,0.0,0.0
x_cont3076,0.0,0.0,0.0,0.0,0.0
x_cont3077,0.0,0.0,0.0,0.0,0.0
x_cont3078,0.0,0.0,0.0,0.0,0.0
x_cont3079,0.0,0.0,0.0,0.0,0.0
x_cont3080,0.0,0.0,0.0,0.0,0.0
x_cont3081,0.0,0.0,0.0,0.0,0.0
x_cont3082,0.0,0.0,0.0,0.0,0.0
x_cont3083,0.0,0.0,0.0,0.0,0.0
x_cont3084,0.0,0.0,0.0,0.0,0.0
x_cont3085,0.0,0.0,0.0,0.0,0.0
x_cont3086,0.0,0.0,0.0,0.0,0.0
x_cont3087,0.0,0.0,0.0,0.0,0.0
x_cont3088,0.0,0.0,0.0,0.0,0.0
x_cont3089,0.0,0.0,0.0,0.0,0.0
x_cont3090,0.0,0.0,0.0,0.0,0.0
x_cont3091,0.0,0.0,0.0,0.0,0.0
x_cont3092,0.0,0.0,0.0,0.0,0.0
x_cont3093,0.0,0.0,0.0,0.0,0.0
x_cont3094,0.0,0.0,0.0,0.0,0.0
x_cont3095,0.0,0.0,0.0,0.0,0.0
x_cont3096,0.0,0.0,0.0,0.0,0.0
x_cont3097,0.0,0.0,0.0,0.0,0.0
x_cont3098,0.0,0.0,0.0,0.0,0.0
x_cont3099,0.0,0.0,0.0,0.0,0.0
x_cont3100,0.0,0.0,0.0,0.0,0.0
x_cont3101,0.0,0.0,0.0,0.0,0.0
x_cont3102,0.0,0.0,0.0,0.0,0.0
x_cont3103,0.0,0.0,0.0,0.0,0.0
x_cont3104,0.0,0.0,0.0,0.0,0.0
x_cont3105,0.0,0.0,0.0,0.0,0.0
x_cont3106,0.0,0.0,0.0,0.0,0.0
x_cont3107,0.0,0.0,0.0,0.0,0.0
x_cont3108,0.0,0.0,0.0,0.0,0.0
x_cont3109,0.0,0.0,0.0,0.0,0.0
x_cont3110,0.0,0.0,0.0,0.0,0.0
x_cont3111,0.0,0.0,0.0,0.0,0.0
x_cont3112,0.0,0.0,0.0,0.0,0.0
x_cont3113,0.0,0.0,0.0,0.0,0.0
x_cont3114,0.0,0.0,0.0,0.0,0.0
x_cont3115,0.0,0.0,0.0,0.0,0.0
x_cont3116,0.0,0.0,0.0,0.0,0.0
x_cont3117,0.0,0.0,0.0,0.0,0.0
x_cont3118,0.0,0.0,0.0,0.0,0.0
x_cont3119,0.0,0.0,0.0,0.0,0.0
x_cont3120,0.0,0.0,0.0,0.0,0.0
x_cont3121,0.0,0.0,0.0,0.0,0.0
x_cont3122,0.0,0.0,0.0,0.0,0.0
x_cont3123,0.0,0.0,0.0,0.0,0.0
x_cont3124,0.0,0.0,0.0,0.0,0.0
x_cont3125,0.0,0.0,0.0,0.0,0.0
x_cont3126,0.0,0.0,0.0,0.0,0.0
x_cont3127,0.0,0.0,0.0,0.0,0.0
x_cont3128,0.0,0.0,0.0,0.0,0.0
x_cont3129,0.0,0.0,0.0,0.0,0.0
x_cont3130,0.0,0.0,0.0,0.0,0.0
x_cont3131,0.0,0.0,0.0,0.0,0.0
x_cont3132,0.0,0.0,0.0,0.0,0.0
x_cont3133,0.0,0.0,0.0,0.0,0.0
x_cont3134,0.0,0.0,0.0,0.0,0.0
x_cont3135,0.0,0.0,0.0,0.0,0.0
x_cont3136,0.0,0.0,0.0,0.0,0.0
x_cont3137,0.0,0.0,0.0,0.0,0.0
x_cont3138,0.0,0.0,0.0,0.0,0.0
x_cont3139,0.0,0.0,0.0,0.0,0.0
x_cont3140,0.0,0.0,0.0,0.0,0.0
x_cont3141,0.0,0.0,0.0,0.0,0.0
x_cont3142,0.0,0.0,0.0,0.0,0.0
x_cont3143,0.0,0.0,0.0,0.0,0.0
x_cont3144,0.0,0.0,0.0,0.0,0.0
x_cont3145,0.0,0.0,0.0,0.0,0.0
x_cont3146,0.0,0.0,0.0,0.0,0.0
x_cont3147,0.0,0.0,0.0,0.0,0.0
x_cont3148,0.0,0.0,0.0,0.0,0.0
x_cont3149,0.0,0.0,0.0,0.0,0.0
x_cont3150,0.0,0.0,0.0,0.0,0.0
x_cont3151,0.0,0.0,0.0,0.0,0.0
x_cont3152,0.0,0.0,0.0,0.0,0.0
x_cont3153,0.0,0.0,0.0,0.0,0.0
x_cont3154,0.0,0.0,0.0,0.0,0.0
x_cont3155,0.0,0.0,0.0,0.0,0.0
x_cont3156,0.0,0.0,0.0,0.0,0.0
x_cont3157,0.0,0.0,0.0,0.0,0.0
x_cont3158,0.0,0.0,0.0,0.0,0.0
x_cont3159,0.0,0.0,0.0,0.0,0.0
x_cont3160,0.0,0.0,0.0,0.0,0.0
x_cont3161,0.0,0.0,0.0,0.0,0.0
x_cont3162,0.0,0.0,0.0,0.0,0.0
x_cont3163,0.0,0.0,0.0,0.0,0.0
x_cont3164,0.0,0.0,0.0,0.0,0.0
x_cont3165,0.0,0.0,0.0,0.0,0.0
x_cont3166,0.0,0.0,0.0,0.0,0.0
x_cont3167,0.0,0.0,0.0,0.0,0.0
x_cont3168,0.0,0.0,0.0,0.0,0.0
x_cont3169,0.0,0.0,0.0,0.0,0.0
x_cont3170,0.0,0.0,0.0,0.0,0.0
x_cont3171,0.0,0.0,0.0,0.0,0.0
x_cont3172,0.0,0.0,0.0,0.0,0.0
x_cont3173,0.0,0.0,0.0,0.0,0.0
x_cont3174,0.0,0.0,0.0,0.0,0.0
x_cont3175,0.0,0.0,0.0,0.0,0.0
x_cont3176,0.0,0.0,0.0,0.0,0.0
x_cont3177,0.0,0.0,0.0,0.0,0.0
x_cont3178,0.0,0.0,0.0,0.0,0.0
x_cont3179,0.0,0.0,0.0,0.0,0.0
x_cont3180,0.0,0.0,0.0,0.0,0.0
x_cont3181,0.0,0.0,0.0,0.0,0.0
x_cont3182,0.0,0.0,0.0,0.0,0.0
x_cont3183,0.0,0.0,0.0,0.0,0.0
x_cont3184,0.0,0.0,0.0,0.0,0.0
x_cont3185,0.0,0.0,0.0,0.0,0.0
x_cont3186,0.0,0.0,0.0,0.0,0.0
x_cont3187,0.0,0.0,0.0,0.0,0.0
x_cont3188,0.0,0.0,0.0,0.0,0.0
x_cont3189,0.0,0.0,0.0,0.0,0.0
x_cont3190,0.0,0.0,0.0,0.0,0.0
x_cont3191,0.0,0.0,0.0,0.0,0.0
x_cont3192,0.0,0.0,0.0,0.0,0.0
x_cont3193,0.0,0.0,0.0,0.0,0.0
x_cont3194,0.0,0.0,0.0,0.0,0.0
x_cont3195,0.0,0.0,0.0,0.0,0.0
x_cont3196,0.0,0.0,0.0,0.0,0.0
x_cont3197,0.0,0.0,0.0,0.0,0.0
x_cont3198,0.0,0.0,0.0,0.0,0.0
x_cont3199,0.0,0.0,0.0,0.0,0.0
x_cont3200,0.0,0.0,0.0,0.0,0.0
x_cont3201,0.0,0.0,0.0,0.0,0.0
x_cont3202,0.0,0.0,0.0,0.0,0.0
x_cont3203,0.0,0.0,0.0,0.0,0.0
x_cont3204,0.0,0.0,0.0,0.0,0.0
x_cont3205,0.0,0.0,0.0,0.0,0.0
x_cont3206,0.0,0.0,0.0,0.0,0.0
x_cont3207,0.0,0.0,0.0,0.0,0.0
x_cont3208,0.0,0.0,0.0,0.0,0.0
x_cont3209,0.0,0.0,0.0,0.0,0.0
x_cont3210,0.0,0.0,0.0,0.0,0.0
x_cont3211,0.0,0.0,0.0,0.0,0.0
x_cont3212,0.0,0.0,0.0,0.0,0.0
x_cont3213,0.0,0.0,0.0,0.0,0.0
x_cont3214,0.0,0.0,0.0,0.0,0.0
x_cont3215,0.0,0.0,0.0,0.0,0.0
x_cont3216,0.0,0.0,0.0,0.0,0.0
x_cont3217,0.0,0.0,0.0,0.0,0.0
x_cont3218,0.0,0.0,0.0,0.0,0.0
x_cont3219,0.0,0.0,0.0,0.0,0.0
x_cont3220,0.0,0.0,0.0,0.0,0.0
x_cont3221,0.0,0.0,0.0,0.0,0.0
x_cont3222,0.0,0.0,0.0,0.0,0.0
x_cont3223,0.0,0.0,0.0,0.0,0.0
x_cont3224,0.0,0.0,0.0,0.0,0.0
x_cont3225,0.0,0.0,0.0,0.0,0.0
x_cont3226,0.0,0.0,0.0,0.0,0.0
x_cont3227,0.0,0.0,0.0,0.0,0.0
x_cont3228,0.0,0.0,0.0,0.0,0.0
x_cont3229,0.0,0.0,0.0,0.0,0.0
x_cont3230,0.0,0.0,0.0,0.0,0.0
x_cont3231,0.0,0.0,0.0,0.0,0.0
x_cont3232,0.0,0.0,0.0,0.0,0.0
x_cont3233,0.0,0.0,0.0,0.0,0.0
x_cont3234,0.0,0.0,0.0,0.0,0.0
x_cont3235,0.0,0.0,0.0,0.0,0.0
x_cont3236,0.0,0.0,0.0,0.0,0.0
x_cont3237,0.0,0.0,0.0,0.0,0.0
x_cont3238,0.0,0.0,0.0,0.0,0.0
x_cont3239,0.0,0.0,0.0,0.0,0.0
x_cont3240,0.0,0.0,0.0,0.0,0.0
x_cont3241,0.0,0.0,0.0,0.0,0.0
x_cont3242,0.0,0.0,0.0,0.0,0.0
x_cont3243,0.0,0.0,0.0,0.0,0.0
x_cont3244,0.0,0.0,0.0,0.0,0.0
x_cont3245,0.0,0.0,0.0,0.0,0.0
x_cont3246,0.0,0.0,0.0,0.0,0.0
x_cont3247,0.0,0.0,0.0,0.0,0.0
x_cont3248,0.0,0.0,0.0,0.0,0.0
x_cont3249,0.0,0.0,0.0,0.0,0.0
x_cont3250,0.0,0.0,0.0,0.0,0.0
x_cont3251,0.0,0.0,0.0,0.0,0.0
x_cont3252,0.0,0.0,0.0,0.0,0.0
x_cont3253,0.0,0.0,0.0,0.0,0.0
x_cont3254,0.0,0.0,0.0,0.0,0.0
x_cont3255,0.0,0.0,0.0,0.0,0.0
x_cont3256,0.0,0.0,0.0,0.0,0.0
x_cont3257,0.0,0.0,0.0,0.0,0.0
x_cont3258,0.0,0.0,0.0,0.0,0.0
x_cont3259,0.0,0.0,0.0,0.0,0.0
x_cont3260,0.0,0.0,0.0,0.0,0.0
x_cont3261,0.0,0.0,0.0,0.0,0.0
x_cont3262,0.0,0.0,0.0,0.0,0.0
x_cont3263,0.0,0.0,0.0,0.0,0.0
x_cont3264,0.0,0.0,0.0,0.0,0.0
x_cont3265,0.0,0.0,0.0,0.0,0.0
x_cont3266,0.0,0.0,0.0,0.0,0.0
x_cont3267,0.0,0.0,0.0,0.0,0.0
x_cont3268,0.0,0.0,0.0,0.0,0.0
x_cont3269,0.0,0.0,0.0,0.0,0.0
x_cont3270,0.0,0.0,0.0,0.0,0.0
x_cont3271,0.0,0.0,0.0,0.0,0.0
x_cont3272,0.0,0.0,0.0,0.0,0.0
x_cont3273,0.0,0.0,0.0,0.0,0.0
x_cont3274,0.0,0.0,0.0,0.0,0.0
x_cont3275,0.0,0.0,0.0,0.0,0.0
x_cont3276,0.0,0.0,0.0,0.0,0.0
x_cont3277,0.0,0.0,0.0,0.0,0.0
x_cont3278,0.0,0.0,0.0,0.0,0.0
x_cont3279,0.0,0.0,0.0,0.0,0.0
x_cont3280,0.0,0.0,0.0,0.0,0.0
x_cont3281,0.0,0.0,0.0,0.0,0.0
x_cont3282,0.0,0.0,0.0,0.0,0.0
x_cont3283,0.0,0.0,0.0,0.0,0.0
x_cont3284,0.0,0.0,0.0,0.0,0.0
x_cont3285,0.0,0.0,0.0,0.0,0.0
x_cont3286,0.0,0.0,0.0,0.0,0.0
x_cont3287,0.0,0.0,0.0,0.0,0.0
x_cont3288,0.0,0.0,0.0,0.0,0.0
x_cont3289,0.0,0.0,0.0,0.0,0.0
x_cont3290,0.0,0.0,0.0,0.0,0.0
x_cont3291,0.0,0.0,0.0,0.0,0.0
x_cont3292,0.0,0.0,0.0,0.0,0.0
x_cont3293,0.0,0.0,0.0,0.0,0.0
x_cont3294,0.0,0.0,0.0,0.0,0.0
x_cont3295,0.0,0.0,0.0,0.0,0.0
x_cont3296,0.0,0.0,0.0,0.0,0.0
x_cont3297,0.0,0.0,0.0,0.0,0.0
x_cont3298,0.0,0.0,0.0,0.0,0.0
x_cont3299,0.0,0.0,0.0,0.0,0.0
x_cont3300,0.0,0.0,0.0,0.0,0.0
x_cont3301,0.0,0.0,0.0,0.0,0.0
x_cont3302,0.0,0.0,0.0,0.0,0.0
x_cont3303,0.0,0.0,0.0,0.0,0.0
x_cont3304,0.0,0.0,0.0,0.0,0.0
x_cont3305,0.0,0.0,0.0,0.0,0.0
x_cont3306,0.0,0.0,0.0,0.0,0.0
x_cont3307,0.0,0.0,0.0,0.0,0.0
x_cont3308,0.0,0.0,0.0,0.0,0.0
x_cont3309,0.0,0.0,0.0,0.0,0.0
x_cont3310,0.0,0.0,0.0,0.0,0.0
x_cont3311,0.0,0.0,0.0,0.0,0.0
x_cont3312,0.0,0.0,0.0,0.0,0.0
x_cont3313,0.0,0.0,0.0,0.0,0.0
x_cont3314,0.0,0.0,0.0,0.0,0.0
x_cont3315,0.0,0.0,0.0,0.0,0.0
x_cont3316,0.0,0.0,0.0,0.0,0.0
x_cont3317,0.0,0.0,0.0,0.0,0.0
x_cont3318,0.0,0.0,0.0,0.0,0.0
x_cont3319,0.0,0.0,0.0,0.0,0.0
x_cont3320,0.0,0.0,0.0,0.0,0.0
x_cont3321,0.0,0.0,0.0,0.0,0.0
x_cont3322,0.0,0.0,0.0,0.0,0.0
x_cont3323,0.0,0.0,0.0,0.0,0.0
x_cont3324,0.0,0.0,0.0,0.0,0.0
x_cont3325,0.0,0.0,0.0,0.0,0.0
x_cont3326,0.0,0.0,0.0,0.0,0.0
x_cont3327,0.0,0.0,0.0,0.0,0.0
x_cont3328,0.0,0.0,0.0,0.0,0.0
x_cont3329,0.0,0.0,0.0,0.0,0.0
x_cont3330,0.0,0.0,0.0,0.0,0.0
x_cont3331,0.0,0.0,0.0,0.0,0.0
x_cont3332,0.0,0.0,0.0,0.0,0.0
x_cont3333,0.0,0.0,0.0,0.0,0.0
x_cont3334,0.0,0.0,0.0,0.0,0.0
x_cont3335,0.0,0.0,0.0,0.0,0.0
x_cont3336,0.0,0.0,0.0,0.0,0.0
x_cont3337,0.0,0.0,0.0,0.0,0.0
x_cont3338,0.0,0.0,0.0,0.0,0.0
x_cont3339,0.0,0.0,0.0,0.0,0.0
x_cont3340,0.0,0.0,0.0,0.0,0.0
x_cont3341,0.0,0.0,0.0,0.0,0.0
x_cont3342,0.0,0.0,0.0,0.0,0.0
x_cont3343,0.0,0.0,0.0,0.0,0.0
x_cont3344,0.0,0.0,0.0,0.0,0.0
x_cont3345,0.0,0.0,0.0,0.0,0.0
x_cont3346,0.0,0.0,0.0,0.0,0.0
x_cont3347,0.0,0.0,0.0,0.0,0.0
x_cont3348,0.0,0.0,0.0,0.0,0.0
x_cont3349,0.0,0.0,0.0,0.0,0.0
x_cont3350,0.0,0.0,0.0,0.0,0.0
x_cont3351,0.0,0.0,0.0,0.0,0.0
x_cont3352,0.0,0.0,0.0,0.0,0.0
x_cont3353,0.0,0.0,0.0,0.0,0.0
x_cont3354,0.0,0.0,0.0,0.0,0.0
x_cont3355,0.0,0.0,0.0,0.0,0.0
x_cont3356,0.0,0.0,0.0,0.0,0.0
x_cont3357,0.0,0.0,0.0,0.0,0.0
x_cont3358,0.0,0.0,0.0,0.0,0.0
x_cont3359,0.0,0.0,0.0,0.0,0.0
x_cont3360,0.0,0.0,0.0,0.0,0.0
x_cont3361,0.0,0.0,0.0,0.0,0.0
x_cont3362,0.0,0.0,0.0,0.0,0.0
x_cont3363,0.0,0.0,0.0,0.0,0.0
x_cont3364,0.0,0.0,0.0,0.0,0.0
x_cont3365,0.0,0.0,0.0,0.0,0.0
x_cont3366,0.0,0.0,0.0,0.0,0.0
x_cont3367,0.0,0.0,0.0,0.0,0.0
x_cont3368,0.0,0.0,0.0,0.0,0.0
x_cont3369,0.0,0.0,0.0,0.0,0.0
x_cont3370,0.0,0.0,0.0,0.0,0.0
x_cont3371,0.0,0.0,0.0,0.0,0.0
x_cont3372,0.0,0.0,0.0,0.0,0.0
x_cont3373,0.0,0.0,0.0,0.0,0.0
x_cont3374,0.0,0.0,0.0,0.0,0.0
x_cont3375,0.0,0.0,0.0,0.0,0.0
x_cont3376,0.0,0.0,0.0,0.0,0.0
x_cont3377,0.0,0.0,0.0,0.0,0.0
x_cont3378,0.0,0.0,0.0,0.0,0.0
x_cont3379,0.0,0.0,0.0,0.0,0.0
x_cont3380,0.0,0.0,0.0,0.0,0.0
x_cont3381,0.0,0.0,0.0,0.0,0.0
x_cont3382,0.0,0.0,0.0,0.0,0.0
x_cont3383,0.0,0.0,0.0,0.0,0.0
x_cont3384,0.0,0.0,0.0,0.0,0.0
x_cont3385,0.0,0.0,0.0,0.0,0.0
x_cont3386,0.0,0.0,0.0,0.0,0.0
x_cont3387,0.0,0.0,0.0,0.0,0.0
x_cont3388,0.0,0.0,0.0,0.0,0.0
x_cont3389,0.0,0.0,0.0,0.0,0.0
x_cont3390,0.0,0.0,0.0,0.0,0.0
x_cont3391,0.0,0.0,0.0,0.0,0.0
x_cont3392,0.0,0.0,0.0,0.0,0.0
x_cont3393,0.0,0.0,0.0,0.0,0.0
x_cont3394,0.0,0.0,0.0,0.0,0.0
x_cont3395,0.0,0.0,0.0,0.0,0.0
x_cont3396,0.0,0.0,0.0,0.0,0.0
x_cont3397,0.0,0.0,0.0,0.0,0.0
x_cont3398,0.0,0.0,0.0,0.0,0.0
x_cont3399,0.0,0.0,0.0,0.0,0.0
x_cont3400,0.0,0.0,0.0,0.0,0.0
x_cont3401,0.0,0.0,0.0,0.0,0.0
x_cont3402,0.0,0.0,0.0,0.0,0.0
x_cont3403,0.0,0.0,0.0,0.0,0.0
x_cont3404,0.0,0.0,0.0,0.0,0.0
x_cont3405,0.0,0.0,0.0,0.0,0.0
x_cont3406,0.0,0.0,0.0,0.0,0.0
x_cont3407,0.0,0.0,0.0,0.0,0.0
x_cont3408,0.0,0.0,0.0,0.0,0.0
x_cont3409,0.0,0.0,0.0,0.0,0.0
x_cont3410,0.0,0.0,0.0,0.0,0.0
x_cont3411,0.0,0.0,0.0,0.0,0.0
x_cont3412,0.0,0.0,0.0,0.0,0.0
x_cont3413,0.0,0.0,0.0,0.0,0.0
x_cont3414,0.0,0.0,0.0,0.0,0.0
x_cont3415,0.0,0.0,0.0,0.0,0.0
x_cont3416,0.0,0.0,0.0,0.0,0.0
x_cont3417,0.0,0.0,0.0,0.0,0.0
x_cont3418,0.0,0.0,0.0,0.0,0.0
x_cont3419,0.0,0.0,0.0,0.0,0.0
x_cont3420,0.0,0.0,0.0,0.0,0.0
x_cont3421,0.0,0.0,0.0,0.0,0.0
x_cont3422,0.0,0.0,0.0,0.0,0.0
x_cont3423,0.0,0.0,0.0,0.0,0.0
x_cont3424,0.0,0.0,0.0,0.0,0.0
x_cont3425,0.0,0.0,0.0,0.0,0.0
x_cont3426,0.0,0.0,0.0,0.0,0.0
x_cont3427,0.0,0.0,0.0,0.0,0.0
x_cont3428,0.0,0.0,0.0,0.0,0.0
x_cont3429,0.0,0.0,0.0,0.0,0.0
x_cont3430,0.0,0.0,0.0,0.0,0.0
x_cont3431,0.0,0.0,0.0,0.0,0.0
x_cont3432,0.0,0.0,0.0,0.0,0.0
x_cont3433,0.0,0.0,0.0,0.0,0.0
x_cont3434,0.0,0.0,0.0,0.0,0.0
x_cont3435,0.0,0.0,0.0,0.0,0.0
x_cont3436,0.0,0.0,0.0,0.0,0.0
x_cont3437,0.0,0.0,0.0,0.0,0.0
x_cont3438,0.0,0.0,0.0,0.0,0.0
x_cont3439,0.0,0.0,0.0,0.0,0.0
x_cont3440,0.0,0.0,0.0,0.0,0.0
x_cont3441,0.0,0.0,0.0,0.0,0.0
x_cont3442,0.0,0.0,0.0,0.0,0.0
x_cont3443,0.0,0.0,0.0,0.0,0.0
x_cont3444,0.0,0.0,0.0,0.0,0.0
x_cont3445,0.0,0.0,0.0,0.0,0.0
x_cont3446,0.0,0.0,0.0,0.0,0.0
x_cont3447,0.0,0.0,0.0,0.0,0.0
x_cont3448,0.0,0.0,0.0,0.0,0.0
x_cont3449,0.0,0.0,0.0,0.0,0.0
x_cont3450,0.0,0.0,0.0,0.0,0.0
x_cont3451,0.0,0.0,0.0,0.0,0.0
x_cont3452,0.0,0.0,0.0,0.0,0.0
x_cont3453,0.0,0.0,0.0,0.0,0.0
x_cont3454,0.0,0.0,0.0,0.0,0.0
x_cont3455,0.0,0.0,0.0,0.0,0.0
x_cont3456,0.0,0.0,0.0,0.0,0.0
x_cont3457,0.0,0.0,0.0,0.0,0.0
x_cont3458,0.0,0.0,0.0,0.0,0.0
x_cont3459,0.0,0.0,0.0,0.0,0.0
x_cont3460,0.0,0.0,0.0,0.0,0.0
x_cont3461,0.0,0.0,0.0,0.0,0.0
x_cont3462,0.0,0.0,0.0,0.0,0.0
x_cont3463,0.0,0.0,0.0,0.0,0.0
x_cont3464,0.0,0.0,0.0,0.0,0.0
x_cont3465,0.0,0.0,0.0,0.0,0.0
x_cont3466,0.0,0.0,0.0,0.0,0.0
x_cont3467,0.0,0.0,0.0,0.0,0.0
x_cont3468,0.0,0.0,0.0,0.0,0.0
x_cont3469,0.0,0.0,0.0,0.0,0.0
x_cont3470,0.0,0.0,0.0,0.0,0.0
x_cont3471,0.0,0.0,0.0,0.0,0.0
x_cont3472,0.0,0.0,0.0,0.0,0.0
x_cont3473,0.0,0.0,0.0,0.0,0.0
x_cont3474,0.0,0.0,0.0,0.0,0.0
x_cont3475,0.0,0.0,0.0,0.0,0.0
x_cont3476,0.0,0.0,0.0,0.0,0.0
x_cont3477,0.0,0.0,0.0,0.0,0.0
x_cont3478,0.0,0.0,0.0,0.0,0.0
x_cont3479,0.0,0.0,0.0,0.0,0.0
x_cont3480,0.0,0.0,0.0,0.0,0.0
x_cont3481,0.0,0.0,0.0,0.0,0.0
x_cont3482,0.0,0.0,0.0,0.0,0.0
x_cont3483,0.0,0.0,0.0,0.0,0.0
x_cont3484,0.0,0.0,0.0,0.0,0.0
x_cont3485,0.0,0.0,0.0,0.0,0.0
x_cont3486,0.0,0.0,0.0,0.0,0.0
x_cont3487,0.0,0.0,0.0,0.0,0.0
x_cont3488,0.0,0.0,0.0,0.0,0.0
x_cont3489,0.0,0.0,0.0,0.0,0.0
x_cont3490,0.0,0.0,0.0,0.0,0.0
x_cont3491,0.0,0.0,0.0,0.0,0.0
x_cont3492,0.0,0.0,0.0,0.0,0.0
x_cont3493,0.0,0.0,0.0,0.0,0.0
x_cont3494,0.0,0.0,0.0,0.0,0.0
x_cont3495,0.0,0.0,0.0,0.0,0.0
x_cont3496,0.0,0.0,0.0,0.0,0.0
x_cont3497,0.0,0.0,0.0,0.0,0.0
x_cont3498,0.0,0.0,0.0,0.0,0.0
x_cont3499,0.0,0.0,0.0,0.0,0.0
x_cont3500,0.0,0.0,0.0,0.0,0.0
x_cont3501,0.0,0.0,0.0,0.0,0.0
x_cont3502,0.0,0.0,0.0,0.0,0.0
x_cont3503,0.0,0.0,0.0,0.0,0.0
x_cont3504,0.0,0.0,0.0,0.0,0.0
x_cont3505,0.0,0.0,0.0,0.0,0.0
x_cont3506,0.0,0.0,0.0,0.0,0.0
x_cont3507,0.0,0.0,0.0,0.0,0.0
x_cont3508,0.0,0.0,0.0,0.0,0.0
x_cont3509,0.0,0.0,0.0,0.0,0.0
x_cont3510,0.0,0.0,0.0,0.0,0.0
x_cont3511,0.0,0.0,0.0,0.0,0.0
x_cont3512,0.0,0.0,0.0,0.0,0.0
x_cont3513,0.0,0.0,0.0,0.0,0.0
x_cont3514,0.0,0.0,0.0,0.0,0.0
x_cont3515,0.0,0.0,0.0,0.0,0.0
x_cont3516,0.0,0.0,0.0,0.0,0.0
x_cont3517,0.0,0.0,0.0,0.0,0.0
x_cont3518,0.0,0.0,0.0,0.0,0.0
x_cont3519,0.0,0.0,0.0,0.0,0.0
x_cont3520,0.0,0.0,0.0,0.0,0.0
x_cont3521,0.0,0.0,0.0,0.0,0.0
x_cont3522,0.0,0.0,0.0,0.0,0.0
x_cont3523,0.0,0.0,0.0,0.0,0.0
x_cont3524,0.0,0.0,0.0,0.0,0.0
x_cont3525,0.0,0.0,0.0,0.0,0.0
x_cont3526,0.0,0.0,0.0,0.0,0.0
x_cont3527,0.0,0.0,0.0,0.0,0.0
x_cont3528,0.0,0.0,0.0,0.0,0.0
x_cont3529,0.0,0.0,0.0,0.0,0.0
x_cont3530,0.0,0.0,0.0,0.0,0.0
x_cont3531,0.0,0.0,0.0,0.0,0.0
x_cont3532,0.0,0.0,0.0,0.0,0.0
x_cont3533,0.0,0.0,0.0,0.0,0.0
x_cont3534,0.0,0.0,0.0,0.0,0.0
x_cont3535,0.0,0.0,0.0,0.0,0.0
x_cont3536,0.0,0.0,0.0,0.0,0.0
x_cont3537,0.0,0.0,0.0,0.0,0.0
x_cont3538,0.0,0.0,0.0,0.0,0.0
x_cont3539,0.0,0.0,0.0,0.0,0.0
x_cont3540,0.0,0.0,0.0,0.0,0.0
x_cont3541,0.0,0.0,0.0,0.0,0.0
x_cont3542,0.0,0.0,0.0,0.0,0.0
x_cont3543,0.0,0.0,0.0,0.0,0.0
x_cont3544,0.0,0.0,0.0,0.0,0.0
x_cont3545,0.0,0.0,0.0,0.0,0.0
x_cont3546,0.0,0.0,0.0,0.0,0.0
x_cont3547,0.0,0.0,0.0,0.0,0.0
x_cont3548,0.0,0.0,0.0,0.0,0.0
x_cont3549,0.0,0.0,0.0,0.0,0.0
x_cont3550,0.0,0.0,0.0,0.0,0.0
x_cont3551,0.0,0.0,0.0,0.0,0.0
x_cont3552,0.0,0.0,0.0,0.0,0.0
x_cont3553,0.0,0.0,0.0,0.0,0.0
x_cont3554,0.0,0.0,0.0,0.0,0.0
x_cont3555,0.0,0.0,0.0,0.0,0.0
x_cont3556,0.0,0.0,0.0,0.0,0.0
x_cont3557,0.0,0.0,0.0,0.0,0.0
x_cont3558,0.0,0.0,0.0,0.0,0.0
x_cont3559,0.0,0.0,0.0,0.0,0.0
x_cont3560,0.0,0.0,0.0,0.0,0.0
x_cont3561,0.0,0.0,0.0,0.0,0.0
x_cont3562,0.0,0.0,0.0,0.0,0.0
x_cont3563,0.0,0.0,0.0,0.0,0.0
x_cont3564,0.0,0.0,0.0,0.0,0.0
x_cont3565,0.0,0.0,0.0,0.0,0.0
x_cont3566,0.0,0.0,0.0,0.0,0.0
x_cont3567,0.0,0.0,0.0,0.0,0.0
x_cont3568,0.0,0.0,0.0,0.0,0.0
x_cont3569,0.0,0.0,0.0,0.0,0.0
x_cont3570,0.0,0.0,0.0,0.0,0.0
x_cont3571,0.0,0.0,0.0,0.0,0.0
x_cont3572,0.0,0.0,0.0,0.0,0.0
x_cont3573,0.0,0.0,0.0,0.0,0.0
x_cont3574,0.0,0.0,0.0,0.0,0.0
x_cont3575,0.0,0.0,0.0,0.0,0.0
x_cont3576,0.0,0.0,0.0,0.0,0.0
x_cont3577,0.0,0.0,0.0,0.0,0.0
x_cont3578,0.0,0.0,0.0,0.0,0.0
x_cont3579,0.0,0.0,0.0,0.0,0.0
x_cont3580,0.0,0.0,0.0,0.0,0.0
x_cont3581,0.0,0.0,0.0,0.0,0.0
x_cont3582,0.0,0.0,0.0,0.0,0.0
x_cont3583,0.0,0.0,0.0,0.0,0.0
x_cont3584,0.0,0.0,0.0,0.0,0.0
x_cont3585,0.0,0.0,0.0,0.0,0.0
x_cont3586,0.0,0.0,0.0,0.0,0.0
x_cont3587,0.0,0.0,0.0,0.0,0.0
x_cont3588,0.0,0.0,0.0,0.0,0.0
x_cont3589,0.0,0.0,0.0,0.0,0.0
x_cont3590,0.0,0.0,0.0,0.0,0.0
x_cont3591,0.0,0.0,0.0,0.0,0.0
x_cont3592,0.0,0.0,0.0,0.0,0.0
x_cont3593,0.0,0.0,0.0,0.0,0.0
x_cont3594,0.0,0.0,0.0,0.0,0.0
x_cont3595,0.0,0.0,0.0,0.0,0.0
x_cont3596,0.0,0.0,0.0,0.0,0.0
x_cont3597,0.0,0.0,0.0,0.0,0.0
x_cont3598,0.0,0.0,0.0,0.0,0.0
x_cont3599,0.0,0.0,0.0,0.0,0.0
x_cont3600,0.0,0.0,0.0,0.0,0.0
x_cont3601,0.0,0.0,0.0,0.0,0.0
x_cont3602,0.0,0.0,0.0,0.0,0.0
x_cont3603,0.0,0.0,0.0,0.0,0.0
x_cont3604,0.0,0.0,0.0,0.0,0.0
x_cont3605,0.0,0.0,0.0,0.0,0.0
x_cont3606,0.0,0.0,0.0,0.0,0.0
x_cont3607,0.0,0.0,0.0,0.0,0.0
x_cont3608,0.0,0.0,0.0,0.0,0.0
x_cont3609,0.0,0.0,0.0,0.0,0.0
x_cont3610,0.0,0.0,0.0,0.0,0.0
x_cont3611,0.0,0.0,0.0,0.0,0.0
x_cont3612,0.0,0.0,0.0,0.0,0.0
x_cont3613,0.0,0.0,0.0,0.0,0.0
x_cont3614,0.0,0.0,0.0,0.0,0.0
x_cont3615,0.0,0.0,0.0,0.0,0.0
x_cont3616,0.0,0.0,0.0,0.0,0.0
x_cont3617,0.0,0.0,0.0,0.0,0.0
x_cont3618,0.0,0.0,0.0,0.0,0.0
x_cont3619,0.0,0.0,0.0,0.0,0.0
x_cont3620,0.0,0.0,0.0,0.0,0.0
x_cont3621,0.0,0.0,0.0,0.0,0.0
x_cont3622,0.0,0.0,0.0,0.0,0.0
x_cont3623,0.0,0.0,0.0,0.0,0.0
x_cont3624,0.0,0.0,0.0,0.0,0.0
x_cont3625,0.0,0.0,0.0,0.0,0.0
x_cont3626,0.0,0.0,0.0,0.0,0.0
x_cont3627,0.0,0.0,0.0,0.0,0.0
x_cont3628,0.0,0.0,0.0,0.0,0.0
x_cont3629,0.0,0.0,0.0,0.0,0.0
x_cont3630,0.0,0.0,0.0,0.0,0.0
x_cont3631,0.0,0.0,0.0,0.0,0.0
x_cont3632,0.0,0.0,0.0,0.0,0.0
x_cont3633,0.0,0.0,0.0,0.0,0.0
x_cont3634,0.0,0.0,0.0,0.0,0.0
x_cont3635,0.0,0.0,0.0,0.0,0.0
x_cont3636,0.0,0.0,0.0,0.0,0.0
x_cont3637,0.0,0.0,0.0,0.0,0.0
x_cont3638,0.0,0.0,0.0,0.0,0.0
x_cont3639,0.0,0.0,0.0,0.0,0.0
x_cont3640,0.0,0.0,0.0,0.0,0.0
x_cont3641,0.0,0.0,0.0,0.0,0.0
x_cont3642,0.0,0.0,0.0,0.0,0.0
x_cont3643,0.0,0.0,0.0,0.0,0.0
x_cont3644,0.0,0.0,0.0,0.0,0.0
x_cont3645,0.0,0.0,0.0,0.0,0.0
x_cont3646,0.0,0.0,0.0,0.0,0.0
x_cont3647,0.0,0.0,0.0,0.0,0.0
x_cont3648,0.0,0.0,0.0,0.0,0.0
x_cont3649,0.0,0.0,0.0,0.0,0.0
x_cont3650,0.0,0.0,0.0,0.0,0.0
x_cont3651,0.0,0.0,0.0,0.0,0.0
x_cont3652,0.0,0.0,0.0,0.0,0.0
x_cont3653,0.0,0.0,0.0,0.0,0.0
x_cont3654,0.0,0.0,0.0,0.0,0.0
x_cont3655,0.0,0.0,0.0,0.0,0.0
x_cont3656,0.0,0.0,0.0,0.0,0.0
x_cont3657,0.0,0.0,0.0,0.0,0.0
x_cont3658,0.0,0.0,0.0,0.0,0.0
x_cont3659,0.0,0.0,0.0,0.0,0.0
x_cont3660,0.0,0.0,0.0,0.0,0.0
x_cont3661,0.0,0.0,0.0,0.0,0.0
x_cont3662,0.0,0.0,0.0,0.0,0.0
x_cont3663,0.0,0.0,0.0,0.0,0.0
x_cont3664,0.0,0.0,0.0,0.0,0.0
x_cont3665,0.0,0.0,0.0,0.0,0.0
x_cont3666,0.0,0.0,0.0,0.0,0.0
x_cont3667,0.0,0.0,0.0,0.0,0.0
x_cont3668,0.0,0.0,0.0,0.0,0.0
x_cont3669,0.0,0.0,0.0,0.0,0.0
x_cont3670,0.0,0.0,0.0,0.0,0.0
x_cont3671,0.0,0.0,0.0,0.0,0.0
x_cont3672,0.0,0.0,0.0,0.0,0.0
x_cont3673,0.0,0.0,0.0,0.0,0.0
x_cont3674,0.0,0.0,0.0,0.0,0.0
x_cont3675,0.0,0.0,0.0,0.0,0.0
x_cont3676,0.0,0.0,0.0,0.0,0.0
x_cont3677,0.0,0.0,0.0,0.0,0.0
x_cont3678,0.0,0.0,0.0,0.0,0.0
x_cont3679,0.0,0.0,0.0,0.0,0.0
x_cont3680,0.0,0.0,0.0,0.0,0.0
x_cont3681,0.0,0.0,0.0,0.0,0.0
x_cont3682,0.0,0.0,0.0,0.0,0.0
x_cont3683,0.0,0.0,0.0,0.0,0.0
x_cont3684,0.0,0.0,0.0,0.0,0.0
x_cont3685,0.0,0.0,0.0,0.0,0.0
x_cont3686,0.0,0.0,0.0,0.0,0.0
x_cont3687,0.0,0.0,0.0,0.0,0.0
x_cont3688,0.0,0.0,0.0,0.0,0.0
x_cont3689,0.0,0.0,0.0,0.0,0.0
x_cont3690,0.0,0.0,0.0,0.0,0.0
x_cont3691,0.0,0.0,0.0,0.0,0.0
x_cont3692,0.0,0.0,0.0,0.0,0.0
x_cont3693,0.0,0.0,0.0,0.0,0.0
x_cont3694,0.0,0.0,0.0,0.0,0.0
x_cont3695,0.0,0.0,0.0,0.0,0.0
x_cont3696,0.0,0.0,0.0,0.0,0.0
x_cont3697,0.0,0.0,0.0,0.0,0.0
x_cont3698,0.0,0.0,0.0,0.0,0.0
x_cont3699,0.0,0.0,0.0,0.0,0.0
x_cont3700,0.0,0.0,0.0,0.0,0.0
x_cont3701,0.0,0.0,0.0,0.0,0.0
x_cont3702,0.0,0.0,0.0,0.0,0.0
x_cont3703,0.0,0.0,0.0,0.0,0.0
x_cont3704,0.0,0.0,0.0,0.0,0.0
x_cont3705,0.0,0.0,0.0,0.0,0.0
x_cont3706,0.0,0.0,0.0,0.0,0.0
x_cont3707,0.0,0.0,0.0,0.0,0.0
x_cont3708,0.0,0.0,0.0,0.0,0.0
x_cont3709,0.0,0.0,0.0,0.0,0.0
x_cont3710,0.0,0.0,0.0,0.0,0.0
x_cont3711,0.0,0.0,0.0,0.0,0.0
x_cont3712,0.0,0.0,0.0,0.0,0.0
x_cont3713,0.0,0.0,0.0,0.0,0.0
x_cont3714,0.0,0.0,0.0,0.0,0.0
x_cont3715,0.0,0.0,0.0,0.0,0.0
x_cont3716,0.0,0.0,0.0,0.0,0.0
x_cont3717,0.0,0.0,0.0,0.0,0.0
x_cont3718,0.0,0.0,0.0,0.0,0.0
x_cont3719,0.0,0.0,0.0,0.0,0.0
x_cont3720,0.0,0.0,0.0,0.0,0.0
x_cont3721,0.0,0.0,0.0,0.0,0.0
x_cont3722,0.0,0.0,0.0,0.0,0.0
x_cont3723,0.0,0.0,0.0,0.0,0.0
x_cont3724,0.0,0.0,0.0,0.0,0.0
x_cont3725,0.0,0.0,0.0,0.0,0.0
x_cont3726,0.0,0.0,0.0,0.0,0.0
x_cont3727,0.0,0.0,0.0,0.0,0.0
x_cont3728,0.0,0.0,0.0,0.0,0.0
x_cont3729,0.0,0.0,0.0,0.0,0.0
x_cont3730,0.0,0.0,0.0,0.0,0.0
x_cont3731,0.0,0.0,0.0,0.0,0.0
x_cont3732,0.0,0.0,0.0,0.0,0.0
x_cont3733,0.0,0.0,0.0,0.0,0.0
x_cont3734,0.0,0.0,0.0,0.0,0.0
x_cont3735,0.0,0.0,0.0,0.0,0.0
x_cont3736,0.0,0.0,0.0,0.0,0.0
x_cont3737,0.0,0.0,0.0,0.0,0.0
x_cont3738,0.0,0.0,0.0,0.0,0.0
x_cont3739,0.0,0.0,0.0,0.0,0.0
x_cont3740,0.0,0.0,0.0,0.0,0.0
x_cont3741,0.0,0.0,0.0,0.0,0.0
x_cont3742,0.0,0.0,0.0,0.0,0.0
x_cont3743,0.0,0.0,0.0,0.0,0.0
x_cont3744,0.0,0.0,0.0,0.0,0.0
x_cont3745,0.0,0.0,0.0,0.0,0.0
x_cont3746,0.0,0.0,0.0,0.0,0.0
x_cont3747,0.0,0.0,0.0,0.0,0.0
x_cont3748,0.0,0.0,0.0,0.0,0.0
x_cont3749,0.0,0.0,0.0,0.0,0.0
x_cont3750,0.0,0.0,0.0,0.0,0.0
x_cont3751,0.0,0.0,0.0,0.0,0.0
x_cont3752,0.0,0.0,0.0,0.0,0.0
x_cont3753,0.0,0.0,0.0,0.0,0.0
x_cont3754,0.0,0.0,0.0,0.0,0.0
x_cont3755,0.0,0.0,0.0,0.0,0.0
x_cont3756,0.0,0.0,0.0,0.0,0.0
x_cont3757,0.0,0.0,0.0,0.0,0.0
x_cont3758,0.0,0.0,0.0,0.0,0.0
x_cont3759,0.0,0.0,0.0,0.0,0.0
x_cont3760,0.0,0.0,0.0,0.0,0.0
x_cont3761,0.0,0.0,0.0,0.0,0.0
x_cont3762,0.0,0.0,0.0,0.0,0.0
x_cont3763,0.0,0.0,0.0,0.0,0.0
x_cont3764,0.0,0.0,0.0,0.0,0.0
x_cont3765,0.0,0.0,0.0,0.0,0.0
x_cont3766,0.0,0.0,0.0,0.0,0.0
x_cont3767,0.0,0.0,0.0,0.0,0.0
x_cont3768,0.0,0.0,0.0,0.0,0.0
x_cont3769,0.0,0.0,0.0,0.0,0.0
x_cont3770,0.0,0.0,0.0,0.0,0.0
x_cont3771,0.0,0.0,0.0,0.0,0.0
x_cont3772,0.0,0.0,0.0,0.0,0.0
x_cont3773,0.0,0.0,0.0,0.0,0.0
x_cont3774,0.0,0.0,0.0,0.0,0.0
x_cont3775,0.0,0.0,0.0,0.0,0.0
x_cont3776,0.0,0.0,0.0,0.0,0.0
x_cont3777,0.0,0.0,0.0,0.0,0.0
x_cont3778,0.0,0.0,0.0,0.0,0.0
x_cont3779,0.0,0.0,0.0,0.0,0.0
x_cont3780,0.0,0.0,0.0,0.0,0.0
x_cont3781,0.0,0.0,0.0,0.0,0.0
x_cont3782,0.0,0.0,0.0,0.0,0.0
x_cont3783,0.0,0.0,0.0,0.0,0.0
x_cont3784,0.0,0.0,0.0,0.0,0.0
x_cont3785,0.0,0.0,0.0,0.0,0.0
x_cont3786,0.0,0.0,0.0,0.0,0.0
x_cont3787,0.0,0.0,0.0,0.0,0.0
x_cont3788,0.0,0.0,0.0,0.0,0.0
x_cont3789,0.0,0.0,0.0,0.0,0.0
x_cont3790,0.0,0.0,0.0,0.0,0.0
x_cont3791,0.0,0.0,0.0,0.0,0.0
x_cont3792,0.0,0.0,0.0,0.0,0.0
x_cont3793,0.0,0.0,0.0,0.0,0.0
x_cont3794,0.0,0.0,0.0,0.0,0.0
x_cont3795,0.0,0.0,0.0,0.0,0.0
x_cont3796,0.0,0.0,0.0,0.0,0.0
x_cont3797,0.0,0.0,0.0,0.0,0.0
x_cont3798,0.0,0.0,0.0,0.0,0.0
x_cont3799,0.0,0.0,0.0,0.0,0.0
x_cont3800,0.0,0.0,0.0,0.0,0.0
x_cont3801,0.0,0.0,0.0,0.0,0.0
x_cont3802,0.0,0.0,0.0,0.0,0.0
x_cont3803,0.0,0.0,0.0,0.0,0.0
x_cont3804,0.0,0.0,0.0,0.0,0.0
x_cont3805,0.0,0.0,0.0,0.0,0.0
x_cont3806,0.0,0.0,0.0,0.0,0.0
x_cont3807,0.0,0.0,0.0,0.0,0.0
x_cont3808,0.0,0.0,0.0,0.0,0.0
x_cont3809,0.0,0.0,0.0,0.0,0.0
x_cont3810,0.0,0.0,0.0,0.0,0.0
x_cont3811,0.0,0.0,0.0,0.0,0.0
x_cont3812,0.0,0.0,0.0,0.0,0.0
x_cont3813,0.0,0.0,0.0,0.0,0.0
x_cont3814,0.0,0.0,0.0,0.0,0.0
x_cont3815,0.0,0.0,0.0,0.0,0.0
x_cont3816,0.0,0.0,0.0,0.0,0.0
x_cont3817,0.0,0.0,0.0,0.0,0.0
x_cont3818,0.0,0.0,0.0,0.0,0.0
x_cont3819,0.0,0.0,0.0,0.0,0.0
x_cont3820,0.0,0.0,0.0,0.0,0.0
x_cont3821,0.0,0.0,0.0,0.0,0.0
x_cont3822,0.0,0.0,0.0,0.0,0.0
x_cont3823,0.0,0.0,0.0,0.0,0.0
x_cont3824,0.0,0.0,0.0,0.0,0.0
x_cont3825,0.0,0.0,0.0,0.0,0.0
x_cont3826,0.0,0.0,0.0,0.0,0.0
x_cont3827,0.0,0.0,0.0,0.0,0.0
x_cont3828,0.0,0.0,0.0,0.0,0.0
x_cont3829,0.0,0.0,0.0,0.0,0.0
x_cont3830,0.0,0.0,0.0,0.0,0.0
x_cont3831,0.0,0.0,0.0,0.0,0.0
x_cont3832,0.0,0.0,0.0,0.0,0.0
x_cont3833,0.0,0.0,0.0,0.0,0.0
x_cont3834,0.0,0.0,0.0,0.0,0.0
x_cont3835,0.0,0.0,0.0,0.0,0.0
x_cont3836,0.0,0.0,0.0,0.0,0.0
x_cont3837,0.0,0.0,0.0,0.0,0.0
x_cont3838,0.0,0.0,0.0,0.0,0.0
x_cont3839,0.0,0.0,0.0,0.0,0.0
x_cont3840,0.0,0.0,0.0,0.0,0.0
x_cont3841,0.0,0.0,0.0,0.0,0.0
x_cont3842,0.0,0.0,0.0,0.0,0.0
x_cont3843,0.0,0.0,0.0,0.0,0.0
x_cont3844,0.0,0.0,0.0,0.0,0.0
x_cont3845,0.0,0.0,0.0,0.0,0.0
x_cont3846,0.0,0.0,0.0,0.0,0.0
x_cont3847,0.0,0.0,0.0,0.0,0.0
x_cont3848,0.0,0.0,0.0,0.0,0.0
x_cont3849,0.0,0.0,0.0,0.0,0.0
x_cont3850,0.0,0.0,0.0,0.0,0.0
x_cont3851,0.0,0.0,0.0,0.0,0.0
x_cont3852,0.0,0.0,0.0,0.0,0.0
x_cont3853,0.0,0.0,0.0,0.0,0.0
x_cont3854,0.0,0.0,0.0,0.0,0.0
x_cont3855,0.0,0.0,0.0,0.0,0.0
x_cont3856,0.0,0.0,0.0,0.0,0.0
x_cont3857,0.0,0.0,0.0,0.0,0.0
x_cont3858,0.0,0.0,0.0,0.0,0.0
x_cont3859,0.0,0.0,0.0,0.0,0.0
x_cont3860,0.0,0.0,0.0,0.0,0.0
x_cont3861,0.0,0.0,0.0,0.0,0.0
x_cont3862,0.0,0.0,0.0,0.0,0.0
x_cont3863,0.0,0.0,0.0,0.0,0.0
x_cont3864,0.0,0.0,0.0,0.0,0.0
x_cont3865,0.0,0.0,0.0,0.0,0.0
x_cont3866,0.0,0.0,0.0,0.0,0.0
x_cont3867,0.0,0.0,0.0,0.0,0.0
x_cont3868,0.0,0.0,0.0,0.0,0.0
x_cont3869,0.0,0.0,0.0,0.0,0.0
x_cont3870,0.0,0.0,0.0,0.0,0.0
x_cont3871,0.0,0.0,0.0,0.0,0.0
x_cont3872,0.0,0.0,0.0,0.0,0.0
x_cont3873,0.0,0.0,0.0,0.0,0.0
x_cont3874,0.0,0.0,0.0,0.0,0.0
x_cont3875,0.0,0.0,0.0,0.0,0.0
x_cont3876,0.0,0.0,0.0,0.0,0.0
x_cont3877,0.0,0.0,0.0,0.0,0.0
x_cont3878,0.0,0.0,0.0,0.0,0.0
x_cont3879,0.0,0.0,0.0,0.0,0.0
x_cont3880,0.0,0.0,0.0,0.0,0.0
x_cont3881,0.0,0.0,0.0,0.0,0.0
x_cont3882,0.0,0.0,0.0,0.0,0.0
x_cont3883,0.0,0.0,0.0,0.0,0.0
x_cont3884,0.0,0.0,0.0,0.0,0.0
x_cont3885,0.0,0.0,0.0,0.0,0.0
x_cont3886,0.0,0.0,0.0,0.0,0.0
x_cont3887,0.0,0.0,0.0,0.0,0.0
x_cont3888,0.0,0.0,0.0,0.0,0.0
x_cont3889,0.0,0.0,0.0,0.0,0.0
x_cont3890,0.0,0.0,0.0,0.0,0.0
x_cont3891,0.0,0.0,0.0,0.0,0.0
x_cont3892,0.0,0.0,0.0,0.0,0.0
x_cont3893,0.0,0.0,0.0,0.0,0.0
x_cont3894,0.0,0.0,0.0,0.0,0.0
x_cont3895,0.0,0.0,0.0,0.0,0.0
x_cont3896,0.0,0.0,0.0,0.0,0.0
x_cont3897,0.0,0.0,0.0,0.0,0.0
x_cont3898,0.0,0.0,0.0,0.0,0.0
x_cont3899,0.0,0.0,0.0,0.0,0.0
x_cont3900,0.0,0.0,0.0,0.0,0.0
x_cont3901,0.0,0.0,0.0,0.0,0.0
x_cont3902,0.0,0.0,0.0,0.0,0.0
x_cont3903,0.0,0.0,0.0,0.0,0.0
x_cont3904,0.0,0.0,0.0,0.0,0.0
x_cont3905,0.0,0.0,0.0,0.0,0.0
x_cont3906,0.0,0.0,0.0,0.0,0.0
x_cont3907,0.0,0.0,0.0,0.0,0.0
x_cont3908,0.0,0.0,0.0,0.0,0.0
x_cont3909,0.0,0.0,0.0,0.0,0.0
x_cont3910,0.0,0.0,0.0,0.0,0.0
x_cont3911,0.0,0.0,0.0,0.0,0.0
x_cont3912,0.0,0.0,0.0,0.0,0.0
x_cont3913,0.0,0.0,0.0,0.0,0.0
x_cont3914,0.0,0.0,0.0,0.0,0.0
x_cont3915,0.0,0.0,0.0,0.0,0.0
x_cont3916,0.0,0.0,0.0,0.0,0.0
x_cont3917,0.0,0.0,0.0,0.0,0.0
x_cont3918,0.0,0.0,0.0,0.0,0.0
x_cont3919,0.0,0.0,0.0,0.0,0.0
x_cont3920,0.0,0.0,0.0,0.0,0.0
x_cont3921,0.0,0.0,0.0,0.0,0.0
x_cont3922,0.0,0.0,0.0,0.0,0.0
x_cont3923,0.0,0.0,0.0,0.0,0.0
x_cont3924,0.0,0.0,0.0,0.0,0.0
x_cont3925,0.0,0.0,0.0,0.0,0.0
x_cont3926,0.0,0.0,0.0,0.0,0.0
x_cont3927,0.0,0.0,0.0,0.0,0.0
x_cont3928,0.0,0.0,0.0,0.0,0.0
x_cont3929,0.0,0.0,0.0,0.0,0.0
x_cont3930,0.0,0.0,0.0,0.0,0.0
x_cont3931,0.0,0.0,0.0,0.0,0.0
x_cont3932,0.0,0.0,0.0,0.0,0.0
x_cont3933,0.0,0.0,0.0,0.0,0.0
x_cont3934,0.0,0.0,0.0,0.0,0.0
x_cont3935,0.0,0.0,0.0,0.0,0.0
x_cont3936,0.0,0.0,0.0,0.0,0.0
x_cont3937,0.0,0.0,0.0,0.0,0.0
x_cont3938,0.0,0.0,0.0,0.0,0.0
x_cont3939,0.0,0.0,0.0,0.0,0.0
x_cont3940,0.0,0.0,0.0,0.0,0.0
x_cont3941,0.0,0.0,0.0,0.0,0.0
x_cont3942,0.0,0.0,0.0,0.0,0.0
x_cont3943,0.0,0.0,0.0,0.0,0.0
x_cont3944,0.0,0.0,0.0,0.0,0.0
x_cont3945,0.0,0.0,0.0,0.0,0.0
x_cont3946,0.0,0.0,0.0,0.0,0.0
x_cont3947,0.0,0.0,0.0,0.0,0.0
x_cont3948,0.0,0.0,0.0,0.0,0.0
x_cont3949,0.0,0.0,0.0,0.0,0.0
x_cont3950,0.0,0.0,0.0,0.0,0.0
x_cont3951,0.0,0.0,0.0,0.0,0.0
x_cont3952,0.0,0.0,0.0,0.0,0.0
x_cont3953,0.0,0.0,0.0,0.0,0.0
x_cont3954,0.0,0.0,0.0,0.0,0.0
x_cont3955,0.0,0.0,0.0,0.0,0.0
x_cont3956,0.0,0.0,0.0,0.0,0.0
x_cont3957,0.0,0.0,0.0,0.0,0.0
x_cont3958,0.0,0.0,0.0,0.0,0.0
x_cont3959,0.0,0.0,0.0,0.0,0.0
x_cont3960,0.0,0.0,0.0,0.0,0.0
x_cont3961,0.0,0.0,0.0,0.0,0.0
x_cont3962,0.0,0.0,0.0,0.0,0.0
x_cont3963,0.0,0.0,0.0,0.0,0.0
x_cont3964,0.0,0.0,0.0,0.0,0.0
x_cont3965,0.0,0.0,0.0,0.0,0.0
x_cont3966,0.0,0.0,0.0,0.0,0.0
x_cont3967,0.0,0.0,0.0,0.0,0.0
x_cont3968,0.0,0.0,0.0,0.0,0.0
x_cont3969,0.0,0.0,0.0,0.0,0.0
x_cont3970,0.0,0.0,0.0,0.0,0.0
x_cont3971,0.0,0.0,0.0,0.0,0.0
x_cont3972,0.0,0.0,0.0,0.0,0.0
x_cont3973,0.0,0.0,0.0,0.0,0.0
x_cont3974,0.0,0.0,0.0,0.0,0.0
x_cont3975,0.0,0.0,0.0,0.0,0.0
x_cont3976,0.0,0.0,0.0,0.0,0.0
x_cont3977,0.0,0.0,0.0,0.0,0.0
x_cont3978,0.0,0.0,0.0,0.0,0.0
x_cont3979,0.0,0.0,0.0,0.0,0.0
x_cont3980,0.0,0.0,0.0,0.0,0.0
x_cont3981,0.0,0.0,0.0,0.0,0.0
x_cont3982,0.0,0.0,0.0,0.0,0.0
x_cont3983,0.0,0.0,0.0,0.0,0.0
x_cont3984,0.0,0.0,0.0,0.0,0.0
x_cont3985,0.0,0.0,0.0,0.0,0.0
x_cont3986,0.0,0.0,0.0,0.0,0.0
x_cont3987,0.0,0.0,0.0,0.0,0.0
x_cont3988,0.0,0.0,0.0,0.0,0.0
x_cont3989,0.0,0.0,0.0,0.0,0.0
x_cont3990,0.0,0.0,0.0,0.0,0.0
x_cont3991,0.0,0.0,0.0,0.0,0.0
x_cont3992,0.0,0.0,0.0,0.0,0.0
x_cont3993,0.0,0.0,0.0,0.0,0.0
x_cont3994,0.0,0.0,0.0,0.0,0.0
x_cont3995,0.0,0.0,0.0,0.0,0.0
x_cont3996,0.0,0.0,0.0,0.0,0.0
x_cont3997,0.0,0.0,0.0,0.0,0.0
x_cont3998,0.0,0.0,0.0,0.0,0.0
x_cont3999,0.0,0.0,0.0,0.0,0.0
x_cont4000,0.0,0.0,0.0,0.0,0.0
x_cont4001,0.0,0.0,0.0,0.0,0.0
x_cont4002,0.0,0.0,0.0,0.0,0.0
x_cont4003,0.0,0.0,0.0,0.0,0.0
x_cont4004,0.0,0.0,0.0,0.0,0.0
x_cont4005,0.0,0.0,0.0,0.0,0.0
x_cont4006,0.0,0.0,0.0,0.0,0.0
x_cont4007,0.0,0.0,0.0,0.0,0.0
x_cont4008,0.0,0.0,0.0,0.0,0.0
x_cont4009,0.0,0.0,0.0,0.0,0.0
x_cont4010,0.0,0.0,0.0,0.0,0.0
x_cont4011,0.0,0.0,0.0,0.0,0.0
x_cont4012,0.0,0.0,0.0,0.0,0.0
x_cont4013,0.0,0.0,0.0,0.0,0.0
x_cont4014,0.0,0.0,0.0,0.0,0.0
x_cont4015,0.0,0.0,0.0,0.0,0.0
x_cont4016,0.0,0.0,0.0,0.0,0.0
x_cont4017,0.0,0.0,0.0,0.0,0.0
x_cont4018,0.0,0.0,0.0,0.0,0.0
x_cont4019,0.0,0.0,0.0,0.0,0.0
x_cont4020,0.0,0.0,0.0,0.0,0.0
x_cont4021,0.0,0.0,0.0,0.0,0.0
x_cont4022,0.0,0.0,0.0,0.0,0.0
x_cont4023,0.0,0.0,0.0,0.0,0.0
x_cont4024,0.0,0.0,0.0,0.0,0.0
x_cont4025,0.0,0.0,0.0,0.0,0.0
x_cont4026,0.0,0.0,0.0,0.0,0.0
x_cont4027,0.0,0.0,0.0,0.0,0.0
x_cont4028,0.0,0.0,0.0,0.0,0.0
x_cont4029,0.0,0.0,0.0,0.0,0.0
x_cont4030,0.0,0.0,0.0,0.0,0.0
x_cont4031,0.0,0.0,0.0,0.0,0.0
x_cont4032,0.0,0.0,0.0,0.0,0.0
x_cont4033,0.0,0.0,0.0,0.0,0.0
x_cont4034,0.0,0.0,0.0,0.0,0.0
x_cont4035,0.0,0.0,0.0,0.0,0.0
x_cont4036,0.0,0.0,0.0,0.0,0.0
x_cont4037,0.0,0.0,0.0,0.0,0.0
x_cont4038,0.0,0.0,0.0,0.0,0.0
x_cont4039,0.0,0.0,0.0,0.0,0.0
x_cont4040,0.0,0.0,0.0,0.0,0.0
x_cont4041,0.0,0.0,0.0,0.0,0.0
x_cont4042,0.0,0.0,0.0,0.0,0.0
x_cont4043,0.0,0.0,0.0,0.0,0.0
x_cont4044,0.0,0.0,0.0,0.0,0.0
x_cont4045,0.0,0.0,0.0,0.0,0.0
x_cont4046,0.0,0.0,0.0,0.0,0.0
x_cont4047,0.0,0.0,0.0,0.0,0.0
x_cont4048,0.0,0.0,0.0,0.0,0.0
x_cont4049,0.0,0.0,0.0,0.0,0.0
x_cont4050,0.0,0.0,0.0,0.0,0.0
x_cont4051,0.0,0.0,0.0,0.0,0.0
x_cont4052,0.0,0.0,0.0,0.0,0.0
x_cont4053,0.0,0.0,0.0,0.0,0.0
x_cont4054,0.0,0.0,0.0,0.0,0.0
x_cont4055,0.0,0.0,0.0,0.0,0.0
x_cont4056,0.0,0.0,0.0,0.0,0.0
x_cont4057,0.0,0.0,0.0,0.0,0.0
x_cont4058,0.0,0.0,0.0,0.0,0.0
x_cont4059,0.0,0.0,0.0,0.0,0.0
x_cont4060,0.0,0.0,0.0,0.0,0.0
x_cont4061,0.0,0.0,0.0,0.0,0.0
x_cont4062,0.0,0.0,0.0,0.0,0.0
x_cont4063,0.0,0.0,0.0,0.0,0.0
x_cont4064,0.0,0.0,0.0,0.0,0.0
x_cont4065,0.0,0.0,0.0,0.0,0.0
x_cont4066,0.0,0.0,0.0,0.0,0.0
x_cont4067,0.0,0.0,0.0,0.0,0.0
x_cont4068,0.0,0.0,0.0,0.0,0.0
x_cont4069,0.0,0.0,0.0,0.0,0.0
x_cont4070,0.0,0.0,0.0,0.0,0.0
x_cont4071,0.0,0.0,0.0,0.0,0.0
x_cont4072,0.0,0.0,0.0,0.0,0.0
x_cont4073,0.0,0.0,0.0,0.0,0.0
x_cont4074,0.0,0.0,0.0,0.0,0.0
x_cont4075,0.0,0.0,0.0,0.0,0.0
x_cont4076,0.0,0.0,0.0,0.0,0.0
x_cont4077,0.0,0.0,0.0,0.0,0.0
x_cont4078,0.0,0.0,0.0,0.0,0.0
x_cont4079,0.0,0.0,0.0,0.0,0.0
x_cont4080,0.0,0.0,0.0,0.0,0.0
x_cont4081,0.0,0.0,0.0,0.0,0.0
x_cont4082,0.0,0.0,0.0,0.0,0.0
x_cont4083,0.0,0.0,0.0,0.0,0.0
x_cont4084,0.0,0.0,0.0,0.0,0.0
x_cont4085,0.0,0.0,0.0,0.0,0.0
x_cont4086,0.0,0.0,0.0,0.0,0.0
x_cont4087,0.0,0.0,0.0,0.0,0.0
x_cont4088,0.0,0.0,0.0,0.0,0.0
x_cont4089,0.0,0.0,0.0,0.0,0.0
x_cont4090,0.0,0.0,0.0,0.0,0.0
x_cont4091,0.0,0.0,0.0,0.0,0.0
x_cont4092,0.0,0.0,0.0,0.0,0.0
x_cont4093,0.0,0.0,0.0,0.0,0.0
x_cont4094,0.0,0.0,0.0,0.0,0.0
x_cont4095,0.0,0.0,0.0,0.0,0.0
x_cont4096,0.0,0.0,0.0,0.0,0.0
x_cont4097,0.0,0.0,0.0,0.0,0.0
x_cont4098,0.0,0.0,0.0,0.0,0.0
x_cont4099,0.0,0.0,0.0,0.0,0.0
x_cont4100,0.0,0.0,0.0,0.0,0.0
x_cont4101,0.0,0.0,0.0,0.0,0.0
x_cont4102,0.0,0.0,0.0,0.0,0.0
x_cont4103,0.0,0.0,0.0,0.0,0.0
x_cont4104,0.0,0.0,0.0,0.0,0.0
x_cont4105,0.0,0.0,0.0,0.0,0.0
x_cont4106,0.0,0.0,0.0,0.0,0.0
x_cont4107,0.0,0.0,0.0,0.0,0.0
x_cont4108,0.0,0.0,0.0,0.0,0.0
x_cont4109,0.0,0.0,0.0,0.0,0.0
x_cont4110,0.0,0.0,0.0,0.0,0.0
x_cont4111,0.0,0.0,0.0,0.0,0.0
x_cont4112,0.0,0.0,0.0,0.0,0.0
x_cont4113,0.0,0.0,0.0,0.0,0.0
x_cont4114,0.0,0.0,0.0,0.0,0.0
x_cont4115,0.0,0.0,0.0,0.0,0.0
x_cont4116,0.0,0.0,0.0,0.0,0.0
x_cont4117,0.0,0.0,0.0,0.0,0.0
x_cont4118,0.0,0.0,0.0,0.0,0.0
x_cont4119,0.0,0.0,0.0,0.0,0.0
x_cont4120,0.0,0.0,0.0,0.0,0.0
x_cont4121,0.0,0.0,0.0,0.0,0.0
x_cont4122,0.0,0.0,0.0,0.0,0.0
x_cont4123,0.0,0.0,0.0,0.0,0.0
x_cont4124,0.0,0.0,0.0,0.0,0.0
x_cont4125,0.0,0.0,0.0,0.0,0.0
x_cont4126,0.0,0.0,0.0,0.0,0.0
x_cont4127,0.0,0.0,0.0,0.0,0.0
x_cont4128,0.0,0.0,0.0,0.0,0.0
x_cont4129,0.0,0.0,0.0,0.0,0.0
x_cont4130,0.0,0.0,0.0,0.0,0.0
x_cont4131,0.0,0.0,0.0,0.0,0.0
x_cont4132,0.0,0.0,0.0,0.0,0.0
x_cont4133,0.0,0.0,0.0,0.0,0.0
x_cont4134,0.0,0.0,0.0,0.0,0.0
x_cont4135,0.0,0.0,0.0,0.0,0.0
x_cont4136,0.0,0.0,0.0,0.0,0.0
x_cont4137,0.0,0.0,0.0,0.0,0.0
x_cont4138,0.0,0.0,0.0,0.0,0.0
x_cont4139,0.0,0.0,0.0,0.0,0.0
x_cont4140,0.0,0.0,0.0,0.0,0.0
x_cont4141,0.0,0.0,0.0,0.0,0.0
x_cont4142,0.0,0.0,0.0,0.0,0.0
x_cont4143,0.0,0.0,0.0,0.0,0.0
x_cont4144,0.0,0.0,0.0,0.0,0.0
x_cont4145,0.0,0.0,0.0,0.0,0.0
x_cont4146,0.0,0.0,0.0,0.0,0.0
x_cont4147,0.0,0.0,0.0,0.0,0.0
x_cont4148,0.0,0.0,0.0,0.0,0.0
x_cont4149,0.0,0.0,0.0,0.0,0.0
x_cont4150,0.0,0.0,0.0,0.0,0.0
x_cont4151,0.0,0.0,0.0,0.0,0.0
x_cont4152,0.0,0.0,0.0,0.0,0.0
x_cont4153,0.0,0.0,0.0,0.0,0.0
x_cont4154,0.0,0.0,0.0,0.0,0.0
x_cont4155,0.0,0.0,0.0,0.0,0.0
x_cont4156,0.0,0.0,0.0,0.0,0.0
x_cont4157,0.0,0.0,0.0,0.0,0.0
x_cont4158,0.0,0.0,0.0,0.0,0.0
x_cont4159,0.0,0.0,0.0,0.0,0.0
x_cont4160,0.0,0.0,0.0,0.0,0.0
x_cont4161,0.0,0.0,0.0,0.0,0.0
x_cont4162,0.0,0.0,0.0,0.0,0.0
x_cont4163,0.0,0.0,0.0,0.0,0.0
x_cont4164,0.0,0.0,0.0,0.0,0.0
x_cont4165,0.0,0.0,0.0,0.0,0.0
x_cont4166,0.0,0.0,0.0,0.0,0.0
x_cont4167,0.0,0.0,0.0,0.0,0.0
x_cont4168,0.0,0.0,0.0,0.0,0.0
x_cont4169,0.0,0.0,0.0,0.0,0.0
x_cont4170,0.0,0.0,0.0,0.0,0.0
x_cont4171,0.0,0.0,0.0,0.0,0.0
x_cont4172,0.0,0.0,0.0,0.0,0.0
x_cont4173,0.0,0.0,0.0,0.0,0.0
x_cont4174,0.0,0.0,0.0,0.0,0.0
x_cont4175,0.0,0.0,0.0,0.0,0.0
x_cont4176,0.0,0.0,0.0,0.0,0.0
x_cont4177,0.0,0.0,0.0,0.0,0.0
x_cont4178,0.0,0.0,0.0,0.0,0.0
x_cont4179,0.0,0.0,0.0,0.0,0.0
x_cont4180,0.0,0.0,0.0,0.0,0.0
x_cont4181,0.0,0.0,0.0,0.0,0.0
x_cont4182,0.0,0.0,0.0,0.0,0.0
x_cont4183,0.0,0.0,0.0,0.0,0.0
x_cont4184,0.0,0.0,0.0,0.0,0.0
x_cont4185,0.0,0.0,0.0,0.0,0.0
x_cont4186,0.0,0.0,0.0,0.0,0.0
x_cont4187,0.0,0.0,0.0,0.0,0.0
x_cont4188,0.0,0.0,0.0,0.0,0.0
x_cont4189,0.0,0.0,0.0,0.0,0.0
x_cont4190,0.0,0.0,0.0,0.0,0.0
x_cont4191,0.0,0.0,0.0,0.0,0.0
x_cont4192,0.0,0.0,0.0,0.0,0.0
x_cont4193,0.0,0.0,0.0,0.0,0.0
x_cont4194,0.0,0.0,0.0,0.0,0.0
x_cont4195,0.0,0.0,0.0,0.0,0.0
x_cont4196,0.0,0.0,0.0,0.0,0.0
x_cont4197,0.0,0.0,0.0,0.0,0.0
x_cont4198,0.0,0.0,0.0,0.0,0.0
x_cont4199,0.0,0.0,0.0,0.0,0.0
x_cont4200,0.0,0.0,0.0,0.0,0.0
x_cont4201,0.0,0.0,0.0,0.0,0.0
x_cont4202,0.0,0.0,0.0,0.0,0.0
x_cont4203,0.0,0.0,0.0,0.0,0.0
x_cont4204,0.0,0.0,0.0,0.0,0.0
x_cont4205,0.0,0.0,0.0,0.0,0.0
x_cont4206,0.0,0.0,0.0,0.0,0.0
x_cont4207,0.0,0.0,0.0,0.0,0.0
x_cont4208,0.0,0.0,0.0,0.0,0.0
x_cont4209,0.0,0.0,0.0,0.0,0.0
x_cont4210,0.0,0.0,0.0,0.0,0.0
x_cont4211,0.0,0.0,0.0,0.0,0.0
x_cont4212,0.0,0.0,0.0,0.0,0.0
x_cont4213,0.0,0.0,0.0,0.0,0.0
x_cont4214,0.0,0.0,0.0,0.0,0.0
x_cont4215,0.0,0.0,0.0,0.0,0.0
x_cont4216,0.0,0.0,0.0,0.0,0.0
x_cont4217,0.0,0.0,0.0,0.0,0.0
x_cont4218,0.0,0.0,0.0,0.0,0.0
x_cont4219,0.0,0.0,0.0,0.0,0.0
x_cont4220,0.0,0.0,0.0,0.0,0.0
x_cont4221,0.0,0.0,0.0,0.0,0.0
x_cont4222,0.0,0.0,0.0,0.0,0.0
x_cont4223,0.0,0.0,0.0,0.0,0.0
x_cont4224,0.0,0.0,0.0,0.0,0.0
x_cont4225,0.0,0.0,0.0,0.0,0.0
x_cont4226,0.0,0.0,0.0,0.0,0.0
x_cont4227,0.0,0.0,0.0,0.0,0.0
x_cont4228,0.0,0.0,0.0,0.0,0.0
x_cont4229,0.0,0.0,0.0,0.0,0.0
x_cont4230,0.0,0.0,0.0,0.0,0.0
x_cont4231,0.0,0.0,0.0,0.0,0.0
x_cont4232,0.0,0.0,0.0,0.0,0.0
x_cont4233,0.0,0.0,0.0,0.0,0.0
x_cont4234,0.0,0.0,0.0,0.0,0.0
x_cont4235,0.0,0.0,0.0,0.0,0.0
x_cont4236,0.0,0.0,0.0,0.0,0.0
x_cont4237,0.0,0.0,0.0,0.0,0.0
x_cont4238,0.0,0.0,0.0,0.0,0.0
x_cont4239,0.0,0.0,0.0,0.0,0.0
x_cont4240,0.0,0.0,0.0,0.0,0.0
x_cont4241,0.0,0.0,0.0,0.0,0.0
x_cont4242,0.0,0.0,0.0,0.0,0.0
x_cont4243,0.0,0.0,0.0,0.0,0.0
x_cont4244,0.0,0.0,0.0,0.0,0.0
x_cont4245,0.0,0.0,0.0,0.0,0.0
x_cont4246,0.0,0.0,0.0,0.0,0.0
x_cont4247,0.0,0.0,0.0,0.0,0.0
x_cont4248,0.0,0.0,0.0,0.0,0.0
x_cont4249,0.0,0.0,0.0,0.0,0.0
x_cont4250,0.0,0.0,0.0,0.0,0.0
x_cont4251,0.0,0.0,0.0,0.0,0.0
x_cont4252,0.0,0.0,0.0,0.0,0.0
x_cont4253,0.0,0.0,0.0,0.0,0.0
x_cont4254,0.0,0.0,0.0,0.0,0.0
x_cont4255,0.0,0.0,0.0,0.0,0.0
x_cont4256,0.0,0.0,0.0,0.0,0.0
x_cont4257,0.0,0.0,0.0,0.0,0.0
x_cont4258,0.0,0.0,0.0,0.0,0.0
x_cont4259,0.0,0.0,0.0,0.0,0.0
x_cont4260,0.0,0.0,0.0,0.0,0.0
x_cont4261,0.0,0.0,0.0,0.0,0.0
x_cont4262,0.0,0.0,0.0,0.0,0.0
x_cont4263,0.0,0.0,0.0,0.0,0.0
x_cont4264,0.0,0.0,0.0,0.0,0.0
x_cont4265,0.0,0.0,0.0,0.0,0.0
x_cont4266,0.0,0.0,0.0,0.0,0.0
x_cont4267,0.0,0.0,0.0,0.0,0.0
x_cont4268,0.0,0.0,0.0,0.0,0.0
x_cont4269,0.0,0.0,0.0,0.0,0.0
x_cont4270,0.0,0.0,0.0,0.0,0.0
x_cont4271,0.0,0.0,0.0,0.0,0.0
x_cont4272,0.0,0.0,0.0,0.0,0.0
x_cont4273,0.0,0.0,0.0,0.0,0.0
x_cont4274,0.0,0.0,0.0,0.0,0.0
x_cont4275,0.0,0.0,0.0,0.0,0.0
x_cont4276,0.0,0.0,0.0,0.0,0.0
x_cont4277,0.0,0.0,0.0,0.0,0.0
x_cont4278,0.0,0.0,0.0,0.0,0.0
x_cont4279,0.0,0.0,0.0,0.0,0.0
x_cont4280,0.0,0.0,0.0,0.0,0.0
x_cont4281,0.0,0.0,0.0,0.0,0.0
x_cont4282,0.0,0.0,0.0,0.0,0.0
x_cont4283,0.0,0.0,0.0,0.0,0.0
x_cont4284,0.0,0.0,0.0,0.0,0.0
x_cont4285,0.0,0.0,0.0,0.0,0.0
x_cont4286,0.0,0.0,0.0,0.0,0.0
x_cont4287,0.0,0.0,0.0,0.0,0.0
x_cont4288,0.0,0.0,0.0,0.0,0.0
x_cont4289,0.0,0.0,0.0,0.0,0.0
x_cont4290,0.0,0.0,0.0,0.0,0.0
x_cont4291,0.0,0.0,0.0,0.0,0.0
x_cont4292,0.0,0.0,0.0,0.0,0.0
x_cont4293,0.0,0.0,0.0,0.0,0.0
x_cont4294,0.0,0.0,0.0,0.0,0.0
x_cont4295,0.0,0.0,0.0,0.0,0.0
x_cont4296,0.0,0.0,0.0,0.0,0.0
x_cont4297,0.0,0.0,0.0,0.0,0.0
x_cont4298,0.0,0.0,0.0,0.0,0.0
x_cont4299,0.0,0.0,0.0,0.0,0.0
x_cont4300,0.0,0.0,0.0,0.0,0.0
x_cont4301,0.0,0.0,0.0,0.0,0.0
x_cont4302,0.0,0.0,0.0,0.0,0.0
x_cont4303,0.0,0.0,0.0,0.0,0.0
x_cont4304,0.0,0.0,0.0,0.0,0.0
x_cont4305,0.0,0.0,0.0,0.0,0.0
x_cont4306,0.0,0.0,0.0,0.0,0.0
x_cont4307,0.0,0.0,0.0,0.0,0.0
x_cont4308,0.0,0.0,0.0,0.0,0.0
x_cont4309,0.0,0.0,0.0,0.0,0.0
x_cont4310,0.0,0.0,0.0,0.0,0.0
x_cont4311,0.0,0.0,0.0,0.0,0.0
x_cont4312,0.0,0.0,0.0,0.0,0.0
x_cont4313,0.0,0.0,0.0,0.0,0.0
x_cont4314,0.0,0.0,0.0,0.0,0.0
x_cont4315,0.0,0.0,0.0,0.0,0.0
x_cont4316,0.0,0.0,0.0,0.0,0.0
x_cont4317,0.0,0.0,0.0,0.0,0.0
x_cont4318,0.0,0.0,0.0,0.0,0.0
x_cont4319,0.0,0.0,0.0,0.0,0.0
x_cont4320,0.0,0.0,0.0,0.0,0.0
x_cont4321,0.0,0.0,0.0,0.0,0.0
x_cont4322,0.0,0.0,0.0,0.0,0.0
x_cont4323,0.0,0.0,0.0,0.0,0.0
x_cont4324,0.0,0.0,0.0,0.0,0.0
x_cont4325,0.0,0.0,0.0,0.0,0.0
x_cont4326,0.0,0.0,0.0,0.0,0.0
x_cont4327,0.0,0.0,0.0,0.0,0.0
x_cont4328,0.0,0.0,0.0,0.0,0.0
x_cont4329,0.0,0.0,0.0,0.0,0.0
x_cont4330,0.0,0.0,0.0,0.0,0.0
x_cont4331,0.0,0.0,0.0,0.0,0.0
x_cont4332,0.0,0.0,0.0,0.0,0.0
x_cont4333,0.0,0.0,0.0,0.0,0.0
x_cont4334,0.0,0.0,0.0,0.0,0.0
x_cont4335,0.0,0.0,0.0,0.0,0.0
x_cont4336,0.0,0.0,0.0,0.0,0.0
x_cont4337,0.0,0.0,0.0,0.0,0.0
x_cont4338,0.0,0.0,0.0,0.0,0.0
x_cont4339,0.0,0.0,0.0,0.0,0.0
x_cont4340,0.0,0.0,0.0,0.0,0.0
x_cont4341,0.0,0.0,0.0,0.0,0.0
x_cont4342,0.0,0.0,0.0,0.0,0.0
x_cont4343,0.0,0.0,0.0,0.0,0.0
x_cont4344,0.0,0.0,0.0,0.0,0.0
x_cont4345,0.0,0.0,0.0,0.0,0.0
x_cont4346,0.0,0.0,0.0,0.0,0.0
x_cont4347,0.0,0.0,0.0,0.0,0.0
x_cont4348,0.0,0.0,0.0,0.0,0.0
x_cont4349,0.0,0.0,0.0,0.0,0.0
x_cont4350,0.0,0.0,0.0,0.0,0.0
x_cont4351,0.0,0.0,0.0,0.0,0.0
x_cont4352,0.0,0.0,0.0,0.0,0.0
x_cont4353,0.0,0.0,0.0,0.0,0.0
x_cont4354,0.0,0.0,0.0,0.0,0.0
x_cont4355,0.0,0.0,0.0,0.0,0.0
x_cont4356,0.0,0.0,0.0,0.0,0.0
x_cont4357,0.0,0.0,0.0,0.0,0.0
x_cont4358,0.0,0.0,0.0,0.0,0.0
x_cont4359,0.0,0.0,0.0,0.0,0.0
x_cont4360,0.0,0.0,0.0,0.0,0.0
x_cont4361,0.0,0.0,0.0,0.0,0.0
x_cont4362,0.0,0.0,0.0,0.0,0.0
x_cont4363,0.0,0.0,0.0,0.0,0.0
x_cont4364,0.0,0.0,0.0,0.0,0.0
x_cont4365,0.0,0.0,0.0,0.0,0.0
x_cont4366,0.0,0.0,0.0,0.0,0.0
x_cont4367,0.0,0.0,0.0,0.0,0.0
x_cont4368,0.0,0.0,0.0,0.0,0.0
x_cont4369,0.0,0.0,0.0,0.0,0.0
x_cont4370,0.0,0.0,0.0,0.0,0.0
x_cont4371,0.0,0.0,0.0,0.0,0.0
x_cont4372,0.0,0.0,0.0,0.0,0.0
x_cont4373,0.0,0.0,0.0,0.0,0.0
x_cont4374,0.0,0.0,0.0,0.0,0.0
x_cont4375,0.0,0.0,0.0,0.0,0.0
x_cont4376,0.0,0.0,0.0,0.0,0.0
x_cont4377,0.0,0.0,0.0,0.0,0.0
x_cont4378,0.0,0.0,0.0,0.0,0.0
x_cont4379,0.0,0.0,0.0,0.0,0.0
x_cont4380,0.0,0.0,0.0,0.0,0.0
x_cont4381,0.0,0.0,0.0,0.0,0.0
x_cont4382,0.0,0.0,0.0,0.0,0.0
x_cont4383,0.0,0.0,0.0,0.0,0.0
x_cont4384,0.0,0.0,0.0,0.0,0.0
x_cont4385,0.0,0.0,0.0,0.0,0.0
x_cont4386,0.0,0.0,0.0,0.0,0.0
x_cont4387,0.0,0.0,0.0,0.0,0.0
x_cont4388,0.0,0.0,0.0,0.0,0.0
x_cont4389,0.0,0.0,0.0,0.0,0.0
x_cont4390,0.0,0.0,0.0,0.0,0.0
x_cont4391,0.0,0.0,0.0,0.0,0.0
x_cont4392,0.0,0.0,0.0,0.0,0.0
x_cont4393,0.0,0.0,0.0,0.0,0.0
x_cont4394,0.0,0.0,0.0,0.0,0.0
x_cont4395,0.0,0.0,0.0,0.0,0.0
x_cont4396,0.0,0.0,0.0,0.0,0.0
x_cont4397,0.0,0.0,0.0,0.0,0.0
x_cont4398,0.0,0.0,0.0,0.0,0.0
x_cont4399,0.0,0.0,0.0,0.0,0.0
x_cont4400,0.0,0.0,0.0,0.0,0.0
x_cont4401,0.0,0.0,0.0,0.0,0.0
x_cont4402,0.0,0.0,0.0,0.0,0.0
x_cont4403,0.0,0.0,0.0,0.0,0.0
x_cont4404,0.0,0.0,0.0,0.0,0.0
x_cont4405,0.0,0.0,0.0,0.0,0.0
x_cont4406,0.0,0.0,0.0,0.0,0.0
x_cont4407,0.0,0.0,0.0,0.0,0.0
x_cont4408,0.0,0.0,0.0,0.0,0.0
x_cont4409,0.0,0.0,0.0,0.0,0.0
x_cont4410,0.0,0.0,0.0,0.0,0.0
x_cont4411,0.0,0.0,0.0,0.0,0.0
x_cont4412,0.0,0.0,0.0,0.0,0.0
x_cont4413,0.0,0.0,0.0,0.0,0.0
x_cont4414,0.0,0.0,0.0,0.0,0.0
x_cont4415,0.0,0.0,0.0,0.0,0.0
x_cont4416,0.0,0.0,0.0,0.0,0.0
x_cont4417,0.0,0.0,0.0,0.0,0.0
x_cont4418,0.0,0.0,0.0,0.0,0.0
x_cont4419,0.0,0.0,0.0,0.0,0.0
x_cont4420,0.0,0.0,0.0,0.0,0.0
x_cont4421,0.0,0.0,0.0,0.0,0.0
x_cont4422,0.0,0.0,0.0,0.0,0.0
x_cont4423,0.0,0.0,0.0,0.0,0.0
x_cont4424,0.0,0.0,0.0,0.0,0.0
x_cont4425,0.0,0.0,0.0,0.0,0.0
x_cont4426,0.0,0.0,0.0,0.0,0.0
x_cont4427,0.0,0.0,0.0,0.0,0.0
x_cont4428,0.0,0.0,0.0,0.0,0.0
x_cont4429,0.0,0.0,0.0,0.0,0.0
x_cont4430,0.0,0.0,0.0,0.0,0.0
x_cont4431,0.0,0.0,0.0,0.0,0.0
x_cont4432,0.0,0.0,0.0,0.0,0.0
x_cont4433,0.0,0.0,0.0,0.0,0.0
x_cont4434,0.0,0.0,0.0,0.0,0.0
x_cont4435,0.0,0.0,0.0,0.0,0.0
x_cont4436,0.0,0.0,0.0,0.0,0.0
x_cont4437,0.0,0.0,0.0,0.0,0.0
x_cont4438,0.0,0.0,0.0,0.0,0.0
x_cont4439,0.0,0.0,0.0,0.0,0.0
x_cont4440,0.0,0.0,0.0,0.0,0.0
x_cont4441,0.0,0.0,0.0,0.0,0.0
x_cont4442,0.0,0.0,0.0,0.0,0.0
x_cont4443,0.0,0.0,0.0,0.0,0.0
x_cont4444,0.0,0.0,0.0,0.0,0.0
x_cont4445,0.0,0.0,0.0,0.0,0.0
x_cont4446,0.0,0.0,0.0,0.0,0.0
x_cont4447,0.0,0.0,0.0,0.0,0.0
x_cont4448,0.0,0.0,0.0,0.0,0.0
x_cont4449,0.0,0.0,0.0,0.0,0.0
x_cont4450,0.0,0.0,0.0,0.0,0.0
x_cont4451,0.0,0.0,0.0,0.0,0.0
x_cont4452,0.0,0.0,0.0,0.0,0.0
x_cont4453,0.0,0.0,0.0,0.0,0.0
x_cont4454,0.0,0.0,0.0,0.0,0.0
x_cont4455,0.0,0.0,0.0,0.0,0.0
x_cont4456,0.0,0.0,0.0,0.0,0.0
x_cont4457,0.0,0.0,0.0,0.0,0.0
x_cont4458,0.0,0.0,0.0,0.0,0.0
x_cont4459,0.0,0.0,0.0,0.0,0.0
x_cont4460,0.0,0.0,0.0,0.0,0.0
x_cont4461,0.0,0.0,0.0,0.0,0.0
x_cont4462,0.0,0.0,0.0,0.0,0.0
x_cont4463,0.0,0.0,0.0,0.0,0.0
x_cont4464,0.0,0.0,0.0,0.0,0.0
x_cont4465,0.0,0.0,0.0,0.0,0.0
x_cont4466,0.0,0.0,0.0,0.0,0.0
x_cont4467,0.0,0.0,0.0,0.0,0.0
x_cont4468,0.0,0.0,0.0,0.0,0.0
x_cont4469,0.0,0.0,0.0,0.0,0.0
x_cont4470,0.0,0.0,0.0,0.0,0.0
x_cont4471,0.0,0.0,0.0,0.0,0.0
x_cont4472,0.0,0.0,0.0,0.0,0.0
x_cont4473,0.0,0.0,0.0,0.0,0.0
x_cont4474,0.0,0.0,0.0,0.0,0.0
x_cont4475,0.0,0.0,0.0,0.0,0.0
x_cont4476,0.0,0.0,0.0,0.0,0.0
x_cont4477,0.0,0.0,0.0,0.0,0.0
x_cont4478,0.0,0.0,0.0,0.0,0.0
x_cont4479,0.0,0.0,0.0,0.0,0.0
x_cont4480,0.0,0.0,0.0,0.0,0.0
x_cont4481,0.0,0.0,0.0,0.0,0.0
x_cont4482,0.0,0.0,0.0,0.0,0.0
x_cont4483,0.0,0.0,0.0,0.0,0.0
x_cont4484,0.0,0.0,0.0,0.0,0.0
x_cont4485,0.0,0.0,0.0,0.0,0.0
x_cont4486,0.0,0.0,0.0,0.0,0.0
x_cont4487,0.0,0.0,0.0,0.0,0.0
x_cont4488,0.0,0.0,0.0,0.0,0.0
x_cont4489,0.0,0.0,0.0,0.0,0.0
x_cont4490,0.0,0.0,0.0,0.0,0.0
x_cont4491,0.0,0.0,0.0,0.0,0.0
x_cont4492,0.0,0.0,0.0,0.0,0.0
x_cont4493,0.0,0.0,0.0,0.0,0.0
x_cont4494,0.0,0.0,0.0,0.0,0.0
x_cont4495,0.0,0.0,0.0,0.0,0.0
x_cont4496,0.0,0.0,0.0,0.0,0.0
x_cont4497,0.0,0.0,0.0,0.0,0.0
x_cont4498,0.0,0.0,0.0,0.0,0.0
x_cont4499,0.0,0.0,0.0,0.0,0.0
x_cont4500,0.0,0.0,0.0,0.0,0.0
x_cont4501,0.0,0.0,0.0,0.0,0.0
x_cont4502,0.0,0.0,0.0,0.0,0.0
x_cont4503,0.0,0.0,0.0,0.0,0.0
x_cont4504,0.0,0.0,0.0,0.0,0.0
x_cont4505,0.0,0.0,0.0,0.0,0.0
x_cont4506,0.0,0.0,0.0,0.0,0.0
x_cont4507,0.0,0.0,0.0,0.0,0.0
x_cont4508,0.0,0.0,0.0,0.0,0.0
x_cont4509,0.0,0.0,0.0,0.0,0.0
x_cont4510,0.0,0.0,0.0,0.0,0.0
x_cont4511,0.0,0.0,0.0,0.0,0.0
x_cont4512,0.0,0.0,0.0,0.0,0.0
x_cont4513,0.0,0.0,0.0,0.0,0.0
x_cont4514,0.0,0.0,0.0,0.0,0.0
x_cont4515,0.0,0.0,0.0,0.0,0.0
x_cont4516,0.0,0.0,0.0,0.0,0.0
x_cont4517,0.0,0.0,0.0,0.0,0.0
x_cont4518,0.0,0.0,0.0,0.0,0.0
x_cont4519,0.0,0.0,0.0,0.0,0.0
x_cont4520,0.0,0.0,0.0,0.0,0.0
x_cont4521,0.0,0.0,0.0,0.0,0.0
x_cont4522,0.0,0.0,0.0,0.0,0.0
x_cont4523,0.0,0.0,0.0,0.0,0.0
x_cont4524,0.0,0.0,0.0,0.0,0.0
x_cont4525,0.0,0.0,0.0,0.0,0.0
x_cont4526,0.0,0.0,0.0,0.0,0.0
x_cont4527,0.0,0.0,0.0,0.0,0.0
x_cont4528,0.0,0.0,0.0,0.0,0.0
x_cont4529,0.0,0.0,0.0,0.0,0.0
x_cont4530,0.0,0.0,0.0,0.0,0.0
x_cont4531,0.0,0.0,0.0,0.0,0.0
x_cont4532,0.0,0.0,0.0,0.0,0.0
x_cont4533,0.0,0.0,0.0,0.0,0.0
x_cont4534,0.0,0.0,0.0,0.0,0.0
x_cont4535,0.0,0.0,0.0,0.0,0.0
x_cont4536,0.0,0.0,0.0,0.0,0.0
x_cont4537,0.0,0.0,0.0,0.0,0.0
x_cont4538,0.0,0.0,0.0,0.0,0.0
x_cont4539,0.0,0.0,0.0,0.0,0.0
x_cont4540,0.0,0.0,0.0,0.0,0.0
x_cont4541,0.0,0.0,0.0,0.0,0.0
x_cont4542,0.0,0.0,0.0,0.0,0.0
x_cont4543,0.0,0.0,0.0,0.0,0.0
x_cont4544,0.0,0.0,0.0,0.0,0.0
x_cont4545,0.0,0.0,0.0,0.0,0.0
x_cont4546,0.0,0.0,0.0,0.0,0.0
x_cont4547,0.0,0.0,0.0,0.0,0.0
x_cont4548,0.0,0.0,0.0,0.0,0.0
x_cont4549,0.0,0.0,0.0,0.0,0.0
x_cont4550,0.0,0.0,0.0,0.0,0.0
x_cont4551,0.0,0.0,0.0,0.0,0.0
x_cont4552,0.0,0.0,0.0,0.0,0.0
x_cont4553,0.0,0.0,0.0,0.0,0.0
x_cont4554,0.0,0.0,0.0,0.0,0.0
x_cont4555,0.0,0.0,0.0,0.0,0.0
x_cont4556,0.0,0.0,0.0,0.0,0.0
x_cont4557,0.0,0.0,0.0,0.0,0.0
x_cont4558,0.0,0.0,0.0,0.0,0.0
x_cont4559,0.0,0.0,0.0,0.0,0.0
x_cont4560,0.0,0.0,0.0,0.0,0.0
x_cont4561,0.0,0.0,0.0,0.0,0.0
x_cont4562,0.0,0.0,0.0,0.0,0.0
x_cont4563,0.0,0.0,0.0,0.0,0.0
x_cont4564,0.0,0.0,0.0,0.0,0.0
x_cont4565,0.0,0.0,0.0,0.0,0.0
x_cont4566,0.0,0.0,0.0,0.0,0.0
x_cont4567,0.0,0.0,0.0,0.0,0.0
x_cont4568,0.0,0.0,0.0,0.0,0.0
x_cont4569,0.0,0.0,0.0,0.0,0.0
x_cont4570,0.0,0.0,0.0,0.0,0.0
x_cont4571,0.0,0.0,0.0,0.0,0.0
x_cont4572,0.0,0.0,0.0,0.0,0.0
x_cont4573,0.0,0.0,0.0,0.0,0.0
x_cont4574,0.0,0.0,0.0,0.0,0.0
x_cont4575,0.0,0.0,0.0,0.0,0.0
x_cont4576,0.0,0.0,0.0,0.0,0.0
x_cont4577,0.0,0.0,0.0,0.0,0.0
x_cont4578,0.0,0.0,0.0,0.0,0.0
x_cont4579,0.0,0.0,0.0,0.0,0.0
x_cont4580,0.0,0.0,0.0,0.0,0.0
x_cont4581,0.0,0.0,0.0,0.0,0.0
x_cont4582,0.0,0.0,0.0,0.0,0.0
x_cont4583,0.0,0.0,0.0,0.0,0.0
x_cont4584,0.0,0.0,0.0,0.0,0.0
x_cont4585,0.0,0.0,0.0,0.0,0.0
x_cont4586,0.0,0.0,0.0,0.0,0.0
x_cont4587,0.0,0.0,0.0,0.0,0.0
x_cont4588,0.0,0.0,0.0,0.0,0.0
x_cont4589,0.0,0.0,0.0,0.0,0.0
x_cont4590,0.0,0.0,0.0,0.0,0.0
x_cont4591,0.0,0.0,0.0,0.0,0.0
x_cont4592,0.0,0.0,0.0,0.0,0.0
x_cont4593,0.0,0.0,0.0,0.0,0.0
x_cont4594,0.0,0.0,0.0,0.0,0.0
x_cont4595,0.0,0.0,0.0,0.0,0.0
x_cont4596,0.0,0.0,0.0,0.0,0.0
x_cont4597,0.0,0.0,0.0,0.0,0.0
x_cont4598,0.0,0.0,0.0,0.0,0.0
x_cont4599,0.0,0.0,0.0,0.0,0.0
x_cont4600,0.0,0.0,0.0,0.0,0.0
x_cont4601,0.0,0.0,0.0,0.0,0.0
x_cont4602,0.0,0.0,0.0,0.0,0.0
x_cont4603,0.0,0.0,0.0,0.0,0.0
x_cont4604,0.0,0.0,0.0,0.0,0.0
x_cont4605,0.0,0.0,0.0,0.0,0.0
x_cont4606,0.0,0.0,0.0,0.0,0.0
x_cont4607,0.0,0.0,0.0,0.0,0.0
x_cont4608,0.0,0.0,0.0,0.0,0.0
x_cont4609,0.0,0.0,0.0,0.0,0.0
x_cont4610,0.0,0.0,0.0,0.0,0.0
x_cont4611,0.0,0.0,0.0,0.0,0.0
x_cont4612,0.0,0.0,0.0,0.0,0.0
x_cont4613,0.0,0.0,0.0,0.0,0.0
x_cont4614,0.0,0.0,0.0,0.0,0.0
x_cont4615,0.0,0.0,0.0,0.0,0.0
x_cont4616,0.0,0.0,0.0,0.0,0.0
x_cont4617,0.0,0.0,0.0,0.0,0.0
x_cont4618,0.0,0.0,0.0,0.0,0.0
x_cont4619,0.0,0.0,0.0,0.0,0.0
x_cont4620,0.0,0.0,0.0,0.0,0.0
x_cont4621,0.0,0.0,0.0,0.0,0.0
x_cont4622,0.0,0.0,0.0,0.0,0.0
x_cont4623,0.0,0.0,0.0,0.0,0.0
x_cont4624,0.0,0.0,0.0,0.0,0.0
x_cont4625,0.0,0.0,0.0,0.0,0.0
x_cont4626,0.0,0.0,0.0,0.0,0.0
x_cont4627,0.0,0.0,0.0,0.0,0.0
x_cont4628,0.0,0.0,0.0,0.0,0.0
x_cont4629,0.0,0.0,0.0,0.0,0.0
x_cont4630,0.0,0.0,0.0,0.0,0.0
x_cont4631,0.0,0.0,0.0,0.0,0.0
x_cont4632,0.0,0.0,0.0,0.0,0.0
x_cont4633,0.0,0.0,0.0,0.0,0.0
x_cont4634,0.0,0.0,0.0,0.0,0.0
x_cont4635,0.0,0.0,0.0,0.0,0.0
x_cont4636,0.0,0.0,0.0,0.0,0.0
x_cont4637,0.0,0.0,0.0,0.0,0.0
x_cont4638,0.0,0.0,0.0,0.0,0.0
x_cont4639,0.0,0.0,0.0,0.0,0.0
x_cont4640,0.0,0.0,0.0,0.0,0.0
x_cont4641,0.0,0.0,0.0,0.0,0.0
x_cont4642,0.0,0.0,0.0,0.0,0.0
x_cont4643,0.0,0.0,0.0,0.0,0.0
x_cont4644,0.0,0.0,0.0,0.0,0.0
x_cont4645,0.0,0.0,0.0,0.0,0.0
x_cont4646,0.0,0.0,0.0,0.0,0.0
x_cont4647,0.0,0.0,0.0,0.0,0.0
x_cont4648,0.0,0.0,0.0,0.0,0.0
x_cont4649,0.0,0.0,0.0,0.0,0.0
x_cont4650,0.0,0.0,0.0,0.0,0.0
x_cont4651,0.0,0.0,0.0,0.0,0.0
x_cont4652,0.0,0.0,0.0,0.0,0.0
x_cont4653,0.0,0.0,0.0,0.0,0.0
x_cont4654,0.0,0.0,0.0,0.0,0.0
x_cont4655,0.0,0.0,0.0,0.0,0.0
x_cont4656,0.0,0.0,0.0,0.0,0.0
x_cont4657,0.0,0.0,0.0,0.0,0.0
x_cont4658,0.0,0.0,0.0,0.0,0.0
x_cont4659,0.0,0.0,0.0,0.0,0.0
x_cont4660,0.0,0.0,0.0,0.0,0.0
x_cont4661,0.0,0.0,0.0,0.0,0.0
x_cont4662,0.0,0.0,0.0,0.0,0.0
x_cont4663,0.0,0.0,0.0,0.0,0.0
x_cont4664,0.0,0.0,0.0,0.0,0.0
x_cont4665,0.0,0.0,0.0,0.0,0.0
x_cont4666,0.0,0.0,0.0,0.0,0.0
x_cont4667,0.0,0.0,0.0,0.0,0.0
x_cont4668,0.0,0.0,0.0,0.0,0.0
x_cont4669,0.0,0.0,0.0,0.0,0.0
x_cont4670,0.0,0.0,0.0,0.0,0.0
x_cont4671,0.0,0.0,0.0,0.0,0.0
x_cont4672,0.0,0.0,0.0,0.0,0.0
x_cont4673,0.0,0.0,0.0,0.0,0.0
x_cont4674,0.0,0.0,0.0,0.0,0.0
x_cont4675,0.0,0.0,0.0,0.0,0.0
x_cont4676,0.0,0.0,0.0,0.0,0.0
x_cont4677,0.0,0.0,0.0,0.0,0.0
x_cont4678,0.0,0.0,0.0,0.0,0.0
x_cont4679,0.0,0.0,0.0,0.0,0.0
x_cont4680,0.0,0.0,0.0,0.0,0.0
x_cont4681,0.0,0.0,0.0,0.0,0.0
x_cont4682,0.0,0.0,0.0,0.0,0.0
x_cont4683,0.0,0.0,0.0,0.0,0.0
x_cont4684,0.0,0.0,0.0,0.0,0.0
x_cont4685,0.0,0.0,0.0,0.0,0.0
x_cont4686,0.0,0.0,0.0,0.0,0.0
x_cont4687,0.0,0.0,0.0,0.0,0.0
x_cont4688,0.0,0.0,0.0,0.0,0.0
x_cont4689,0.0,0.0,0.0,0.0,0.0
x_cont4690,0.0,0.0,0.0,0.0,0.0
x_cont4691,0.0,0.0,0.0,0.0,0.0
x_cont4692,0.0,0.0,0.0,0.0,0.0
x_cont4693,0.0,0.0,0.0,0.0,0.0
x_cont4694,0.0,0.0,0.0,0.0,0.0
x_cont4695,0.0,0.0,0.0,0.0,0.0
x_cont4696,0.0,0.0,0.0,0.0,0.0
x_cont4697,0.0,0.0,0.0,0.0,0.0
x_cont4698,0.0,0.0,0.0,0.0,0.0
x_cont4699,0.0,0.0,0.0,0.0,0.0
x_cont4700,0.0,0.0,0.0,0.0,0.0
x_cont4701,0.0,0.0,0.0,0.0,0.0
x_cont4702,0.0,0.0,0.0,0.0,0.0
x_cont4703,0.0,0.0,0.0,0.0,0.0
x_cont4704,0.0,0.0,0.0,0.0,0.0
x_cont4705,0.0,0.0,0.0,0.0,0.0
x_cont4706,0.0,0.0,0.0,0.0,0.0
x_cont4707,0.0,0.0,0.0,0.0,0.0
x_cont4708,0.0,0.0,0.0,0.0,0.0
x_cont4709,0.0,0.0,0.0,0.0,0.0
x_cont4710,0.0,0.0,0.0,0.0,0.0
x_cont4711,0.0,0.0,0.0,0.0,0.0
x_cont4712,0.0,0.0,0.0,0.0,0.0
x_cont4713,0.0,0.0,0.0,0.0,0.0
x_cont4714,0.0,0.0,0.0,0.0,0.0
x_cont4715,0.0,0.0,0.0,0.0,0.0
x_cont4716,0.0,0.0,0.0,0.0,0.0
x_cont4717,0.0,0.0,0.0,0.0,0.0
x_cont4718,0.0,0.0,0.0,0.0,0.0
x_cont4719,0.0,0.0,0.0,0.0,0.0
x_cont4720,0.0,0.0,0.0,0.0,0.0
x_cont4721,0.0,0.0,0.0,0.0,0.0
x_cont4722,0.0,0.0,0.0,0.0,0.0
x_cont4723,0.0,0.0,0.0,0.0,0.0
x_cont4724,0.0,0.0,0.0,0.0,0.0
x_cont4725,0.0,0.0,0.0,0.0,0.0
x_cont4726,0.0,0.0,0.0,0.0,0.0
x_cont4727,0.0,0.0,0.0,0.0,0.0
x_cont4728,0.0,0.0,0.0,0.0,0.0
x_cont4729,0.0,0.0,0.0,0.0,0.0
x_cont4730,0.0,0.0,0.0,0.0,0.0
x_cont4731,0.0,0.0,0.0,0.0,0.0
x_cont4732,0.0,0.0,0.0,0.0,0.0
x_cont4733,0.0,0.0,0.0,0.0,0.0
x_cont4734,0.0,0.0,0.0,0.0,0.0
x_cont4735,0.0,0.0,0.0,0.0,0.0
x_cont4736,0.0,0.0,0.0,0.0,0.0
x_cont4737,0.0,0.0,0.0,0.0,0.0
x_cont4738,0.0,0.0,0.0,0.0,0.0
x_cont4739,0.0,0.0,0.0,0.0,0.0
x_cont4740,0.0,0.0,0.0,0.0,0.0
x_cont4741,0.0,0.0,0.0,0.0,0.0
x_cont4742,0.0,0.0,0.0,0.0,0.0
x_cont4743,0.0,0.0,0.0,0.0,0.0
x_cont4744,0.0,0.0,0.0,0.0,0.0
x_cont4745,0.0,0.0,0.0,0.0,0.0
x_cont4746,0.0,0.0,0.0,0.0,0.0
x_cont4747,0.0,0.0,0.0,0.0,0.0
x_cont4748,0.0,0.0,0.0,0.0,0.0
x_cont4749,0.0,0.0,0.0,0.0,0.0
x_cont4750,0.0,0.0,0.0,0.0,0.0
x_cont4751,0.0,0.0,0.0,0.0,0.0
x_cont4752,0.0,0.0,0.0,0.0,0.0
x_cont4753,0.0,0.0,0.0,0.0,0.0
x_cont4754,0.0,0.0,0.0,0.0,0.0
x_cont4755,0.0,0.0,0.0,0.0,0.0
x_cont4756,0.0,0.0,0.0,0.0,0.0
x_cont4757,0.0,0.0,0.0,0.0,0.0
x_cont4758,0.0,0.0,0.0,0.0,0.0
x_cont4759,0.0,0.0,0.0,0.0,0.0
x_cont4760,0.0,0.0,0.0,0.0,0.0
x_cont4761,0.0,0.0,0.0,0.0,0.0
x_cont4762,0.0,0.0,0.0,0.0,0.0
x_cont4763,0.0,0.0,0.0,0.0,0.0
x_cont4764,0.0,0.0,0.0,0.0,0.0
x_cont4765,0.0,0.0,0.0,0.0,0.0
x_cont4766,0.0,0.0,0.0,0.0,0.0
x_cont4767,0.0,0.0,0.0,0.0,0.0
x_cont4768,0.0,0.0,0.0,0.0,0.0
x_cont4769,0.0,0.0,0.0,0.0,0.0
x_cont4770,0.0,0.0,0.0,0.0,0.0
x_cont4771,0.0,0.0,0.0,0.0,0.0
x_cont4772,0.0,0.0,0.0,0.0,0.0
x_cont4773,0.0,0.0,0.0,0.0,0.0
x_cont4774,0.0,0.0,0.0,0.0,0.0
x_cont4775,0.0,0.0,0.0,0.0,0.0
x_cont4776,0.0,0.0,0.0,0.0,0.0
x_cont4777,0.0,0.0,0.0,0.0,0.0
x_cont4778,0.0,0.0,0.0,0.0,0.0
x_cont4779,0.0,0.0,0.0,0.0,0.0
x_cont4780,0.0,0.0,0.0,0.0,0.0
x_cont4781,0.0,0.0,0.0,0.0,0.0
x_cont4782,0.0,0.0,0.0,0.0,0.0
x_cont4783,0.0,0.0,0.0,0.0,0.0
x_cont4784,0.0,0.0,0.0,0.0,0.0
x_cont4785,0.0,0.0,0.0,0.0,0.0
x_cont4786,0.0,0.0,0.0,0.0,0.0
x_cont4787,0.0,0.0,0.0,0.0,0.0
x_cont4788,0.0,0.0,0.0,0.0,0.0
x_cont4789,0.0,0.0,0.0,0.0,0.0
x_cont4790,0.0,0.0,0.0,0.0,0.0
x_cont4791,0.0,0.0,0.0,0.0,0.0
x_cont4792,0.0,0.0,0.0,0.0,0.0
x_cont4793,0.0,0.0,0.0,0.0,0.0
x_cont4794,0.0,0.0,0.0,0.0,0.0
x_cont4795,0.0,0.0,0.0,0.0,0.0
x_cont4796,0.0,0.0,0.0,0.0,0.0
x_cont4797,0.0,0.0,0.0,0.0,0.0
x_cont4798,0.0,0.0,0.0,0.0,0.0
x_cont4799,0.0,0.0,0.0,0.0,0.0
x_cont4800,0.0,0.0,0.0,0.0,0.0
x_cont4801,0.0,0.0,0.0,0.0,0.0
x_cont4802,0.0,0.0,0.0,0.0,0.0
x_cont4803,0.0,0.0,0.0,0.0,0.0
x_cont4804,0.0,0.0,0.0,0.0,0.0
x_cont4805,0.0,0.0,0.0,0.0,0.0
x_cont4806,0.0,0.0,0.0,0.0,0.0
x_cont4807,0.0,0.0,0.0,0.0,0.0
x_cont4808,0.0,0.0,0.0,0.0,0.0
x_cont4809,0.0,0.0,0.0,0.0,0.0
x_cont4810,0.0,0.0,0.0,0.0,0.0
x_cont4811,0.0,0.0,0.0,0.0,0.0
x_cont4812,0.0,0.0,0.0,0.0,0.0
x_cont4813,0.0,0.0,0.0,0.0,0.0
x_cont4814,0.0,0.0,0.0,0.0,0.0
x_cont4815,0.0,0.0,0.0,0.0,0.0
x_cont4816,0.0,0.0,0.0,0.0,0.0
x_cont4817,0.0,0.0,0.0,0.0,0.0
x_cont4818,0.0,0.0,0.0,0.0,0.0
x_cont4819,0.0,0.0,0.0,0.0,0.0
x_cont4820,0.0,0.0,0.0,0.0,0.0
x_cont4821,0.0,0.0,0.0,0.0,0.0
x_cont4822,0.0,0.0,0.0,0.0,0.0
x_cont4823,0.0,0.0,0.0,0.0,0.0
x_cont4824,0.0,0.0,0.0,0.0,0.0
x_cont4825,0.0,0.0,0.0,0.0,0.0
x_cont4826,0.0,0.0,0.0,0.0,0.0
x_cont4827,0.0,0.0,0.0,0.0,0.0
x_cont4828,0.0,0.0,0.0,0.0,0.0
x_cont4829,0.0,0.0,0.0,0.0,0.0
x_cont4830,0.0,0.0,0.0,0.0,0.0
x_cont4831,0.0,0.0,0.0,0.0,0.0
x_cont4832,0.0,0.0,0.0,0.0,0.0
x_cont4833,0.0,0.0,0.0,0.0,0.0
x_cont4834,0.0,0.0,0.0,0.0,0.0
x_cont4835,0.0,0.0,0.0,0.0,0.0
x_cont4836,0.0,0.0,0.0,0.0,0.0
x_cont4837,0.0,0.0,0.0,0.0,0.0
x_cont4838,0.0,0.0,0.0,0.0,0.0
x_cont4839,0.0,0.0,0.0,0.0,0.0
x_cont4840,0.0,0.0,0.0,0.0,0.0
x_cont4841,0.0,0.0,0.0,0.0,0.0
x_cont4842,0.0,0.0,0.0,0.0,0.0
x_cont4843,0.0,0.0,0.0,0.0,0.0
x_cont4844,0.0,0.0,0.0,0.0,0.0
x_cont4845,0.0,0.0,0.0,0.0,0.0
x_cont4846,0.0,0.0,0.0,0.0,0.0
x_cont4847,0.0,0.0,0.0,0.0,0.0
x_cont4848,0.0,0.0,0.0,0.0,0.0
x_cont4849,0.0,0.0,0.0,0.0,0.0
x_cont4850,0.0,0.0,0.0,0.0,0.0
x_cont4851,0.0,0.0,0.0,0.0,0.0
x_cont4852,0.0,0.0,0.0,0.0,0.0
x_cont4853,0.0,0.0,0.0,0.0,0.0
x_cont4854,0.0,0.0,0.0,0.0,0.0
x_cont4855,0.0,0.0,0.0,0.0,0.0
x_cont4856,0.0,0.0,0.0,0.0,0.0
x_cont4857,0.0,0.0,0.0,0.0,0.0
x_cont4858,0.0,0.0,0.0,0.0,0.0
x_cont4859,0.0,0.0,0.0,0.0,0.0
x_cont4860,0.0,0.0,0.0,0.0,0.0
x_cont4861,0.0,0.0,0.0,0.0,0.0
x_cont4862,0.0,0.0,0.0,0.0,0.0
x_cont4863,0.0,0.0,0.0,0.0,0.0
x_cont4864,0.0,0.0,0.0,0.0,0.0
x_cont4865,0.0,0.0,0.0,0.0,0.0
x_cont4866,0.0,0.0,0.0,0.0,0.0
x_cont4867,0.0,0.0,0.0,0.0,0.0
x_cont4868,0.0,0.0,0.0,0.0,0.0
x_cont4869,0.0,0.0,0.0,0.0,0.0
x_cont4870,0.0,0.0,0.0,0.0,0.0
x_cont4871,0.0,0.0,0.0,0.0,0.0
x_cont4872,0.0,0.0,0.0,0.0,0.0
x_cont4873,0.0,0.0,0.0,0.0,0.0
x_cont4874,0.0,0.0,0.0,0.0,0.0
x_cont4875,0.0,0.0,0.0,0.0,0.0
x_cont4876,0.0,0.0,0.0,0.0,0.0
x_cont4877,0.0,0.0,0.0,0.0,0.0
x_cont4878,0.0,0.0,0.0,0.0,0.0
x_cont4879,0.0,0.0,0.0,0.0,0.0
x_cont4880,0.0,0.0,0.0,0.0,0.0
x_cont4881,0.0,0.0,0.0,0.0,0.0
x_cont4882,0.0,0.0,0.0,0.0,0.0
x_cont4883,0.0,0.0,0.0,0.0,0.0
x_cont4884,0.0,0.0,0.0,0.0,0.0
x_cont4885,0.0,0.0,0.0,0.0,0.0
x_cont4886,0.0,0.0,0.0,0.0,0.0
x_cont4887,0.0,0.0,0.0,0.0,0.0
x_cont4888,0.0,0.0,0.0,0.0,0.0
x_cont4889,0.0,0.0,0.0,0.0,0.0
x_cont4890,0.0,0.0,0.0,0.0,0.0
x_cont4891,0.0,0.0,0.0,0.0,0.0
x_cont4892,0.0,0.0,0.0,0.0,0.0
x_cont4893,0.0,0.0,0.0,0.0,0.0
x_cont4894,0.0,0.0,0.0,0.0,0.0
x_cont4895,0.0,0.0,0.0,0.0,0.0
x_cont4896,0.0,0.0,0.0,0.0,0.0
x_cont4897,0.0,0.0,0.0,0.0,0.0
x_cont4898,0.0,0.0,0.0,0.0,0.0
x_cont4899,0.0,0.0,0.0,0.0,0.0
x_cont4900,0.0,0.0,0.0,0.0,0.0
x_cont4901,0.0,0.0,0.0,0.0,0.0
x_cont4902,0.0,0.0,0.0,0.0,0.0
x_cont4903,0.0,0.0,0.0,0.0,0.0
x_cont4904,0.0,0.0,0.0,0.0,0.0
x_cont4905,0.0,0.0,0.0,0.0,0.0
x_cont4906,0.0,0.0,0.0,0.0,0.0
x_cont4907,0.0,0.0,0.0,0.0,0.0
x_cont4908,0.0,0.0,0.0,0.0,0.0
x_cont4909,0.0,0.0,0.0,0.0,0.0
x_cont4910,0.0,0.0,0.0,0.0,0.0
x_cont4911,0.0,0.0,0.0,0.0,0.0
x_cont4912,0.0,0.0,0.0,0.0,0.0
x_cont4913,0.0,0.0,0.0,0.0,0.0
x_cont4914,0.0,0.0,0.0,0.0,0.0
x_cont4915,0.0,0.0,0.0,0.0,0.0
x_cont4916,0.0,0.0,0.0,0.0,0.0
x_cont4917,0.0,0.0,0.0,0.0,0.0
x_cont4918,0.0,0.0,0.0,0.0,0.0
x_cont4919,0.0,0.0,0.0,0.0,0.0
x_cont4920,0.0,0.0,0.0,0.0,0.0
x_cont4921,0.0,0.0,0.0,0.0,0.0
x_cont4922,0.0,0.0,0.0,0.0,0.0
x_cont4923,0.0,0.0,0.0,0.0,0.0
x_cont4924,0.0,0.0,0.0,0.0,0.0
x_cont4925,0.0,0.0,0.0,0.0,0.0
x_cont4926,0.0,0.0,0.0,0.0,0.0
x_cont4927,0.0,0.0,0.0,0.0,0.0
x_cont4928,0.0,0.0,0.0,0.0,0.0
x_cont4929,0.0,0.0,0.0,0.0,0.0
x_cont4930,0.0,0.0,0.0,0.0,0.0
x_cont4931,0.0,0.0,0.0,0.0,0.0
x_cont4932,0.0,0.0,0.0,0.0,0.0
x_cont4933,0.0,0.0,0.0,0.0,0.0
x_cont4934,0.0,0.0,0.0,0.0,0.0
x_cont4935,0.0,0.0,0.0,0.0,0.0
x_cont4936,0.0,0.0,0.0,0.0,0.0
x_cont4937,0.0,0.0,0.0,0.0,0.0
x_cont4938,0.0,0.0,0.0,0.0,0.0
x_cont4939,0.0,0.0,0.0,0.0,0.0
x_cont4940,0.0,0.0,0.0,0.0,0.0
x_cont4941,0.0,0.0,0.0,0.0,0.0
x_cont4942,0.0,0.0,0.0,0.0,0.0
x_cont4943,0.0,0.0,0.0,0.0,0.0
x_cont4944,0.0,0.0,0.0,0.0,0.0
x_cont4945,0.0,0.0,0.0,0.0,0.0
x_cont4946,0.0,0.0,0.0,0.0,0.0
x_cont4947,0.0,0.0,0.0,0.0,0.0
x_cont4948,0.0,0.0,0.0,0.0,0.0
x_cont4949,0.0,0.0,0.0,0.0,0.0
x_cont4950,0.0,0.0,0.0,0.0,0.0
x_cont4951,0.0,0.0,0.0,0.0,0.0
x_cont4952,0.0,0.0,0.0,0.0,0.0
x_cont4953,0.0,0.0,0.0,0.0,0.0
x_cont4954,0.0,0.0,0.0,0.0,0.0
x_cont4955,0.0,0.0,0.0,0.0,0.0
x_cont4956,0.0,0.0,0.0,0.0,0.0
x_cont4957,0.0,0.0,0.0,0.0,0.0
x_cont4958,0.0,0.0,0.0,0.0,0.0
x_cont4959,0.0,0.0,0.0,0.0,0.0
x_cont4960,0.0,0.0,0.0,0.0,0.0
x_cont4961,0.0,0.0,0.0,0.0,0.0
x_cont4962,0.0,0.0,0.0,0.0,0.0
x_cont4963,0.0,0.0,0.0,0.0,0.0
x_cont4964,0.0,0.0,0.0,0.0,0.0
x_cont4965,0.0,0.0,0.0,0.0,0.0
x_cont4966,0.0,0.0,0.0,0.0,0.0
x_cont4967,0.0,0.0,0.0,0.0,0.0
x_cont4968,0.0,0.0,0.0,0.0,0.0
x_cont4969,0.0,0.0,0.0,0.0,0.0
x_cont4970,0.0,0.0,0.0,0.0,0.0
x_cont4971,0.0,0.0,0.0,0.0,0.0
x_cont4972,0.0,0.0,0.0,0.0,0.0
x_cont4973,0.0,0.0,0.0,0.0,0.0
x_cont4974,0.0,0.0,0.0,0.0,0.0
x_cont4975,0.0,0.0,0.0,0.0,0.0
x_cont4976,0.0,0.0,0.0,0.0,0.0
x_cont4977,0.0,0.0,0.0,0.0,0.0
x_cont4978,0.0,0.0,0.0,0.0,0.0
x_cont4979,0.0,0.0,0.0,0.0,0.0
x_cont4980,0.0,0.0,0.0,0.0,0.0
x_cont4981,0.0,0.0,0.0,0.0,0.0
x_cont4982,0.0,0.0,0.0,0.0,0.0
x_cont4983,0.0,0.0,0.0,0.0,0.0
x_cont4984,0.0,0.0,0.0,0.0,0.0
x_cont4985,0.0,0.0,0.0,0.0,0.0
x_cont4986,0.0,0.0,0.0,0.0,0.0
x_cont4987,0.0,0.0,0.0,0.0,0.0
x_cont4988,0.0,0.0,0.0,0.0,0.0
x_cont4989,0.0,0.0,0.0,0.0,0.0
x_cont4990,0.0,0.0,0.0,0.0,0.0
x_cont4991,0.0,0.0,0.0,0.0,0.0
C(cat0)[1],0.0,0.0,0.0,0.0,0.0
C(cat0)[2],0.0,0.0,0.0,0.0,0.0
C(cat0)[3],0.0,0.0,0.0,0.0,0.0
C(cat1)[T.2],0.0,0.0,0.0,0.0,0.0
C(cat1)[T.3],0.0,0.0,0.0,0.0,0.0
C(cat2)[T.2],0.0,0.0,0.0,0.0,0.0
C(cat2)[T.3],0.0,0.0,0.0,0.0,0.0
x_bin1,0.0,0.0,0.0,0.0,0.0
x_bin2,0.0,0.0,0.0,0.0,0.0
