donor_id,x_cont1,x_cont2,x_cont3,x_cont4,x_cont5,x_cont6,x_cont7,x_cont8,x_cont9,x_cont10,x_cont11,x_cont12,x_cont13,x_cont14,x_cont15,x_cont16,x_cont17,x_cont18,x_cont19,x_cont20,x_cont21,x_cont22,x_cont23,x_cont24,x_cont25,x_cont26,x_cont27,x_cont28,x_cont29,x_cont30,x_cont31,x_cont32,x_cont33,x_cont34,x_cont35,x_cont36,x_cont37,x_cont38,x_cont39,x_cont40,x_cont41,x_cont42,x_cont43,x_cont44,x_cont45,x_cont46,x_cont47,x_cont48,x_cont49,x_cont50,x_cont51,x_cont52,x_cont53,x_cont54,x_cont55,x_cont56,x_cont57,x_cont58,x_cont59,x_cont60,x_cont61,x_cont62,x_cont63,x_cont64,x_cont65,x_cont66,x_cont67,x_cont68,x_cont69,x_cont70,x_cont71,x_cont72,x_cont73,x_cont74,x_cont75,x_cont76,x_cont77,x_cont78,x_cont79,x_cont80,x_cont81,x_cont82,x_cont83,x_cont84,x_cont85,x_cont86,x_cont87,x_cont88,x_cont89,x_cont90,x_cont91,C(cat0)[1],C(cat0)[2],C(cat0)[3],C(cat1)[T.2],C(cat1)[T.3],C(cat2)[T.2],C(cat2)[T.3],x_bin1,x_bin2,CT1,CT2,CT3,CT4,CT5
S001,1.0668802,0.19454929,-0.53082895,0.09190082,-0.17753708,-0.91930884,-2.0777557,2.0391903,0.80289966,-0.9309037,-0.37243122,-0.32097384,-2.761791,2.2201302,-0.5240285,2.0442302,-1.503317,-0.92099166,1.6565661,1.2164996,-0.13337173,0.090186976,-1.9638752,-1.2975146,-0.12767641,1.2370013,-0.48032993,0.04852386,0.7252745,-0.2162137,-1.1249276,-0.54031414,-1.3838587,-0.8971375,-0.050034795,0.69567424,0.19286934,1.7396606,0.6794399,0.9634546,-0.19742137,0.15653515,0.09631752,-0.5451952,-1.0502573,-0.43391898,-1.022288,-0.16537125,2.4139588,0.2488353,0.12052763,0.09494219,-0.48224023,0.056432538,0.15451556,1.6400992,0.027366942,-0.6762608,0.14566843,-0.82164186,0.6862211,-0.3535916,1.261449,0.23729937,0.79968053,0.57147914,-0.11904784,1.428806,0.16323058,0.5481279,1.9119221,-0.6717832,0.5097069,0.9380831,-1.5096327,0.2502807,-1.0585686,0.023305742,0.7399934,-0.13090725,1.5869875,1.7167603,0.5825556,1.9439446,1.3065428,1.0265679,-1.3919641,-0.51183665,-1.1094544,-0.19528143,0.6641765,1.0,0.0,0.0,1.0,0.0,1.0,0.0,1.0,2.0,59,84,8,3,19
S002,0.13263017,-0.9495619,1.6579262,-1.8232133,-0.3455717,-1.4734628,-0.3524902,0.33450705,1.7795329,-0.55334395,-0.7303192,-0.34984493,0.5890883,-0.4902829,0.99660504,-1.3514439,1.5821325,-0.922283,-0.26776496,3.1179976,0.27890092,0.46484998,0.20632675,-1.3853343,-1.5879099,0.32870257,0.27359188,-1.1471924,1.2765543,1.4057766,0.38227043,-1.49287,-1.443453,-1.7638882,0.33737603,-0.8756429,-1.9828827,0.3548929,0.4230418,-1.2718669,1.1860285,0.6159182,-0.7621072,-0.7915563,-0.29434365,1.6527822,-0.18542212,0.70741963,1.8702419,0.61307573,-0.087990336,-1.093804,1.2219284,0.6058365,-0.72478676,0.21246353,-0.41843387,0.73601216,1.2322092,0.015115274,0.19510777,-0.38496074,-0.3548851,1.5163145,1.2619144,0.072192885,0.18872833,0.28226355,-0.16160186,-1.2403686,0.56094843,-1.6696821,-0.1629555,1.1181297,-0.16681595,0.6043264,-0.9072806,0.086772226,-0.19644924,0.8138312,0.08040831,-0.5876,1.139931,-0.3810975,1.0830473,0.072592154,0.8391527,-0.5389996,-1.4964238,0.55639964,-1.4045963,0.0,0.0,1.0,0.0,0.0,0.0,1.0,1.0,1.0,79,0,0,0,0
S003,0.18097834,-1.5009785,-0.7864651,-0.6714106,-1.1446699,0.4082013,-0.9844988,-0.796327,1.1198293,-1.3458581,-0.94733346,-1.0209639,0.0462832,1.2065225,-1.0881797,2.6030872,-0.1465458,0.09385855,-0.29238513,-0.5360593,0.3864634,-0.1276369,2.0343015,-0.6334384,-0.8138742,-2.0401638,-0.43372703,0.004730515,0.26220936,0.34110662,-1.4088837,0.1604034,-0.40761608,-2.028491,-1.1925817,-0.034942638,-1.1712877,-1.229338,-0.15579255,0.67357785,1.819851,-0.75123554,-0.936885,2.0683506,0.27995458,2.5944808,0.8819004,-1.0257554,0.46924257,1.7892131,-1.5625353,1.6624701,-0.97851884,-2.7488093,-2.095285,1.4227022,-1.4071904,-0.26087102,1.4959042,-1.2370065,-0.23070389,0.034665447,-1.1753132,0.61044765,0.017017324,-0.85878557,-0.37180138,0.09693463,-0.873971,1.7849919,-0.2689088,-0.59559417,-0.061995063,-0.29712936,1.4873027,-1.327974,0.50542974,-0.97380716,-0.41747788,0.46299997,0.5199014,0.017027756,-2.3014922,-0.4990272,-1.5277858,-1.6142973,0.5615719,1.7751864,1.6932647,2.512943,0.9754486,0.0,1.0,0.0,1.0,0.0,0.0,1.0,1.0,1.0,24,35,5,0,7
S004,0.10595691,0.98418593,1.3626928,-0.744132,-1.5920743,0.71932733,1.2340564,-0.031504598,-1.0632969,-0.3166534,0.21312702,-0.86317796,-1.648657,-0.16242845,0.118229,0.9206871,1.3687407,-2.3305628,0.52817607,0.22897717,-0.62268734,0.318874,2.8790445,-0.16065922,-0.9241185,-1.3656904,0.14783129,-0.020697178,1.0015073,-0.36024883,-1.5883142,-1.5750515,-2.365837,-1.0400753,-0.5350365,0.3623047,-1.1080416,-0.024738085,-1.4124396,-1.0148166,0.7229113,-0.13275486,0.94021124,2.325162,-0.8639263,0.05036767,0.109253496,-0.8444336,-0.7473713,-0.2818014,-0.22703475,-1.2499162,-1.4439038,-1.6137761,0.6500076,-0.99353254,-0.05471876,1.1709228,-0.91776484,1.2272342,-0.7610796,-1.1453441,0.11979513,0.039405774,-0.73698443,-1.6884269,-0.4303904,-0.12816352,1.467716,0.8440515,-0.70043766,-1.2735468,-0.19575444,-0.325487,1.0652502,2.8473084,-0.5720293,0.29782227,1.1004694,0.14520018,-0.23528731,-1.0504539,2.0171,0.18423189,-0.47984445,-2.0449882,0.22509483,-0.09594181,-1.1098446,-0.9182921,0.02492827,0.0,1.0,0.0,0.0,1.0,1.0,0.0,1.0,1.0,14,0,4,49,0
S005,-0.11367972,1.2345507,0.5302716,0.1011641,0.25265747,-0.9770216,0.48407695,-1.0919255,0.25061026,-1.2235652,0.35756436,0.12899396,1.3026814,0.92437345,-1.1585498,-1.1696267,-1.0901875,-0.28940865,0.7059862,-1.2391616,0.39803717,-0.179279,-0.63114446,-0.16945463,-0.8956435,0.09195797,1.2626092,1.3253092,-0.1875474,-0.99714744,0.5253172,-0.65357584,0.0057396824,-0.14362937,1.6774364,-0.88310534,0.012923486,-0.31623033,1.8227167,-0.003164618,-0.87113416,-0.5773507,-0.9647543,-1.1772546,-0.60614157,-0.58897746,0.85416335,1.1897963,-1.5596474,-0.72185105,0.028617613,-1.4259704,1.3933456,-0.52346253,0.4231337,-0.21199548,0.20223443,-1.1926134,0.73106027,-0.19048916,-0.29974347,-0.30259663,-1.1755345,-0.42507988,-0.26292935,-1.2414755,-0.24950501,-1.5217268,-0.53777087,-2.1699538,-0.67188185,0.46801284,-0.12251673,1.4394767,-2.1235275,1.9982635,0.6735967,0.12813616,-0.25354406,0.041425522,-0.8410017,1.7185228,-0.6065864,0.5152801,1.1535991,0.56807894,0.5510348,-0.82769555,-1.2581401,-0.71912235,0.61784387,0.0,1.0,0.0,0.0,1.0,0.0,1.0,1.0,1.0,10,22,1,151,13
S006,1.4843754,-0.6691678,1.1288322,-0.2321473,-0.32480454,-2.2262936,0.14490485,0.4387444,0.27574655,0.38232744,-1.7273906,0.2520714,-0.3679933,0.97205347,0.7105682,1.3253831,-0.85352105,0.3718142,0.68036175,-1.2369903,0.21780641,1.1226087,-0.6587909,-1.4665989,-1.3967161,-1.4153407,-1.1590519,-0.95870185,-1.6618788,-1.5082164,-0.05853628,2.0483618,1.5485377,0.5153474,-0.9250275,-0.8817564,0.5284343,-0.89605206,2.4108906,1.8810226,-1.2464938,0.8990087,1.0347519,-1.1236032,1.120458,0.40866375,0.9512186,2.8947551,-0.38714135,0.538938,-0.08501794,0.6453533,-0.39775914,0.3686187,1.245727,0.15457077,0.8158888,1.1781547,-1.0898786,0.98570585,-0.093408264,-0.6579418,-0.47554392,0.12444164,1.9132656,0.024323927,-0.44484088,-1.2571449,-0.4112427,1.6336224,-1.8597546,-0.4070364,0.09531983,-1.1773584,0.401663,-0.9575422,-0.9943764,-1.3955386,-0.1107654,-1.3419055,1.6852694,0.5506082,0.7196853,-0.92936724,-1.186754,0.16134915,1.9955046,0.26908982,-0.25810862,-0.6352554,0.5530634,1.0,0.0,0.0,0.0,1.0,1.0,0.0,1.0,1.0,102,21,0,1,0
S007,1.3711629,-1.0571628,-0.025088103,-1.524841,0.4434614,-0.39181882,-0.4468744,1.1026394,-1.0275607,0.2017905,-0.727934,1.7272393,0.6239493,-0.8585774,0.99580854,0.04044339,-2.5478349,1.5423648,-0.4478659,0.4581103,-0.37710473,0.31082428,-1.5777445,0.47642627,0.50710076,0.6452853,-0.5662239,1.3902617,-0.21747339,-0.019483378,-0.5381563,1.4278617,-1.7079123,-1.0724137,-0.83471376,1.2032472,-2.4629734,0.029510349,-1.4320213,0.70088595,1.027033,0.33539534,0.36933243,-1.0459665,-0.1481329,1.5722136,-1.1349554,0.7608044,0.5904243,-0.0302373,-0.26416537,1.1350366,-0.64579064,1.2318041,1.3080837,-1.7463664,-0.49467444,-2.1264522,0.013740516,-1.0844791,-1.42314,-0.76345646,-1.1040462,0.115916334,-0.31040454,0.27618092,0.24645373,0.14026585,-0.21439685,1.8743206,0.5049669,-0.45336777,-1.3921812,1.4181006,-0.08664941,-1.3182831,0.84867454,-0.13684115,0.12959719,-0.7247936,-0.9214608,1.5986699,1.5100598,-1.1911901,0.4573012,1.0899613,0.558942,-0.7465912,-0.7423312,0.15236263,0.11791468,1.0,0.0,0.0,0.0,0.0,1.0,0.0,2.0,2.0,9,101,0,0,0
S008,-0.9380762,1.4046631,0.2926338,0.21295993,1.5161994,-1.9278609,1.6482993,-1.4907613,0.1334358,-0.7659918,0.92541355,0.21636872,-0.51012254,-1.3577715,-1.3380394,-0.58360547,-0.76387584,0.45818117,-0.035630926,-0.34662563,-1.0597645,-3.358525,0.110130906,0.8452932,-0.11676221,-0.426889,-0.9304015,1.0396752,0.36717835,-1.4994447,0.15667331,0.83095646,1.0784233,1.7673509,0.7086859,0.7600694,0.1311276,-1.2191806,0.18560891,0.92119944,-0.14797308,-1.5829022,-1.2391975,-0.34741142,2.5913334,-0.5444737,-0.29698026,-0.6401622,-1.0205863,-0.88756156,2.7901142,1.7429718,1.1726593,-1.475487,0.5252378,1.1853498,-1.0904408,-0.030776687,-0.862881,-1.5410163,-0.1473328,0.38345245,0.08618769,0.56853336,0.7085675,0.97750443,-0.23520179,2.6738398,0.45648226,0.4481683,0.019299315,0.70468056,-1.365078,-0.21555676,0.52405465,-0.55288035,2.4768736,1.2672219,-1.9729041,0.7241686,0.8296237,-0.14848381,-1.2079406,1.7586255,0.13019943,-1.1672515,0.6290168,-0.24523604,0.88871866,0.80546933,-0.28589255,0.0,1.0,0.0,0.0,1.0,0.0,1.0,2.0,1.0,0,0,16,138,15
S009,2.330328,-0.8895493,-0.21101382,-0.3855552,-1.4374695,1.2690437,0.15724461,-2.1412425,1.0057375,1.5765537,-0.34669876,-1.3220643,0.27325442,1.2242457,-0.1663179,0.7436774,-0.07979209,-0.19712931,-0.17118491,-1.6129227,0.28436133,1.1155351,0.3388615,-0.7935867,-0.7772742,-1.0228511,0.5758457,-0.1262458,-0.71411896,0.31853563,0.5236964,0.058755122,0.4323131,0.16333683,-0.8937479,-0.577829,0.07032711,-1.691399,-1.1176883,-1.145715,0.24823003,0.5920055,-0.64236134,-0.1481041,1.2633127,-1.3733174,2.3476768,0.06987648,-0.5520689,1.452777,1.622049,0.7738743,1.4674981,0.23502986,1.012628,0.51458794,0.37673616,-1.0464482,-0.6977434,0.8716463,1.13974,-1.2899776,-2.226181,-0.168811,-0.61093134,-0.484196,-0.1865231,0.21032208,0.12819728,0.079009145,-0.32034892,-0.4401233,0.33045086,-0.5849272,-1.4724784,1.4125203,0.3684239,-0.5110086,1.1533566,1.7452815,0.91830915,0.7767427,0.32218817,0.98794204,-0.54609174,0.6884898,-1.3956947,0.37895638,-1.232018,1.401555,0.4182275,1.0,0.0,0.0,0.0,0.0,0.0,1.0,2.0,2.0,13,133,0,0,0
S010,-0.097045906,-0.5410711,-0.5803188,-0.937282,1.4814206,-0.29390168,0.23996477,-0.5336546,1.4990326,-0.92735136,-1.3371513,-0.49736497,1.4254395,-0.30501428,-1.9003156,-0.40898046,-0.73502094,0.016948037,0.9015526,0.6792682,0.5183052,-0.7113103,-0.638082,-0.3779861,-0.90695083,-0.5581867,-0.82025576,0.21351463,0.38846827,0.1811606,0.43465248,0.5229832,-1.8660405,2.147776,0.27831352,-0.036115002,0.3321906,-0.4179986,-0.15097442,1.2620572,-0.19224088,0.40439233,0.4952302,0.49103332,1.9542897,0.48764533,2.0278351,-1.6837778,-0.030142805,0.46688288,-0.15702985,0.8665712,1.0892098,-0.8285301,0.11257166,1.1370088,-2.558959,-0.29407716,-0.2818848,0.85403085,-1.5378476,-1.1547625,0.81684643,-1.3319881,0.2869624,-0.3047927,-0.25673518,-1.3266692,1.215408,0.8066161,-0.24626008,0.747444,-0.6815965,0.33944735,-2.5846987,1.470365,0.341908,0.17168194,-1.0029037,-0.039219502,-0.26645184,-0.8623513,-1.3928366,0.5427954,-0.10890943,0.31593645,1.0972372,1.9219812,0.7564031,-0.7804009,-0.07647637,0.0,0.0,1.0,0.0,0.0,1.0,0.0,2.0,2.0,5,8,52,15,26
S011,0.50098383,1.0624412,0.20304109,-0.90655243,-1.44822,-1.6695251,-1.7686486,1.0705198,0.40190008,-0.34547046,-1.7935227,0.2473584,-1.4972494,1.4389938,2.3791,-1.4263533,-1.4849715,0.42141944,1.1187668,-1.5017434,0.4838674,2.6809628,-0.55749667,1.1293254,-0.93886054,-0.3664281,-1.5917933,-0.65821356,1.1670898,-0.25166345,0.1515513,-0.09674381,0.30069223,0.71343833,0.97066903,-0.15011795,0.06275918,2.1668947,0.08337416,0.48843822,-0.5702267,0.06173196,-0.26363266,-0.64643615,-1.711698,0.47942623,1.5072412,1.1104441,0.4085706,1.1400716,0.25986403,-0.5259858,-0.83566886,0.42988557,-0.97299623,-0.9931356,-1.7241615,-1.4037162,1.5679822,-0.37071288,-1.999872,1.0323193,-0.20666963,-0.02356646,2.1229384,0.47668344,-2.070175,0.058228776,0.12690665,-1.4957209,0.083391674,0.7476583,0.55985546,1.9859835,0.7061821,0.15930155,0.5625674,0.85050935,0.09322432,-0.054672286,0.80324405,-1.1879934,0.19241753,0.16701257,-1.1059855,-0.4381367,0.5353909,0.7645164,2.2883668,-0.11142205,0.22883973,0.0,1.0,0.0,0.0,1.0,0.0,0.0,1.0,1.0,9,5,0,78,8
S012,-0.29313368,-1.0564407,-0.39481175,-0.053494602,-0.258653,-1.0025054,-0.5715589,0.68299854,1.7058386,0.8548107,1.0499518,1.3071635,1.4468496,0.02192217,1.0757632,1.4135678,-0.96929157,0.4427156,-0.92579645,0.06669008,0.23191562,1.2827265,-0.43831488,0.8790794,0.08454452,-0.92487997,-2.2161818,2.1013622,-0.41748798,-0.61657774,0.6185364,-0.5121753,-1.1459672,-0.49167538,-0.796661,1.1440287,0.9169657,-0.56633866,1.622704,0.19795853,-2.7224011,0.28290337,0.1981321,-1.2536404,0.86009526,-0.5673763,0.561731,0.7903174,-0.6696326,0.18966053,1.0606159,0.7982527,-0.42174858,-0.5909435,0.7501245,0.45757926,-0.45531872,0.21467261,0.48919415,0.22309098,-1.3286693,1.246722,3.0940967,-0.35524046,-1.4704752,-0.2030265,-0.2872387,0.7199663,0.71602756,-0.1380279,1.1632184,1.0424349,0.94624823,0.052719474,0.94914836,0.5656431,1.7196479,0.9628467,-0.023155225,-0.12682663,0.631466,0.65976274,0.14300655,0.6822395,-2.3279076,-1.1251895,-0.4087293,1.1081145,0.09074348,-0.85639125,-0.1428742,0.0,0.0,1.0,1.0,0.0,0.0,1.0,1.0,1.0,43,26,79,0,19
S013,-1.4044491,-0.461248,0.12931722,-0.76558137,-0.071992055,-0.22538625,0.5908687,1.6315871,0.97591364,-1.9223404,-0.7808849,-1.1591067,-1.068768,-1.446544,-0.8786484,-0.11609034,-0.42565918,-0.5444288,0.13259272,0.71067214,0.5691122,-0.10210498,0.11377336,1.7229596,1.0075543,-0.17772056,-1.1389314,0.43223748,0.45273322,0.5922232,0.2304548,0.21111172,0.046653192,-0.82736236,1.2547911,0.18075971,-0.36054012,-0.23386657,-0.39008558,-2.196866,-0.3843463,-0.1401806,2.418541,0.026771674,-1.2714975,0.06937274,-0.24221191,-0.13837503,-1.3470473,0.22629808,0.0975248,0.99575186,1.7873589,-0.4591293,-0.62341315,-1.5882456,0.3531242,0.68383265,-1.1155033,0.9814571,1.989115,-0.44639066,1.2651588,1.5852295,0.42002708,0.17308997,1.2107174,0.15520212,0.4893013,1.1715442,0.9082577,0.66970885,-0.7314146,0.08087782,1.293217,0.05145786,0.13692349,-0.89894515,-0.042558234,-0.035605036,0.7269169,-0.010156168,0.33163926,0.5595498,-0.63302475,1.0769051,0.09340048,-2.061685,-1.4258981,-0.7783555,-2.0213108,0.0,1.0,0.0,0.0,1.0,0.0,1.0,2.0,2.0,0,0,77,1,8
S014,1.8547862,0.858578,2.291617,-0.8895638,-0.386274,0.12212674,-0.5561553,-1.8487649,0.8444126,0.74117464,0.23410809,0.34750277,0.1671878,1.1418347,-0.6672204,1.5397371,-0.54124105,-0.49031925,0.018966394,-0.53865725,0.12272159,0.19887416,0.38718265,-0.1461059,0.4604807,-0.01307477,0.21604969,0.45951706,-0.43446252,0.79367334,0.7352905,0.35469905,-0.40105355,-0.22831057,0.71376306,0.02312565,1.5206585,0.5417234,0.9893046,1.4696383,-0.9539988,0.7787916,0.56533265,-0.47783157,0.08561598,0.79236996,-0.8023055,-0.61282,-1.2359508,3.2076116,-1.0219486,-0.42324936,-0.28764012,0.24594316,-0.37028182,-0.54244214,0.57917315,0.1721244,1.1475033,0.5886892,-0.9133335,-0.084203534,-0.27762526,0.89483947,0.7997429,0.7831235,0.067709774,-1.1937804,-1.0465051,0.41481534,-1.284014,-0.018095037,-0.7147194,-0.2609385,1.3656061,0.7111104,-1.761295,0.14915083,-0.10400227,1.4851915,-0.47459203,1.4993838,-2.5607963,-0.025162451,0.21153373,-1.1474903,-1.1915989,0.26322678,-1.0568937,-2.231219,1.493114,0.0,0.0,1.0,0.0,1.0,0.0,0.0,2.0,1.0,64,2,0,0,0
S015,-0.73888725,-0.5248018,1.284021,-0.032594915,-1.2002659,1.4223523,-0.80644757,-1.5748304,0.72641325,0.42816246,2.1010199,-0.37904507,1.0737164,-0.47601312,-0.33401233,0.2731523,-0.16985814,0.03343551,-0.24577962,1.6138219,0.87729937,-0.44506568,-1.4027779,-0.5434447,-0.20446089,1.2762132,0.28272742,1.2023448,-0.012162534,0.14091614,-0.9408332,-1.2029486,0.621098,-1.278138,0.17890643,-1.5564328,-1.4415089,-0.50085276,0.6289055,0.9133434,-0.1794268,-0.2504424,0.8397619,1.3256369,0.89910203,1.3899109,0.5842144,-0.18878973,0.24466105,-1.0848945,0.18964736,-0.5901462,0.06779099,1.3852737,0.7810457,0.73928297,-2.19723,-0.49984932,1.1834834,-0.032646287,-0.49735326,2.186216,0.9365637,0.36251003,1.2033141,-0.18269078,0.7878693,0.23599891,-1.8727521,0.06657961,0.5427384,1.6641251,-0.21215644,0.2107076,0.3274253,-0.80752957,-0.2886591,0.72794074,-1.1199311,2.5474997,-0.70001453,-0.8204532,-1.4944259,-0.24884622,-0.06787169,-1.2081019,-0.4733075,1.5659386,0.751415,-0.24461167,1.0521532,0.0,1.0,0.0,0.0,1.0,0.0,0.0,1.0,1.0,74,1,18,1,5
S016,-0.36394688,-0.6677212,0.12387069,-0.16331954,-1.8753337,-0.93521756,-1.8623077,-1.3000988,0.18328747,0.8573307,-1.7506038,-0.17278019,-0.90769625,0.9909536,1.994217,-0.16782893,0.72385675,1.0014628,0.40559292,0.5119321,-0.63443136,-0.11077719,0.6533919,1.0529581,-0.38174495,-0.6264139,-0.6519611,-1.5567557,1.1480495,1.5297327,1.0760742,-0.8912842,0.45824698,-0.48084432,-0.97893876,-0.33528122,-2.1680293,-1.7394843,0.14306813,0.26051706,0.9604902,-1.2291791,-0.43005592,1.7524533,-0.2183383,1.28238,-1.9802101,2.061178,-1.2732577,-0.5101442,-0.08121965,1.3811529,0.080810115,0.39606887,0.716243,-0.2070279,0.33690232,0.3187361,1.3764294,-0.21115914,-2.3904505,1.0895056,-0.78985566,-0.57826537,-0.5006379,-1.0535978,0.94694155,0.1795608,-0.5086825,-1.8190843,0.5919179,1.8002657,0.035350896,-2.0069692,0.9816541,0.90545297,-0.20867965,1.1856709,-1.2081469,0.64920944,0.58238834,-0.8614126,-0.08441356,0.9618433,0.6068845,-0.96996474,-0.062486924,0.045205045,0.3435049,-3.112883,-0.19760159,1.0,0.0,0.0,0.0,0.0,1.0,0.0,2.0,1.0,17,9,9,12,12
S017,1.7210907,0.24941616,0.02599316,-0.67751837,1.560342,0.6644733,1.8861513,1.3201667,-0.5598296,-0.82095665,-0.069082834,0.8302385,-1.2581187,-0.807043,0.7646098,0.76273024,-1.3172352,0.6808615,0.5606623,-0.044021294,0.052306365,0.3334822,-2.0414567,0.56185323,0.76925313,0.6505268,-1.3283429,-1.8412187,-0.91985846,-0.2894234,0.4566749,-0.79742354,-0.5333003,0.8735332,0.7314785,-0.39934173,0.506767,0.97983634,-1.2505485,2.322974,-0.41508374,0.03853437,-0.92613477,2.0736825,0.756,2.2691357,0.399496,1.0632379,0.08205679,0.9557737,0.44966742,1.1597621,0.4930557,0.38813323,0.5288491,-1.3592483,0.4252685,-0.23110612,-0.0782024,-0.04297331,-0.6155623,0.24202952,-0.087115936,-0.30546153,0.13999628,-0.25013357,-2.1271458,-2.9751468,0.45308778,-1.4640512,-0.7323937,1.1630687,-0.83126366,-0.15707521,0.5673976,0.21011226,0.0019317642,0.28124705,-0.41999227,-1.731296,-0.88284314,0.07581621,0.36982587,0.6870998,0.06449601,0.14427212,0.65619373,0.72001606,-0.56751895,-0.42525303,-0.22259726,1.0,0.0,0.0,0.0,1.0,0.0,1.0,2.0,1.0,45,102,0,0,0
S018,1.9213718,2.114293,-0.5179514,-0.651136,1.1275953,-0.022460891,1.1267213,-0.9700733,-0.28149188,-0.9422968,-0.33992916,-0.23141316,0.01683947,-0.748374,0.9384191,0.5856128,0.5077967,-0.059732515,0.37890673,0.4761456,-0.42258614,0.9900156,0.13359335,0.059074022,0.072547466,-1.3788271,-0.70762867,-1.0369306,0.27918535,-0.7067697,0.16117135,1.2848448,-0.29521617,1.0665686,-0.5649152,-0.17906266,0.7022235,-0.579732,-0.19493672,-0.17757218,0.2570303,1.6745257,1.5040001,0.1993665,-1.1924313,-0.84412575,-3.123031,-1.52434,-1.0237783,-0.15543695,1.0794797,0.993984,0.07657394,-0.42080554,0.33497027,1.0761179,-0.36532182,-1.3474922,0.5029594,1.2944905,0.89014083,0.8344204,-0.916279,1.1802684,-0.09106178,-0.11645802,-0.1443317,-0.54322517,0.67889655,-1.4225485,-0.39989284,-0.40334946,-0.3476661,0.6830068,0.014582771,1.6267679,0.88293624,-0.49607491,0.13107733,-0.3218541,-1.7466422,-0.40141326,1.0412401,-0.99404866,-0.5161499,1.5654637,-0.8950578,1.22296,-0.79098034,-2.5767298,-1.4932684,0.0,1.0,0.0,0.0,1.0,1.0,0.0,1.0,1.0,0,82,0,63,0
S019,-0.68453133,0.6897566,-0.47889486,0.21308395,0.37944454,0.9353038,0.23245615,-1.8603375,0.34159398,-1.0987493,-0.12581176,0.7077058,-1.5450065,-0.45571923,1.3870622,-0.937722,0.19627075,0.31723458,0.11341908,-2.0788586,-0.3098467,0.5862365,-0.19209372,0.4220158,0.58227605,1.0159601,-0.0012542895,-0.6937375,0.5979847,0.421971,-1.0676241,0.44631928,-0.8731512,0.38016656,1.257846,-1.3265444,-1.2776908,-0.10160174,-0.6527527,-0.7103062,-0.7724183,0.13166027,0.23662339,-0.31764132,-0.7059446,-0.98081785,1.3148942,1.2830943,-0.2878502,-1.6742321,-0.33191064,-0.2935243,0.5968793,2.2008588,0.25908214,-0.6751322,0.36453676,-0.040047165,0.9178067,-1.4667485,0.10744062,1.9359841,-1.9131944,-1.9016734,0.8649504,-0.07745817,-0.20174356,-0.08463483,-0.38655624,-0.70462114,0.4772156,-1.2040824,1.118719,0.24865316,0.75382787,0.20353375,0.7910622,-0.11737391,-0.48603523,-0.8810437,1.1294199,1.2339582,0.28714377,-0.96461886,-0.25817832,3.1006083,-0.60681593,0.2551908,-0.050001934,0.6631597,1.122652,0.0,0.0,1.0,0.0,0.0,0.0,1.0,1.0,1.0,1,0,37,67,24
S020,1.5149206,0.54830194,0.45065925,-0.9036005,1.8379828,-0.7603747,1.9626782,-1.3303062,-0.0062457356,0.3109565,-0.50715953,-0.26921767,2.4356072,-0.6061466,1.7978787,0.17803864,1.5820385,1.2871814,0.09891769,-0.7797127,-0.39447638,-0.32230592,-0.28365785,1.6563239,-0.8067333,1.0499849,0.62772274,0.31320885,1.4754077,0.051361043,0.96402866,-0.18595438,0.7485028,0.011872571,1.9460694,-0.71640235,1.9010919,0.54690236,1.065018,1.1451102,0.7164713,-1.5056411,0.041461803,0.64907694,0.86797804,-0.5790054,0.21752907,-0.29392016,1.1680858,0.6623163,1.3045628,0.7285626,-0.57632595,1.6932839,-0.36405608,0.47756788,-0.4200236,-0.4169579,1.8755774,-0.85498977,0.5356935,0.5472505,-0.44646582,0.079364054,-0.44997954,1.617225,-0.7591425,1.2910105,1.1638346,0.25573668,0.77130467,-1.0092152,0.6804491,-0.8437474,-0.6487128,2.1257112,0.15889442,-0.8595925,0.42592138,-0.95623535,0.038691796,-0.46368158,-0.025320355,-0.92552245,-0.11103644,-0.9122087,1.4687521,0.3864903,1.1408981,-1.2929733,-0.19935392,0.0,1.0,0.0,0.0,0.0,1.0,0.0,2.0,2.0,18,56,0,1,4
S021,0.008453041,0.10936277,0.48894548,-0.93295145,0.37896234,0.12512708,-0.7283119,-0.9266978,-0.2244416,0.42017028,0.8006312,2.1152625,0.1993374,-0.14849842,-0.26930103,2.0001853,-0.71389306,-0.23623826,-0.1705947,0.573015,1.3322736,-1.2277212,0.9208806,0.27040744,0.16221404,-0.22819574,1.2058958,1.0119212,-0.35878238,0.6687324,-0.52922237,-1.6125358,-0.28535905,-0.473789,-1.1352804,-0.12757882,1.2490427,-2.4781165,-1.0050749,0.00096523593,0.55148256,1.4842987,0.2039382,-1.1213756,0.9540014,3.0797822,-0.85437405,-0.2425628,-0.9076417,1.8726459,1.8497422,-2.1440601,-0.006923347,-0.70557976,1.3280951,-0.15240782,-1.3759025,-1.2498449,0.97240216,1.2015172,-0.25593114,0.33971396,-1.0139067,0.013558724,-0.021560937,0.3056468,-0.5390917,0.84755695,0.39900926,-1.2763491,1.5040499,-0.68416417,0.75098157,1.7440163,-0.68199414,-0.6726078,-1.4932982,0.74646086,-0.22321598,-0.6933306,0.8374671,-2.7491972,0.6276883,-1.2096565,-1.0801187,1.2113707,-0.3656297,-0.29181007,-0.41043627,-0.66216373,-0.85348415,0.0,0.0,1.0,0.0,1.0,0.0,0.0,1.0,1.0,68,50,9,22,3
S022,0.8111267,-0.21717091,0.9092663,-0.9573729,-0.07381107,-0.9541498,-0.31724086,-1.0365322,0.46490395,1.1965066,-0.13961208,-1.0455229,0.959513,2.1117923,-0.46146315,0.5691379,-0.46925873,-0.58156455,-1.4905475,-0.8158959,0.46334812,-0.2994529,0.21364307,-0.94803315,0.41484618,0.7791418,-0.3820479,0.21124393,-1.3423053,1.6565137,-0.04178133,-0.14987804,-2.311857,-2.6902196,-0.07682445,0.4719322,-2.0699925,0.7482349,0.082434826,-1.2555164,-0.79134583,-0.1771901,-0.37173265,0.56166464,0.042778347,-2.0387626,-1.6531006,1.3126793,0.010192235,1.1341819,-0.1004485,0.4244137,0.8824491,-0.55583787,0.19081242,0.39976233,-0.22645661,-0.8260096,0.4192714,1.0739452,1.2375845,0.6430458,1.0374594,0.8718491,0.6861987,-0.24985208,-1.0320107,-0.1804158,-0.39994577,-0.08853845,0.7640443,0.876506,1.1803397,-1.0064316,-0.94212776,0.24737802,-1.5611056,0.8491943,-2.3792536,-0.011329647,0.8197488,1.1861244,-0.5487276,-1.0159009,0.20811623,-1.7929772,0.13413502,-0.08938843,1.0744574,0.53666496,-1.2207456,1.0,0.0,0.0,0.0,1.0,0.0,0.0,1.0,2.0,45,7,0,0,0
S023,-0.19516833,-0.12910376,-1.9679981,-2.1861508,0.13554026,0.2752269,-2.2429202,-0.752029,0.24722175,0.63877857,1.5390054,-1.3430158,-0.60779375,-0.32822108,-0.32889044,0.9401609,0.138775,-0.5386739,1.0366228,0.329386,-2.0385356,0.894474,0.7768391,-1.2820301,-0.985898,0.9407161,0.9151388,-0.89063704,-0.7303338,0.645109,0.8311793,-0.08044609,-0.39229548,-1.7554266,2.1784484,-0.6734611,-0.3196546,1.5490104,-0.10130729,-1.3003881,0.15464973,-0.26001465,-1.3809135,1.4192551,0.055429906,-1.0262617,-0.07226859,0.8808753,0.807439,-0.23382191,-0.36575827,-0.5408311,0.99656755,-1.4850528,0.14490107,-0.17333202,1.2536849,-1.102866,1.6024907,0.6442431,0.57902557,0.27595744,1.2804713,0.6806772,0.10341675,-0.4006498,-1.0260637,1.3232268,-0.74940246,-1.3289359,-0.006324942,0.6192983,-0.11166556,-0.4402026,0.10648086,0.40377793,-0.4677565,-0.66846985,-0.8427379,0.93358296,0.66036826,-0.9281382,1.8733782,-0.65504974,-1.2753365,-1.1540098,2.0943937,-0.6374179,-0.19324036,-0.0419316,-1.1570044,0.0,1.0,0.0,1.0,0.0,0.0,1.0,1.0,2.0,0,3,99,33,44
S024,-0.06114796,-1.0054548,-0.683916,-0.43865412,-0.8852518,-1.3521689,-0.027523618,1.0170182,-0.016510354,-0.07823627,-1.2633386,-1.6241562,0.14272739,-1.0180925,-0.3121108,1.9213201,0.7438046,-1.3299208,-0.6433822,-0.16933507,1.1729069,1.1895097,-0.78958964,1.3012322,0.4022945,-0.072242744,0.61097306,-0.280788,0.15287717,0.58615106,-0.5874819,-0.15583134,0.39255434,0.25712958,1.0913687,-0.39640194,0.18427645,0.54501873,-0.96478504,0.81189954,-1.3573635,1.8980271,0.69001603,0.32725975,1.2315108,0.5866875,-0.42768604,-1.8301641,-0.38749447,-0.2549286,-1.0248487,0.79788345,0.20999433,-1.7118397,-0.1932666,0.10834139,-1.8231479,0.1552705,0.34137276,0.26618537,-0.7000823,1.771961,-0.59326005,-1.0134418,0.23040119,0.5041721,0.39945012,0.3519253,-0.2321653,-1.9664307,1.4398248,0.4468213,-0.52428263,-1.867806,0.43982852,1.5407043,1.2729051,-0.88506615,-0.07935706,0.49645016,0.7731187,-1.6061603,-0.4500183,-1.0344012,-1.1209179,-0.50398785,0.20355317,-0.12164098,-0.31255314,-0.36876732,-0.6510676,0.0,1.0,0.0,1.0,0.0,0.0,0.0,2.0,1.0,3,25,18,2,10
S025,-0.82410306,1.4270389,0.2038207,0.091551684,-0.53758764,-0.17862104,-0.28164288,0.15103093,-0.10918853,0.73821485,-0.1280518,0.06009085,0.4278296,0.5928058,-0.113502406,-0.055199564,0.67022794,0.47796145,-0.704484,1.1135741,-1.3765986,0.04888527,0.5175701,-0.43886405,0.64017457,-0.4164459,-1.2217886,0.124669984,0.11326763,0.2823082,-0.2866111,0.022351637,-2.39035,-1.0227865,0.091165036,0.6215142,1.297505,0.48340696,-1.0108974,0.6730478,-0.6857129,0.29472584,-0.08467179,0.5895617,0.8121775,0.57659614,0.16407335,-1.0740408,-0.98778313,1.838921,0.12927459,-0.10309838,0.5212579,1.1510223,0.060484357,2.025542,1.0122405,1.3075812,-2.1981719,1.8580706,0.9933954,1.0961798,-0.56641847,0.80431163,0.5181366,1.5557672,0.8204934,0.7274014,-0.24292038,-0.091825485,0.44758302,1.5983621,0.022455303,-0.13297652,-0.584222,0.49588752,-0.7704394,1.4273273,0.014846013,-0.6208322,-1.0507153,-0.49705043,0.77086824,2.4148743,1.9001145,0.35109127,-0.89450455,-0.37964088,0.5076225,-0.08695522,0.15908405,1.0,0.0,0.0,0.0,0.0,1.0,0.0,1.0,1.0,0,0,1,184,2
S026,-2.0652466,-1.9625932,-0.34178594,0.9963954,-2.4180734,1.1234841,0.6142111,-0.42477286,0.69063413,-0.05637814,0.9127607,-1.5009363,0.057293303,-1.2233131,-2.026493,1.1110735,-0.16387326,0.73731637,-0.9320014,0.008287509,0.5504065,-0.022492023,-1.5178677,-1.8966374,-0.26662633,0.69717354,0.08163683,0.6409512,2.3293984,-2.3607042,1.2837774,0.39795154,-2.9906876,-1.7860154,-0.20802347,0.45411038,-0.41554105,1.5636706,2.4202082,0.89380753,-0.8158359,0.5159291,-0.116419286,-1.2174892,-0.19676588,-0.359311,-1.0442674,-0.6908927,0.68899417,-0.16232863,0.9078538,-0.65601254,0.4633125,0.9639694,1.6162728,0.6063888,-1.6637814,-0.75398004,0.09881076,-0.52880794,0.9723848,-1.6727983,-0.70459324,-0.035249457,-1.8137919,-0.9526087,0.43282825,-2.3264043,-1.7979802,0.6937916,0.069429815,-0.58729583,-0.33988005,0.5270025,-0.46308663,0.81718844,-0.28220847,0.7201421,1.6721835,-0.7006802,-2.1610222,-0.61214846,1.9303823,1.5707268,0.64228743,0.21233054,0.77991444,0.7305497,0.89712197,-0.20983958,0.508554,1.0,0.0,0.0,1.0,0.0,0.0,1.0,2.0,2.0,0,0,155,0,9
S027,1.2017313,1.1909655,-0.5324312,-0.5361274,-0.43570924,0.15998515,-0.42924723,0.40362826,0.6246488,-0.2613043,-0.019879239,0.94288385,2.1759672,0.24648063,-1.611344,-0.57110924,1.7757193,-0.83797854,-0.64850384,-1.2306714,-0.60519165,-0.7518373,1.5361071,-0.3861397,0.33398157,-0.31569162,0.40340963,-0.44186068,-1.3105252,2.614063,-0.3210657,0.32039544,0.12936628,1.137554,-0.936919,0.5949369,-0.11821687,-0.9866356,0.5834393,-0.040763874,1.2107983,0.04589323,-1.8316864,0.13330129,-0.21602714,0.43146566,-0.787868,1.0415617,0.6993212,1.8363925,-0.99863636,-0.9223656,0.83145434,-0.31516156,0.2446322,0.2999066,-1.5886406,0.015326696,-0.843012,-1.0658448,-0.55357647,0.1850918,-1.2085214,0.43519816,-3.3430364,1.5689145,1.0569547,0.74196863,0.95650077,1.3534635,0.73125076,2.454994,-1.6819694,1.2205042,0.83652604,-0.77579486,0.4570695,-0.6449476,-0.3584374,-1.383326,0.22811218,-1.130032,1.5860313,0.57868946,-1.0759325,0.04901887,-0.81759435,-0.3685876,-1.3146541,-0.5058144,-1.2915286,1.0,0.0,0.0,0.0,0.0,0.0,1.0,2.0,1.0,0,23,0,37,6
S028,-1.2346953,-0.83338493,-0.7896535,0.4161684,-0.7776936,1.3650949,0.74322337,-0.9651132,1.9500406,-0.90500605,1.1226301,-0.94212234,-0.9141172,0.12913968,0.18735664,-0.76857877,-0.56777036,0.37203693,0.90999705,-0.7878289,-0.69097984,0.16641097,0.6835221,0.43736666,1.1692232,-0.94128716,1.4070125,0.65318376,-0.86047715,0.13618343,0.8070845,0.56949645,-0.19555765,-0.11428796,1.9183679,1.8326077,1.1430267,-0.558067,0.45195735,-0.81316125,-0.6369195,0.64606607,-0.8685928,-0.79967594,-0.48424476,-0.64481527,0.10192011,0.81566113,1.9545801,-1.1397821,1.2303098,-0.07881142,-0.09783024,-0.27214396,2.100448,-0.08598298,2.7092083,0.2019263,-0.86355025,-1.9276665,-0.48372036,-1.4906131,1.3726791,2.25115,1.6519647,1.106469,-1.1388537,-0.19231799,-0.05972104,0.9496737,-2.4670975,2.1171212,-0.02728747,-0.07177786,1.0714941,0.4740396,-0.16103293,1.3457961,-0.17139411,-1.2359916,1.1618537,0.21808732,-1.3706837,1.0568173,0.65905374,0.03721287,0.66082656,-1.3111033,-0.82267064,0.2732811,-1.7590995,0.0,0.0,1.0,0.0,0.0,0.0,0.0,2.0,1.0,0,0,62,0,8
S029,1.0382118,-1.2829018,-0.31757173,-0.6824092,-0.3917199,-0.94059044,-0.10611279,-0.78465044,-1.2628201,-1.4013002,-1.5969499,1.6865853,0.27882072,1.093656,-0.81600255,1.7062801,1.1432908,-2.655103,1.263273,-2.0308886,0.974146,-1.5668033,2.2132964,0.5027533,-1.2633185,-0.4239033,0.6781938,-1.7338334,-0.20219232,-0.5117111,0.759426,-0.10152481,0.618848,0.7742943,0.43950346,-1.2374096,-0.4200849,-0.098119035,0.03905104,1.2032392,0.6101419,-1.0190399,0.1947675,-0.17619169,2.049316,0.8280093,0.79709655,-1.4504272,-0.7959383,0.59801674,-0.64960814,-1.2274325,-0.6831506,-0.24767481,1.1856381,0.1839012,-1.0125853,-1.3104014,0.10696917,1.7040161,2.3217733,-1.0645447,0.33579284,1.7894441,1.0652171,0.2816611,0.42030954,0.28973314,0.97279406,1.7307197,1.8912607,-0.58817774,-0.5551218,-0.6617571,-0.090434045,0.31300008,1.3962637,-0.19058229,-0.41434202,0.7985739,0.43382984,0.29455087,-1.4225881,1.2223238,-0.6246954,1.6832687,0.70823455,0.99207956,-1.1618347,0.3724168,0.46025458,0.0,1.0,0.0,1.0,0.0,0.0,1.0,2.0,1.0,54,91,3,0,4
S030,-0.10496013,0.14573753,1.771258,1.018628,0.7918487,-1.4118735,-0.8854021,1.1702613,-0.2627855,-0.09607272,0.2647081,0.29758567,0.42295492,0.86867774,0.36603278,-0.96064204,0.2227982,0.2300197,-0.49631542,-0.610796,-1.567519,1.2070167,-0.9803694,0.28318626,-0.95576566,1.2561625,2.009952,-2.0416665,-0.39727673,0.8110536,0.0916086,-0.5962447,-1.1404709,-1.4250104,0.03388073,-0.70103824,0.44370627,0.79406,-2.13424,0.29271987,1.1184293,-0.34540695,0.12330756,-0.29314262,0.6826352,0.39025125,-0.6347858,1.5579834,2.2418227,-2.1397886,1.177909,0.0666214,0.8270015,-0.21466684,-0.71664554,0.27144468,-0.15451686,1.1546391,-1.2719363,0.78816646,0.7071837,0.35363832,0.5231016,-0.040349912,0.5575507,-2.5940566,-0.56063616,1.8188878,1.0956751,1.0174501,0.87846166,0.5694821,-1.0829661,0.20811565,-1.0822543,0.7867129,-1.8746456,-2.9881852,1.2382901,-0.5582307,-0.8888709,1.9999505,0.5989377,-0.96279967,1.0579526,-0.40198955,-0.35211813,-0.12085111,-0.42449227,-1.4360693,-0.84807163,0.0,0.0,1.0,0.0,0.0,0.0,1.0,2.0,2.0,59,4,1,0,3
S031,1.5192378,0.6905853,-0.08446693,0.03028901,0.40450427,0.8585327,-0.34247455,-0.31135246,-0.33696178,0.23726879,-0.34789574,0.0720482,0.11188539,-0.83556634,1.6510214,0.343239,-0.12480887,-1.2530711,-0.905757,-1.4736354,-0.9975207,0.010559946,0.1585505,0.2531217,-0.8522774,-0.27812827,0.28200406,-0.3049714,2.2227309,-0.19605844,0.11390967,1.4241942,-1.0211021,1.082117,-0.56652683,-0.92176145,0.51404685,-0.31226432,0.11952129,-1.2860427,0.4077243,-0.2248166,-0.22078617,0.01906563,0.9860762,2.5816996,-0.7647507,-1.8505629,-2.2406561,-0.50310826,-0.9376917,-0.21613577,2.833622,-0.51980907,-0.0925941,1.6667678,-1.6762393,-0.15343021,0.48883602,-0.4166833,-0.7287876,-0.18026498,0.27405247,-1.4411505,-0.12668031,-0.1802944,0.8139925,-0.4780236,1.3988043,-1.556474,-1.3534566,-1.8754361,-2.0316823,0.009560031,1.7930704,-0.17904994,1.5343736,-0.101495735,-0.3017349,0.00022100088,0.35520834,0.039154075,-1.7803156,1.0088975,0.4939876,1.9399158,-1.5356501,-1.2678622,-0.4858895,-1.400672,1.0469159,0.0,1.0,0.0,0.0,1.0,0.0,0.0,1.0,1.0,83,63,0,4,10
S032,0.22742137,1.617894,-0.89753294,-0.9256793,-0.004110758,1.3381603,1.5066862,0.31103167,1.1126721,0.6088812,-1.4957457,-0.88596994,0.84577435,0.3244104,-1.7775782,-1.2360487,0.7291777,-0.58369195,-0.9659057,0.52629465,0.8811095,-1.4101123,0.4348852,-0.5664163,-0.4941991,-1.4091254,0.5428382,0.16566302,1.1128979,1.2988755,-0.037595626,-0.78206676,-0.9006878,0.0710439,0.94022185,0.032414008,-0.7324343,-0.86680007,-0.87959725,1.4264737,0.2894367,0.99226326,-0.31579325,-0.121905886,0.22228974,0.1735268,1.3858016,-0.023505667,-0.12324215,-0.2771361,-0.91966987,-1.0888822,-1.2941883,-0.53876597,-0.9084621,0.72141945,0.5895386,-0.05221377,1.8802001,-0.9851565,0.5742551,1.182498,-1.242067,-1.4973199,0.18491003,-0.059636183,1.569922,0.56203854,0.34235996,0.8710078,-1.2853954,1.982993,-0.17763515,0.6153068,0.6904171,1.540448,-0.8756949,-0.14694336,-0.12332122,0.017832993,-1.5303468,1.3231136,0.23045795,0.53761506,-1.2508092,-0.04727344,-0.20866774,0.26752415,0.6932319,-1.4918519,-0.8683074,1.0,0.0,0.0,0.0,1.0,0.0,1.0,2.0,2.0,0,18,1,80,1
S033,-0.9824696,0.15188596,0.24439393,0.03719098,1.1232935,0.30796593,1.9476199,0.46213806,-0.46236944,-0.45379347,-1.5700021,-1.298469,0.07859633,0.40591347,-0.44675598,-0.4243803,0.4396032,-2.0509207,-0.129066,0.26483884,2.4543478,0.09626449,-0.70613784,-0.25243345,0.60885054,-2.9150887,-0.21512814,-0.056129448,0.33418122,-1.0598034,0.74234205,0.5193386,-0.12247619,1.5039297,1.0512449,0.9809959,0.12879421,-1.1755607,0.09224022,-0.34630737,0.928438,0.5120909,-1.813034,0.73128414,1.7518865,0.7260672,-0.13728774,-0.671232,-1.1959696,-0.5533508,0.44577646,0.36256942,1.2534236,-0.49213952,-1.1567004,-0.20171519,0.73142076,-0.64924914,1.0451183,1.7637223,0.32088163,-0.60027105,-0.034065176,-0.16907799,1.1057365,-0.84025055,-0.12792142,-0.38396874,-0.70359486,1.4379718,0.41414887,2.3366852,-0.4053888,-0.72064734,0.65867746,0.05883681,0.025121875,0.16147007,0.5019177,-0.77173173,1.0084583,0.12130062,-0.7068547,0.63764006,0.5546719,0.40100753,1.2093902,-1.5485181,0.6752483,-0.48733872,-1.8497393,0.0,1.0,0.0,0.0,1.0,0.0,1.0,1.0,1.0,0,0,32,20,21
S034,-0.40075976,1.7574073,-1.0522636,1.0830365,-0.4486161,0.009334079,0.9919959,0.70147187,1.7756175,-1.8911777,-0.5223145,-1.1807582,-0.4515593,-0.45639881,-0.8282216,-0.83953846,-0.7044848,-2.0101926,1.3262376,1.556225,0.48305702,-0.09330879,-0.32746524,0.1748753,-1.3230382,0.50955135,0.698344,-0.20095192,-1.0982713,-0.76884145,1.0762639,0.08384557,1.8023137,2.2107725,-0.46335313,1.0195978,0.30334502,-0.46328893,1.2055817,-1.2335775,2.093559,-1.8755901,0.42122984,0.10952164,-1.2977188,0.24577443,-0.26783484,1.584981,-1.1305741,-1.1652284,0.12429353,-2.1454227,0.9892561,-2.0125062,-0.37080655,-0.023704164,1.4950109,0.20016348,-0.025598362,-0.29572797,-0.086904146,-1.6267895,-0.29368952,0.33077464,-1.0518252,0.2021024,-0.98544943,-0.070254914,-0.35464865,-1.4630128,1.008406,0.0040898677,0.586052,0.24831204,0.7096141,-0.6571658,2.2160625,1.461964,0.6604764,-0.7308864,-0.20286831,0.9475692,-0.5178647,0.49835494,1.2111225,-0.05452442,1.0988688,-1.36561,1.9995042,-0.501783,-0.9687925,0.0,1.0,0.0,0.0,0.0,0.0,0.0,1.0,1.0,0,0,30,122,11
S035,1.4739612,0.52504295,-1.3586628,1.1444786,0.62047535,0.116490684,0.9810036,0.9280936,-0.5965403,-1.6999425,0.046434727,-0.17450936,1.2886635,1.9827311,-0.3344956,-0.017987205,-1.0964876,-0.595911,1.0601323,-0.20626613,0.9290309,-0.12010139,0.4264356,-0.015819777,0.8236996,-0.67794424,1.4376987,0.36692905,-1.4992089,-0.5088009,-1.34211,1.1275921,-0.20955837,0.29619122,-0.9139746,0.046240803,0.21311061,-0.113101654,0.2525448,-0.6483926,-0.77537227,0.57527924,0.1686543,-0.85211486,-0.45559013,-0.8339345,-0.4012274,0.43853503,1.9266611,0.05554289,-0.743888,-1.9534537,0.8594653,0.09411404,-0.17321423,-1.9703339,-0.35864392,1.0772504,-1.3300078,0.8404443,0.006309073,0.7753829,0.61320484,-0.76175374,-0.34099954,-0.18046658,-0.38580483,-1.3699735,-0.25772747,0.12886043,0.68052834,-0.4999431,-1.1008836,1.427304,0.172779,-1.3045901,0.16202326,0.51908904,-0.26485246,0.5425596,-0.4163876,-0.4136304,0.38174427,0.14541325,-0.30496153,-0.07947344,0.02963566,-1.2523377,0.4585342,0.35438854,-1.7179831,0.0,1.0,0.0,1.0,0.0,0.0,0.0,1.0,2.0,8,141,0,2,6
S036,0.541745,-0.30077988,-0.60829216,1.0121571,-0.19683109,0.39915887,-0.25514588,0.42570373,-1.0325336,0.08859624,1.6930662,0.4630843,1.0424919,0.40378702,2.57302,-0.5630353,0.9625533,0.71229774,1.2315528,0.347843,-0.51335555,-0.12867327,0.6975263,0.031123815,0.7390466,-0.6648443,-0.38077348,1.5514016,-0.673457,0.3832526,-1.3719482,0.87581486,0.13326551,0.324449,0.14223246,-0.8503285,-1.7921348,0.67897266,0.5747527,1.4840821,-0.42369446,0.5160825,1.2891692,-0.4659235,-1.1755935,-1.6706556,-1.0770887,0.83752173,-0.6618936,-1.2678771,0.9433829,-0.5983966,0.58560544,-1.2312213,-1.1349962,0.66293865,0.3696186,0.27822694,-1.0011077,0.11371827,-0.28666145,0.8609386,-0.4542355,-0.51720524,2.2918122,-0.1573355,0.9029439,-0.31360343,-1.9815531,0.5092624,-0.90948695,-2.3558996,0.7096531,0.22599646,0.5900291,0.08391301,-1.367209,0.22825995,-0.38762644,-0.7035772,1.0724975,-1.8909295,0.100198336,-1.128823,-0.47090083,-1.9498502,-0.50549865,-1.9272087,-2.049228,1.8936913,0.17414176,0.0,1.0,0.0,1.0,0.0,0.0,1.0,2.0,2.0,7,55,6,2,15
S037,-1.0067363,0.49839953,1.0382204,3.2356932,2.1916413,1.3306265,1.0433743,0.08093001,-0.36396068,1.0460114,1.2350339,2.021274,1.218598,0.8821948,1.6389548,-1.0390316,0.88207966,-0.08089597,-1.4075797,0.935536,-0.74278957,-0.8820157,-1.0392948,0.60996777,0.18216634,-0.7722412,-1.0150534,-0.8310882,-0.8241203,-1.0617068,-0.17788926,-0.016650418,0.34904498,-0.61843383,0.08416465,-0.39452502,0.42219135,-0.14368479,0.83792555,-0.32907462,-2.1065469,0.35329163,-0.6555107,-0.6659074,-1.9103154,-0.40007156,-0.30444294,1.7063648,0.5720655,0.54327106,-0.25348687,0.08749283,-0.549299,0.79801446,0.26001588,0.8620947,1.6923503,-0.45283705,-0.82342565,-0.67030704,-1.2317504,-1.379312,-0.08557921,0.8998661,0.6511361,0.056071527,-0.75169855,0.5058649,0.12310388,0.5080677,-0.56633496,-1.3564335,-0.0032427318,1.247193,0.5842877,-0.8511872,1.953292,-0.003090015,-0.8453185,0.2029994,0.77819985,-0.10110693,1.2308724,-0.5465483,0.25350544,-0.546918,-0.02311122,-0.7467214,-0.18769117,0.86625063,0.5933318,0.0,1.0,0.0,0.0,0.0,1.0,0.0,1.0,1.0,16,0,41,88,23
S038,1.7247388,-1.1999772,-0.039116405,0.8014171,-1.673752,0.832968,1.0301622,0.10698784,0.651682,0.55479896,-0.10619874,0.59849644,1.3694172,0.36924532,1.2446883,-1.6937566,-1.04555,-0.72376096,0.24119125,0.21896526,-1.5465494,0.3626386,-0.15753907,0.03184815,1.2073,-2.2041848,0.26661706,0.46130407,1.9985915,-0.25670052,0.37779382,-0.49858162,-1.6107038,-0.4693861,1.3155301,-0.5398968,-0.39663994,1.3902799,-0.75824666,-0.061782986,-2.3930004,2.0089781,-0.6230188,-0.058840852,-1.5403862,0.5675321,-0.29074124,-0.52727336,0.74206,-0.70480084,0.43992937,-0.8874106,-0.002929893,0.44819936,0.2983941,0.31430846,0.606355,1.1267774,1.3562838,0.74756867,-1.4617374,-0.3894048,0.45084307,-0.17260383,0.45627412,-0.62319374,1.0115728,-0.13522021,-1.5926553,1.2817342,-1.5947886,0.4351231,-1.2531089,1.4179214,0.17630626,-0.015918111,0.7432334,0.39437422,-0.082347766,1.0728958,1.1491251,0.74013036,1.0266008,1.5216004,-0.66872984,-1.0036587,-0.13255213,0.4320689,0.08865339,-1.7423669,-0.7096699,0.0,1.0,0.0,0.0,1.0,0.0,0.0,1.0,2.0,14,40,0,0,0
S039,1.5020744,-0.6586066,0.71953356,0.50200486,0.008936274,-0.4429483,-0.71192116,-0.3218254,0.64325225,-0.337897,0.14914802,-0.028379923,1.4011047,2.6739345,0.6537806,-1.2837623,-1.5549059,1.286473,0.6749118,-0.59860355,1.4415277,0.21123469,0.094107345,-2.0184324,-0.8917104,-0.42588508,0.6744568,2.1251392,-0.6537732,0.5808709,-0.53999394,-0.84940416,-1.6687261,0.20806767,1.9346406,-0.61270624,-2.1779776,-0.6056877,-0.9498798,-0.9102821,-0.4328535,1.3402449,-1.8980211,0.26971856,0.47400942,-1.2064911,1.2158982,-0.15339997,-1.6363493,0.03781562,-1.6138977,1.3959677,1.5383029,-0.40692404,1.3191751,-0.9531771,0.7368585,-0.76419127,0.5313616,-0.22541255,0.9143616,-0.86635894,-1.7012485,0.32531178,0.1829739,-0.62928,-0.90030736,1.1530652,1.3362107,0.28092828,0.38328362,-0.49417666,1.132449,0.07316305,2.546116,0.37733948,-0.5140721,0.07633855,1.5669405,-0.25951153,2.3594985,0.5418953,1.320206,-0.16300163,-0.7189069,-1.2044451,0.32002783,-2.1961303,0.10483532,0.10991728,-0.51534355,1.0,0.0,0.0,0.0,0.0,0.0,1.0,1.0,2.0,36,62,0,0,1
S040,-0.82642215,1.7271446,0.3662274,-1.0352336,0.1301431,-0.397179,0.7065532,-0.98830247,-1.0539968,-1.2095062,-0.68511206,0.8543548,-0.5374607,0.042467836,0.23842035,-0.9243219,-1.890064,0.057816703,-0.8775629,-1.9562777,-0.88735193,0.022295604,0.84336066,-0.45374137,0.6602703,-0.7626319,1.8563932,1.6911356,-0.26010436,0.14998093,-0.67713946,1.2819122,-0.42333117,-1.147531,-0.22865014,0.8329731,-0.27327135,-0.8017407,1.2087909,0.67225945,0.90873235,-0.14768986,-0.15843928,-0.25589556,-0.074745916,0.017431898,0.598743,0.87437797,-0.3082508,-0.52307236,0.612501,0.5043262,-0.3037853,0.22266722,-1.2613165,0.5639564,1.2902468,0.47301286,-1.7314374,1.0781636,-0.79488003,-0.39488176,-0.15681721,0.03689982,0.67993265,1.0390061,-0.17376272,-1.5360739,0.13101082,-0.9557627,-1.1448199,-1.1852393,-1.122078,-0.040143013,-1.5646942,1.8108528,0.17221451,0.28938654,0.8725677,0.31755698,2.2518797,0.76469743,0.37928322,0.0999464,-1.7049283,0.4616245,1.3886878,0.13970082,-0.9408971,0.4638046,0.8151353,0.0,0.0,1.0,0.0,1.0,1.0,0.0,2.0,1.0,0,0,10,189,0
S041,0.40495655,0.0493755,0.0575953,0.43127924,0.16313152,0.8513961,-1.5050031,-3.27824,-1.8109361,0.9454936,0.028387751,-0.11107373,-0.8944574,-0.1174744,1.4040402,-1.1200575,0.73089606,0.60328823,0.5827311,-1.7052095,0.42091453,0.27507368,0.122973286,-0.3366144,1.2966305,-0.44337186,-0.0001516538,0.8141678,-1.9670779,-0.53785455,-0.4258303,-0.31309798,-1.0508947,0.3318359,0.330984,-0.2648052,-0.4502895,-0.10452087,-0.18616454,1.1164201,-0.11578186,-1.4316373,0.12279718,-0.633151,0.38956368,-0.8428327,-2.9350004,-0.177098,-0.38797003,1.7763654,0.9352042,-0.10928579,-0.55566263,0.0442774,1.5564615,-0.6545458,0.39370242,-0.14646679,0.5801686,-0.28815925,-0.19848141,-0.66399044,0.50661045,1.04477,0.8525144,-1.2939802,1.0611321,-1.7730291,0.9919585,-0.35824662,-0.9990472,-1.6066562,-0.012284709,-0.44317502,-0.28907585,0.2715988,-0.7296724,0.42041823,0.42163986,-0.08105733,-0.55019575,0.57817054,0.4176406,-0.058030754,-0.18960369,0.34755722,-1.4802377,0.19572759,-0.5062485,-0.2856184,-1.1445302,1.0,0.0,0.0,0.0,1.0,1.0,0.0,2.0,2.0,15,48,0,13,3
S042,1.6508031,1.6548399,0.8555255,1.6331663,0.060094297,0.69063765,-1.4127902,0.7480159,0.069290236,-0.40212038,1.0027156,-0.60807014,-0.4338436,-1.9992692,-2.5375881,-1.3636954,0.30631912,1.4483353,1.132278,-0.37682772,2.2173128,0.59547955,0.6405385,1.5822515,1.6643702,-1.7558663,0.7186546,-0.11728326,-0.6296282,0.50963056,-0.97986823,-1.1531568,-0.37345222,1.2014501,2.9040017,-1.1554649,-0.049545866,0.389653,0.72240996,0.4169067,0.31455386,-0.7048818,-0.485679,1.6649033,1.1702062,-1.4514227,-1.3795707,1.9778965,-0.14650321,0.71417767,2.2214248,-0.53155625,0.911257,-0.57255524,0.30124035,0.77699393,0.031680677,-0.16930544,-0.51674986,-0.93777907,-1.2678317,-0.01617776,-0.20176563,-1.4049636,-0.03946373,1.4992641,-2.0357049,-0.62302977,-0.116315395,0.5802117,-1.4618678,-0.74663335,0.49939114,0.91376525,-0.55653286,-1.3390459,0.0077598765,0.324389,-1.696531,0.38865316,-1.8919566,0.35081157,0.07858033,-0.18695828,1.4320121,-1.2416131,-0.7094726,0.33746725,0.30576906,0.38655365,-1.2824981,0.0,0.0,1.0,0.0,0.0,0.0,0.0,2.0,2.0,26,77,0,39,0
S043,0.91475046,-1.082372,1.5520586,0.50836873,-1.5447431,-0.74975276,0.3511084,0.83875215,-0.7128995,0.60857785,-0.9228186,-0.09457201,-0.042538762,-0.0020520033,-0.793754,0.087868065,-1.0246023,0.06477893,1.3531332,0.020633712,-0.10088592,-0.8641993,1.6700057,1.3209057,-2.0504785,1.1625907,-2.3808048,0.21173829,-0.26227942,1.9712217,-1.9245754,1.1810755,1.1181377,1.1189302,1.1892842,-0.372324,-2.5817168,0.3321169,2.2634213,-1.7404956,0.13357876,1.0917299,-0.9484843,0.2220217,0.99405706,-0.02621317,-0.010662268,-0.8935627,-0.4175181,-1.3767699,1.5446607,-0.81883174,-0.58883274,-0.6135891,-1.2135581,0.42621112,-0.7864567,0.17599086,1.1059055,1.5768216,0.8392527,-0.32155,-0.3326904,0.41508204,-1.369534,-0.17026702,-0.4072165,-0.63897794,0.34776637,0.98063064,0.45406792,0.4511734,-1.6361228,-0.30910933,0.2659718,0.38547733,1.2199405,-1.015427,-1.1533644,-0.01157663,0.6055965,0.9239027,-0.120215625,-0.5326752,0.37994716,0.504084,0.02686117,-0.31213623,1.8250176,0.1166388,0.3657062,0.0,1.0,0.0,1.0,0.0,1.0,0.0,1.0,2.0,129,13,0,0,0
S044,-0.35103846,-1.7166451,-0.40911946,-0.08020598,0.38008243,-0.86648786,-0.51803744,-0.267509,-0.18328588,-0.3801105,0.71161777,-1.3840661,0.003969772,0.15431876,1.4292269,-0.6110471,0.48208526,0.46830288,-1.6285753,-0.009267539,-0.15908308,-0.5894608,0.5949587,-0.68781674,-0.45730105,-2.722102,1.3472916,0.6912003,-0.37996453,1.1686708,0.8403655,0.074504144,-0.22136234,0.368343,-0.7706053,-0.54259115,0.52304095,1.5812435,1.092351,1.0790052,-1.0900677,-0.6607608,0.053258967,-1.6999624,2.0065982,0.19104174,-1.5112431,0.23428994,-0.7825645,-0.25533205,0.21175879,0.30940118,-1.2621347,0.81566834,-0.28998452,-0.8818449,0.31750286,0.81172216,-0.6938437,0.81179,-0.2805205,0.21987174,1.0498302,0.252205,-0.21771932,1.0517348,0.7530991,-0.107351616,-0.2578968,-0.25038272,0.41686204,1.0381352,0.71339065,0.092787504,-0.50613517,0.44886503,0.6845671,-1.4980191,-1.2249318,-2.490107,1.2593609,2.0237095,1.3230791,0.4312242,-0.057356164,0.93854654,-0.16762671,1.2813481,0.5984781,-0.25450104,-0.78622705,1.0,0.0,0.0,1.0,0.0,0.0,1.0,2.0,1.0,24,0,23,0,14
S045,0.17680584,0.9486865,-0.6224677,-0.1344484,0.86453074,-1.4354583,-2.0412328,0.96370554,2.2609134,0.86223495,-0.59712493,1.707104,-1.2364742,1.2361755,1.3776076,1.2871894,-0.73070025,-0.55009854,1.0648246,1.1398315,1.1731834,-0.019811047,-0.114570536,-0.02562711,-0.072773084,-0.97578084,-0.9860837,0.32148343,1.070545,0.62906474,-0.3509023,-0.40521902,-2.1590397,-1.7664956,-0.7810252,-2.0533764,0.046723247,0.20470804,1.1472015,0.3817968,-0.80495584,-0.46229726,0.32907066,0.75296533,-0.79465073,0.43499637,-1.1239834,0.921991,0.68454874,-1.2743038,-0.9290313,0.6274404,-0.2436618,-0.15685023,-2.6370678,0.5957623,-1.4639562,0.78063947,-0.21701486,0.42276365,0.5670696,-1.8774445,0.45696917,-0.31437802,1.3108826,-0.2429092,-0.3640177,-1.3528256,-0.8036071,-1.4425108,-0.08857044,-0.56203204,0.5071319,1.3522857,-0.8057304,0.78829455,0.77958345,-0.9779686,1.2080989,-1.07188,-0.3365365,-0.2571151,-0.2171671,1.2848951,1.147386,-1.2225351,0.41280952,-0.48866987,-0.3856382,2.348736,-0.22502522,1.0,0.0,0.0,0.0,1.0,0.0,1.0,2.0,1.0,0,9,12,133,31
S046,0.8881098,0.3920128,-1.7749121,0.49775362,0.44520104,-0.29159573,-1.0158614,0.68334323,0.32017976,-1.1085283,-0.01522109,-0.46100926,0.064905494,-1.0615966,0.725746,-1.881156,1.2295452,-0.12746944,0.38128206,-1.3214687,-0.87268424,0.58877414,0.06426594,-0.12952107,-3.2215328,0.7835181,1.9553527,-0.23564984,0.4619779,0.3219104,-0.64201945,0.078202285,0.0922022,0.03443569,-0.73061895,-0.7651176,1.6229856,-0.64259815,1.6716346,1.1099949,-1.012264,1.8007395,-1.6031997,0.64644945,-0.91393435,-1.2092694,-0.5692189,2.965756,0.39047915,1.717588,0.73893356,0.60842973,1.0574273,0.35600713,0.5007352,1.3532152,-0.8660227,1.2928215,2.234328,-0.5061659,-0.48720315,0.19152375,-0.5487232,-0.14798816,1.1734189,-1.582164,2.8021915,0.893249,-1.1862273,-2.3566313,-0.89377975,0.14737807,1.0106746,-0.5114321,0.51708037,0.069919094,0.12854643,0.68629664,2.449955,0.6115338,-0.19358236,1.5539937,-0.5558901,-2.752852,-0.31740436,0.50197774,0.99222726,-0.27583,-0.24334992,0.6184549,1.8530345,0.0,0.0,1.0,0.0,0.0,0.0,0.0,2.0,2.0,0,16,5,25,53
S047,-0.5452854,-0.55792356,1.3962147,1.0228753,-0.35167965,0.28002352,0.31519786,-0.06858015,-0.4377556,-0.1967032,1.0244962,0.11180725,-1.8742762,-1.0309664,-0.06442738,-0.77409476,1.7384228,-2.5707886,-0.42367506,1.3470194,-2.354053,1.89897,0.32334003,-0.40774763,0.40438437,-0.8090162,-1.5106626,-0.762379,0.10018406,2.3521693,1.5675728,-0.6620791,1.6876682,-1.0686631,-1.1208719,-1.3984401,0.9253651,0.30889758,0.5366051,0.50614697,-0.105197914,0.97254425,-0.19626331,-0.24255176,0.6569579,0.36817056,0.29680982,-0.8927254,-0.7117126,-0.5030906,-0.30875024,-0.9755368,-0.9064235,-0.35511118,0.21013482,0.27078518,-1.9457629,0.15601717,-0.43476644,1.9379704,-0.09311656,1.0782442,-0.69809365,-0.8351133,0.67895544,-0.37553528,0.1944306,-0.7942606,0.8087748,1.1298816,-0.023774277,1.9003037,-0.32904777,0.9956854,0.60618895,1.8741918,1.2162857,0.016280828,-0.92131597,0.15453497,0.7991437,-0.12532593,-1.8901256,0.59287447,0.23660189,-1.0161777,0.31719604,-1.9315009,0.5699578,-1.1604967,0.07285308,1.0,0.0,0.0,0.0,0.0,0.0,1.0,1.0,1.0,103,1,12,5,19
S048,-0.45638752,-0.16343,-0.79909325,1.0165205,0.55068594,-0.6373216,-1.5197644,0.56417066,-0.51472056,0.36771023,0.43146986,-0.6721562,0.9456949,-0.07775713,0.59526,0.281902,-1.0111309,-2.0439904,-1.1198776,0.10864088,-1.3238871,1.5819207,-0.94496,-1.6300385,0.927632,-0.49688292,-0.4906216,3.132165,-0.36913586,-0.8733395,0.6319872,-1.601152,0.6460225,0.44661248,-0.8735682,-0.75175107,-1.2145817,-0.8987705,-1.0101684,-2.8842201,2.2774525,-0.8991372,-1.201917,0.09238222,-0.6528748,1.7086736,-0.015801147,-2.8421676,0.61060274,-0.7020847,-0.6250865,0.05642034,-1.242027,1.6788082,0.8350427,-0.33121064,0.32966045,1.9485648,-0.64871025,0.19580302,-0.7754618,2.241595,-0.13647325,-0.036259674,0.3149668,-2.6860223,-1.9243351,-0.6533818,0.18095317,-2.5334687,0.83700794,0.15049933,-1.1597894,-1.1295211,-1.722424,0.86865205,-0.4333142,-0.62711626,0.51633924,0.5714492,-0.047516927,0.48939437,-0.4681133,-0.2684229,0.8446461,-0.69564724,-2.239036,-0.3863771,1.5887274,-0.9120223,1.395372,0.0,1.0,0.0,0.0,1.0,1.0,0.0,2.0,1.0,1,6,85,14,41
S049,0.30076364,0.26938975,-0.73607314,-0.561331,0.32370076,-0.1352055,-1.7836338,1.6426564,0.25176027,0.90515125,0.255173,2.847705,1.3921565,-0.09480449,-0.012071071,-0.5073009,0.25202248,1.3075864,-0.60104805,-1.4316359,1.501599,0.08079898,-0.27891108,0.39343682,-0.20340544,1.7575189,0.06612187,2.0715141,0.74763364,0.7130522,-0.38808674,-0.0728774,-1.4695688,-0.18014129,2.2424543,-1.1597621,-1.6689118,0.55002433,-0.68845856,-0.46915674,1.5118675,-0.47186556,0.5721886,0.97601926,0.6376074,-1.4153309,-0.10414521,-2.0050802,0.7457165,-1.057639,0.1105727,-0.01792616,-0.119535334,-1.6206524,1.774003,0.28951,-0.3056784,1.7254822,2.5657961,-1.390713,1.3900003,-0.09174503,0.12888381,1.0292158,-0.28255156,0.11147945,0.38877252,0.347273,0.57616043,0.26308683,0.77839035,-0.4817289,0.16523428,0.88317364,-0.2596307,-2.236882,2.202586,-1.321718,-0.10880551,-1.2527466,-1.7538892,-2.681718,0.50050575,2.0407841,-0.4667963,0.43724418,0.16159272,-0.96585405,-1.0429412,-0.6175427,0.92068475,0.0,0.0,1.0,0.0,0.0,0.0,1.0,1.0,2.0,0,21,19,22,13
S050,-0.2855906,0.17091511,0.2456353,-1.6534119,0.15085588,0.69109195,-0.36802715,0.30619526,-1.5559074,0.030785529,1.0612603,0.3950675,0.17245917,0.7530103,1.7429849,0.0684901,0.6601775,-2.297042,-0.6317292,1.1035681,-0.13459429,1.6464902,-1.8983884,-1.0030731,1.1869516,-0.49772277,0.112424314,-1.2521273,-1.4231364,-1.1493297,-0.44164893,0.36094493,-0.7985812,-2.451067,-0.8013081,0.5627308,-1.115787,-0.9152916,0.5166441,0.48654312,-2.0379992,-0.8155266,0.2360885,1.6820294,-0.71832204,-0.15285507,1.9568121,2.6621978,0.08380644,0.47727937,0.3033619,0.4310735,-0.44146526,0.823752,0.5588515,1.2093073,0.63210154,-1.2009774,-0.5140068,-1.5573484,-0.18932396,-1.0652174,0.2948311,-0.9169023,0.84547544,-0.57204044,-0.2464936,-1.2152779,1.2087331,-0.75797844,-0.74739164,-0.6084145,0.4193081,0.011849199,-1.3389282,0.05224018,0.2697897,-0.50443506,-0.98336947,-1.5566173,-1.2684877,0.0120437415,-0.81084675,1.5990555,0.9221715,0.12714005,1.2047273,0.556737,0.94665015,-0.6716597,0.23306118,0.0,0.0,1.0,0.0,0.0,1.0,0.0,2.0,2.0,7,22,16,54,40
S051,-0.8902193,1.0074366,0.22055455,-0.82126623,-0.98477715,-0.9427658,-1.1386786,1.4029385,-1.4351654,1.0211285,1.4581277,-0.18964039,1.3520132,-0.023104457,-0.5777505,-0.05092444,0.23059438,1.9925395,-0.54732496,-1.5759647,1.342963,0.6757423,-0.057683293,-0.04407839,0.9575748,2.429282,1.526154,0.060557097,-0.824051,0.0756798,0.13938698,-1.8084562,-2.0863876,2.0853028,-0.228257,0.06289928,2.1924403,1.0569075,0.23585293,0.42216232,-0.5957858,-0.45394242,-0.75267607,-0.98608726,-0.036595095,-0.4623402,-0.036601257,-0.3492221,-0.9000598,0.6300066,-0.4306583,-0.14518838,-0.56032324,-0.15461414,0.35125402,2.3250976,-1.2281883,-0.36647767,-1.1436834,-0.49443266,1.977483,-0.1045666,-1.4656761,-0.26506293,0.013991789,-0.39796612,-1.7138133,0.43792528,-1.6948037,0.43811983,0.37829554,0.5879795,1.8721203,2.7214718,1.107316,-1.2163761,1.8403264,1.3931055,1.0123725,1.2665286,0.9547855,1.3451555,-1.2788284,-0.14398381,-0.15433766,-0.47779483,0.5992244,-0.870057,0.63880557,-1.0720062,-0.30411407,1.0,0.0,0.0,0.0,1.0,0.0,1.0,1.0,2.0,0,0,4,139,1
S052,0.1318317,0.24454823,-0.16338924,1.2822222,0.13940911,1.4035937,-1.2188056,2.0359433,0.14911006,1.1819392,0.7453985,1.0201321,-0.17058198,-0.59377986,-0.7001614,0.67898196,-0.84551835,-0.8247685,-0.7082909,-0.68650615,-1.829685,0.7297531,0.14631641,0.08647481,-1.3433611,1.7781574,-0.5085842,1.1850761,-0.87643826,-1.6900522,0.7752141,0.05263276,-0.5949397,-2.2430732,0.5038645,-2.170078,0.8298343,-1.5434246,-0.9116471,-1.1398042,1.2236927,-0.53573716,0.4769721,1.6166483,0.15234771,2.4059222,0.39238694,1.7117823,1.220459,-1.1826541,-0.9433157,1.1983865,-0.90387774,0.6920804,-0.99469596,0.9929773,-0.5792069,-0.7197042,0.5461683,-1.7165531,-1.0079198,0.6437425,-0.68746597,0.0037749996,-1.5593892,-0.8200159,-0.4814621,0.29245356,-0.1578809,0.59453034,-1.1681694,0.71398485,-0.60259527,-1.0690923,-0.12805288,-0.40900525,-0.07032623,1.7317444,0.7756624,0.51649904,-0.08170859,-1.0250108,-1.4323843,-1.1241411,0.0007654676,-0.9014133,-0.773898,0.85400903,1.017701,-0.102777235,-0.6190024,0.0,1.0,0.0,1.0,0.0,0.0,0.0,1.0,1.0,17,16,13,54,8
S053,0.8435318,-0.40529665,-0.3094354,-0.6460828,-0.8371571,-0.07594074,0.027424753,1.807537,0.09905438,-1.1741132,0.6898399,-0.023067325,-0.08819458,1.9596422,0.4323415,-0.5424304,1.2745774,0.9772013,-0.17269404,-0.2709754,0.41281614,0.16562106,1.033778,0.27844998,0.8953272,-0.20922804,-0.6773859,0.6375527,-0.771038,1.3660275,-1.4836805,-0.16098623,-1.1053495,0.46144658,1.8702042,0.7729905,1.62525,0.9527443,0.48706374,-0.16217609,0.7982461,-1.2327006,-0.7465416,1.295657,-0.013155475,-1.6920583,-0.5240598,-1.862697,0.55899376,-0.6483156,0.34152657,-0.10934495,-0.22938122,0.57779276,0.12908088,-0.9605809,-1.1179507,0.40457255,0.7782944,0.31955352,0.4370336,-0.06562424,-0.66915673,0.5305018,1.3106537,0.92848,0.9591921,1.124335,-0.48054358,0.018468235,0.12834193,0.1550446,-1.2566772,0.34369987,1.009408,-1.3285658,-1.9733748,-0.82473534,0.18322475,-0.53441626,-0.1858645,0.15695624,-0.2841993,-0.5370004,0.12899965,0.9884567,1.2552953,-1.4644393,-0.5893482,-1.6714855,0.93980944,0.0,0.0,1.0,0.0,0.0,0.0,0.0,2.0,1.0,15,46,0,4,12
S054,-0.31789798,-0.16079263,2.188017,1.161347,1.1296744,-0.6125726,-0.9372442,0.57421124,1.0249236,-0.12721895,-1.3589288,0.07454807,-2.0636246,1.6608825,0.8106119,-0.045418646,0.57465434,-0.69257754,-1.1328434,-1.8070949,0.5233395,0.027697217,0.48229045,0.5943229,0.78711635,-0.35542178,-0.61589783,-0.4862204,-0.85140646,1.5859412,-0.40417406,0.9607828,0.071764514,0.28912026,1.3482335,-0.016014636,0.8399541,0.15198477,0.26109186,0.50615615,0.38414872,-0.42184007,0.076956086,0.14590557,-1.4123548,-0.7705057,0.8059263,0.4949896,-0.70315456,0.9531536,-1.0747188,0.4345596,-1.43159,0.89594436,-0.5390784,0.0658969,0.015344826,-0.47000974,-1.0775031,-0.4578443,-0.5029444,-1.441655,0.20829998,-0.3424895,-1.8235102,-0.7870456,-1.2797093,-0.8156825,-1.0880159,0.95680434,1.4406887,-0.17896184,-0.1583115,-0.04386902,0.2291331,-0.97148156,-0.14441146,-0.7955408,0.27266073,0.16154197,-1.6271065,0.3762246,-0.90288407,-1.0986145,-2.1013658,-1.0035838,0.1887745,-0.4648975,0.008194606,0.43091312,0.78630203,0.0,1.0,0.0,1.0,0.0,1.0,0.0,1.0,2.0,71,19,0,13,2
S055,-0.8161016,-1.8410692,0.7193811,0.32822728,-1.1174964,1.2027638,-3.0170987,-0.9056311,-1.825294,-0.49515828,1.9353583,0.8345775,1.3220764,2.3519087,-0.4243829,0.061982214,0.51331264,1.1054581,-0.4718092,1.1207478,0.9869527,-0.34092927,-1.8199348,0.99169207,1.0971955,0.61843747,-0.28360376,-0.20012268,-1.5919322,-0.41712734,1.6144114,-0.60776865,-0.9906856,2.4430358,-0.08136974,1.1714534,0.33853525,-0.6485416,-0.35087335,-0.6256645,-1.6842164,-1.2407703,0.029989177,0.5664801,-0.837164,0.7465607,-0.4176709,-1.6907305,-1.4834037,1.1832048,-0.5919539,-0.3209382,-2.3264258,-0.55419105,0.16297352,0.66561234,1.6603221,-0.4451308,0.2854219,-1.4015424,0.7337822,0.44933492,1.6811054,-1.4596807,1.3071078,0.68700665,2.262605,0.1357216,-0.54492146,-0.76915413,1.9854368,-0.561347,-1.8453772,0.58659816,-1.017252,0.98299384,-0.5927909,0.27467567,0.84625465,-0.48938122,0.26266274,0.79428834,0.05795656,0.93124455,0.22878666,-1.1424763,0.20036383,0.21558686,-0.6087948,-0.055093393,0.6084277,0.0,1.0,0.0,1.0,0.0,1.0,0.0,1.0,2.0,73,10,31,0,4
S056,2.4061425,0.30906272,1.3981905,-2.533838,-0.3176129,0.093948446,1.186723,-0.521366,-1.399255,-0.258136,-0.80882555,0.8580875,-0.6363165,0.85305274,-0.35450017,0.32419977,-0.76287806,0.4794366,-0.23438214,0.7398106,1.2477831,0.79516405,1.2889774,0.7557651,0.78115183,0.681297,-0.75722706,-0.07846054,2.9719,0.762157,1.7953383,-0.38046172,-1.4565868,0.14998525,0.12491234,-1.9083242,0.13001642,0.6383573,-0.10436533,-0.091138475,-0.66594714,-1.7574567,-0.22797482,-1.1947716,1.5709163,-1.1689644,0.056705832,0.6430625,-2.1201162,-1.2170553,-1.4094617,-0.7622174,0.11201992,0.1137526,-0.6344357,-0.7239702,-0.47341055,0.020589774,1.5782057,-2.1081839,-2.5113025,-0.1874462,-1.4140527,1.8253361,-1.8521291,-0.4018279,-0.9288775,-0.40798035,2.6257007,-0.29082093,-0.5346844,-2.2802968,-0.22341996,-0.60354495,-1.1768658,-2.223752,-2.148891,-1.7094984,-1.1832057,-0.4216246,-0.6889369,0.42584276,-0.7172987,-0.94277686,0.37565675,0.43720618,-1.0238278,-2.2284477,-0.20055005,-2.3045003,-0.474092,0.0,0.0,1.0,0.0,0.0,0.0,0.0,2.0,1.0,25,51,0,0,0
S057,-0.7131376,0.6085384,-1.6945493,-0.5071133,0.07128982,-0.6263494,-1.530633,0.4751381,-0.08504697,2.0162828,-0.88125294,1.2547555,1.195,0.3771201,-0.64279974,1.1728013,0.73677284,-0.7347128,0.285702,-0.98557526,-0.76131064,1.3247567,0.04421601,-1.7315303,-0.12839627,1.7021321,0.41466716,-0.17478918,1.2324646,0.63175505,-0.44923586,1.7881635,0.93845737,-0.06801775,-0.6741699,0.90658253,1.1387513,-0.69658685,-0.20384325,1.1849128,-0.6324491,1.1911516,1.8809102,0.90571135,1.603712,-0.33456665,-0.5484086,-1.2221806,-0.47740066,-0.18037498,-0.76944757,0.6415883,0.34918106,-1.6319897,-0.47277617,0.81040394,0.34556997,-0.934714,0.43237928,0.44673252,0.24585411,2.2201285,0.7027019,-0.7050278,-0.34978175,-2.2339451,-0.18788818,-1.0986682,1.1192847,-0.3872358,0.20618635,0.672349,0.9895404,1.0224535,0.72621197,0.32517698,-0.09928546,1.6107119,1.2339394,0.3733518,-0.24170959,0.13238138,-0.56130385,0.19359554,1.5528376,1.199516,0.8212954,0.61561996,2.6897054,0.3382944,0.43325463,1.0,0.0,0.0,0.0,1.0,0.0,0.0,1.0,2.0,0,0,62,75,26
S058,0.4080653,-0.14543161,-0.6655412,-1.6705129,0.8812591,-0.39114112,0.37090337,0.18940096,-0.5782622,-0.520081,-0.20700617,0.44198978,0.63676167,0.12467956,-1.2708882,1.5877818,-0.88716996,-0.044385992,-0.7693278,-1.1024417,0.17498206,-0.359743,-0.13735753,0.80273014,-0.9552006,-0.21636602,-0.7163024,-1.3910707,0.038821265,1.1912248,-0.60188866,0.5740347,0.6474013,0.8888398,0.5504815,1.3720276,1.6488298,0.08699017,0.33129546,0.0688284,-0.630561,1.5940595,-0.5701682,0.694318,-0.31274745,-0.27556044,-0.99804795,-0.49751282,0.09713878,0.035830196,-1.6352261,-0.4149242,-2.2342918,0.22572191,0.1079541,0.7739405,0.12328844,-0.95937437,-0.18476248,-0.5959599,0.41348103,-0.46714893,-1.126451,2.3234231,-0.207345,-1.3595325,0.19739343,0.123182505,1.7338156,2.1409743,1.3764584,-0.22093831,1.3899356,-0.12587865,-0.9761064,-0.01213401,-1.0357598,0.6105159,0.99747366,2.4991522,-1.2686843,-0.85591656,0.46651945,-0.7203907,1.2038578,2.1352024,-1.3747171,1.1849036,-0.26374185,1.500089,0.10931567,1.0,0.0,0.0,1.0,0.0,0.0,1.0,1.0,1.0,12,21,6,0,26
S059,-0.6377057,0.25562575,0.0997991,-0.04162261,0.036859464,-1.0459588,-0.50548923,1.7198713,-0.16156758,-0.4347675,0.06056574,-0.5639984,-0.6345112,2.413117,0.28623688,0.03562157,-1.1740359,-0.56569237,1.0364082,1.3441626,0.6586901,-0.2004274,0.39504778,-2.161953,2.0568018,1.3024836,1.4346881,0.44363788,0.6432188,0.50872505,-0.21800004,0.43740278,0.2213016,0.71357965,0.7528161,0.356288,-1.4145079,-0.5219692,1.8224065,-0.6575159,-0.85667324,0.98680896,-0.3603063,0.6107225,-1.3748556,-0.41182205,0.51209676,0.47164953,1.268967,-0.6269384,1.3658456,0.30441526,1.5584165,-0.30269456,0.534735,1.3798546,-0.114958555,-0.15965381,-1.5560555,-1.4450543,0.1140632,-0.7241476,1.3325975,0.76052076,-1.1850954,-1.0512372,0.96085805,-0.3655319,0.30096823,-0.8450773,1.2048665,1.5324026,-1.2963047,0.9127996,-0.026322847,1.58982,1.1410012,-1.1263616,0.5225278,-0.48063716,0.41796717,1.06489,-0.5361412,-0.078977525,0.7531147,1.0218388,-0.5301036,1.176214,2.037451,0.010432317,-1.339418,0.0,0.0,1.0,0.0,1.0,1.0,0.0,2.0,1.0,11,17,43,63,15
S060,1.1655875,-0.98643476,1.3116062,1.4117887,1.4422328,2.2181106,-0.2697263,-0.13265906,-0.9180903,0.71403176,0.17185733,1.0890329,1.2462065,0.026077127,1.127346,-1.5192052,0.11720859,1.5048546,-1.0345412,1.6690401,1.0728712,1.582821,0.23893948,-0.7857438,0.49848816,0.5752128,-1.5257844,0.3181509,1.2314253,-1.382605,-2.067052,-0.71405476,1.3088232,1.7141616,-0.84696394,-0.42121297,0.46371827,0.67899317,-1.6174562,-0.34857976,0.08997456,0.14473072,0.028218925,0.8649306,-0.6337051,0.01551702,0.42964485,-1.1739165,0.15054199,-0.7147587,0.38806206,-0.027413636,1.3221126,0.08416148,0.10382226,-1.5533456,-0.42715588,0.8736003,0.6485169,1.8018422,-0.037060034,2.0540075,0.19671907,0.14949533,0.289163,-0.89499635,1.6831294,0.12520531,-2.0901916,1.1030792,-0.14942153,0.8300064,-0.042419083,1.2373513,-1.0964419,-0.26414979,-0.73304665,0.68770176,1.1746947,0.64942616,-2.1428297,0.56236845,1.4103725,-0.084843695,-1.0368334,0.6794015,0.25718924,0.639589,0.05135751,0.04053571,-0.7207378,0.0,1.0,0.0,0.0,1.0,0.0,0.0,2.0,2.0,49,52,0,0,0
S061,-0.48751643,1.1564937,1.2129457,-1.1380152,-0.39391476,-0.096217275,0.0064636967,0.043061685,-0.5408249,-0.7659391,0.41623476,-1.1623077,0.10772774,-1.0872648,-2.8633497,-1.6282486,-1.9122571,-0.06208767,-0.72510415,-0.3732668,-0.31357947,0.35351077,-1.5720439,0.7320487,1.4870317,-0.21854202,-0.41981196,0.046113275,0.23233531,-1.5109347,0.12077284,-1.7618876,0.88883483,0.053119417,0.92983645,-0.5392914,-0.4542191,-0.3661033,0.8126216,0.946575,-1.7114983,0.068835646,0.6278445,-0.75794345,0.13013144,0.61780256,0.3009913,-0.5414789,-0.9604072,-0.34819362,-0.39578077,-0.33727956,0.8866316,0.12946488,-0.9416598,-0.79683024,-1.6591454,-0.4401229,-0.06381891,-0.30783507,0.6230812,-0.58987916,-1.0823501,-1.6211234,-1.5617626,1.6602926,-1.730795,0.14416248,-0.5900545,0.240956,0.21766922,1.1297495,1.4173808,-0.9858096,-1.6353818,-0.22601761,-0.96340287,-0.10579252,1.0126315,0.18764819,0.11714207,1.1362735,-0.11603219,1.058569,-1.0707724,-0.42862192,0.5964843,1.2144846,-1.2764031,-0.8608756,0.78025186,0.0,1.0,0.0,0.0,0.0,0.0,0.0,2.0,1.0,25,0,9,121,14
S062,-0.30005962,-0.37921977,-0.3103166,0.8449593,-2.1961942,0.5421318,-1.481978,1.0338417,0.52595484,-1.5434613,0.25666502,-2.124066,0.86074847,0.589494,-1.7115035,-0.34460753,-1.3720051,0.122379325,0.06926686,-0.75325596,1.9627316,0.7287791,1.0252002,-0.13560729,1.1737201,-0.033749133,-0.8504934,-0.6313448,1.0808338,-0.8372396,-0.17740358,-2.2569423,-0.39590052,-0.08302182,-0.45719838,1.0082697,0.27854297,-0.8946052,1.3073527,0.1152172,-0.012247595,1.0548977,-0.073014796,-0.4413884,-1.3190761,0.674942,0.742488,-2.1769643,-0.9413879,1.495401,0.83502346,-1.1664277,0.23323263,1.7273871,0.40912202,-0.23476782,-1.3632121,0.6522989,-0.7387414,1.96635,0.19895813,0.51290673,0.6405272,-0.58514285,0.33289903,0.69890684,1.3164436,-1.5407562,0.25253066,0.14823475,1.3130702,0.4402195,1.9197718,-0.6216306,0.04204394,0.06317239,1.214505,1.3266757,-0.7371001,-0.6712592,-1.1490629,1.4819967,-0.22502974,0.5025789,-1.0635966,0.44775778,-0.23748362,-0.19581151,-2.1897566,-0.11938976,2.0183673,0.0,0.0,1.0,0.0,0.0,0.0,0.0,1.0,2.0,9,10,52,6,10
S063,0.30003327,0.7109967,-0.33753172,1.7668592,-0.56797886,-1.3318565,-1.085095,-0.5866534,0.873187,0.006648342,-1.8288834,0.8822682,0.41246378,1.2165118,-0.6450737,0.06656583,-1.4889333,-0.28686616,-0.5872508,1.566218,-0.73019123,-1.0188853,0.31871572,0.71416295,2.0572672,-0.74643826,0.2009301,-1.460351,0.88885176,0.39385277,0.61039525,-1.3634834,-0.34860033,-0.7198353,0.78605425,0.58105415,-0.44756237,0.8379265,2.4260314,-0.38002926,-1.1494238,-0.775249,-1.1840887,0.9452501,-0.5056552,-1.36698,0.98750556,0.12269393,0.22519796,2.20605,0.89324874,-0.9408817,0.72499675,1.5151772,0.26976478,-0.5380965,0.2656843,-0.18843946,-0.17865245,0.3746789,0.18063127,0.053661916,-0.5899376,-0.46089983,0.95234257,-1.6675214,-0.1394524,-0.9100022,0.2597119,-0.7776762,-1.2687258,-1.4094999,-0.19825256,-0.2590852,2.090354,-1.3209286,-0.64597183,-0.75795555,-0.37722254,-2.3013096,-0.90168303,1.5141963,-0.23214972,-0.040583704,1.4713714,0.65296584,-0.2770597,1.4174539,1.227526,0.48843154,-1.5185663,1.0,0.0,0.0,0.0,1.0,1.0,0.0,2.0,2.0,5,14,10,62,3
S064,-0.5767656,0.41768974,-0.2466598,-1.2248871,-1.563855,-0.3041398,-0.2623933,0.89832366,1.0313735,-2.3440769,-1.6321617,-0.03338296,0.015031274,-2.3095822,-1.3074226,0.28741783,-1.0311872,0.80535716,1.0661814,-0.31740603,-1.6514462,-0.13945559,-1.1687907,0.55188155,-0.27988803,0.6137302,0.52475137,-0.21443193,-0.37398475,0.5035377,0.20687209,0.8090319,0.86173713,1.5110614,1.3398874,0.33770195,0.6813563,-0.28322706,0.70502996,0.23283914,-0.21493715,2.1874769,0.3180458,-0.60000515,-1.3426061,-0.9560119,-0.4904817,-0.15433396,0.26495954,-0.16821149,0.8359981,-0.51846087,-0.12646617,1.4195592,-0.71421444,-0.82931215,-1.5800151,-2.565288,1.1600372,-1.5214944,0.032024913,-0.9530257,1.4366703,-0.8924941,0.9085479,0.7559071,0.29163498,-0.9006464,-1.5915053,-0.121500164,0.4839942,-0.4759577,0.2317757,-3.077042,-0.007842421,0.45033133,-0.2567567,1.5936226,-0.44612056,-1.3807443,-0.2543615,0.6224929,-0.27881294,0.83614165,0.7822563,-0.7299075,-2.089162,0.8863641,0.84760636,0.7725728,-1.1976092,0.0,1.0,0.0,0.0,0.0,1.0,0.0,1.0,1.0,1,2,34,46,7
S065,-1.7432405,0.6766244,0.95314425,-0.081927456,-0.26485115,0.9617982,1.0156697,-1.6041892,-0.51802915,-0.12545465,-1.609485,0.40540156,-1.5385288,-0.039369166,-2.1690347,-0.25305858,-0.53755236,0.17415205,0.73769647,1.4921325,0.062383063,-1.1256716,0.33074275,-1.2155606,-0.22048102,-0.022170927,1.0559146,-0.66253674,1.3440155,0.11078098,-0.36066175,-0.12475086,0.07511289,-1.8813841,-0.689068,-0.43576697,-2.3354561,-1.3525813,0.56369936,1.0602951,0.89727294,-1.0717136,1.2489978,0.7729905,-0.32489845,-0.14429599,-0.65568554,-0.8815243,0.06992516,0.024045821,0.048056103,0.35815573,0.21361667,0.15115425,1.4445747,-0.43450895,1.900378,0.2488433,1.0886834,1.3743628,-0.95249534,0.024424175,0.209955,1.5097113,-1.4685303,2.6510885,1.2505151,0.7356934,-0.097029835,1.8760343,-1.0399673,-0.18865408,0.61085755,1.8604591,0.7286035,2.085414,0.74527067,0.2266272,-0.8294665,1.6405802,0.05521911,-0.09230585,0.17290266,-1.6498752,-0.039971773,0.4306238,-1.2855593,-0.5032627,-0.7504754,-0.27214682,1.174032,0.0,0.0,1.0,0.0,0.0,0.0,1.0,1.0,2.0,0,0,30,51,1
S066,-0.029784353,1.3849479,-1.1418971,0.29394394,0.5177997,0.5803243,-0.28386956,0.37705594,0.35242668,-1.1945348,0.6511736,1.332471,-1.2423989,0.92835987,-0.54473704,0.6436604,1.1714201,1.3448398,1.40292,1.4023026,0.7167242,-0.8708586,-0.19064833,0.17245024,-0.49169394,0.40393838,0.3176539,-1.0297863,0.364866,-1.1868535,-1.409568,0.9610967,0.9937084,0.04395017,-0.4078817,0.0952279,0.15383574,-0.23642944,-0.636147,1.0875312,1.5286624,-0.515405,-0.0730667,-0.6718957,1.6562179,-0.3586693,-0.013466988,-0.15922114,-1.8133762,-0.6348496,0.12116214,0.34418675,-0.118269056,-1.170046,-0.27417803,-0.6297461,-0.26970613,-1.5460657,-1.3916545,-0.6720053,-2.2761736,-0.945115,-0.34278965,-0.5511158,0.7458183,0.67651623,-2.1610646,-1.3897665,-1.5718749,0.11842268,1.0238878,0.92033094,-0.016147353,-0.4710015,-0.12856063,-0.92053384,-0.08326775,0.71601695,0.7891176,-1.1494532,-0.7838606,-2.3603644,0.44370112,0.0009962112,0.07457808,1.4694775,0.61973095,1.0640655,0.007983694,-0.3283478,0.26312318,1.0,0.0,0.0,1.0,0.0,0.0,1.0,2.0,2.0,0,5,17,157,3
S067,-1.1249603,1.3903493,0.105555974,1.2284274,-0.5202232,0.6384052,-1.3468976,0.18203253,-0.490818,0.67990327,1.1468083,0.22956124,-0.2552209,-1.3389072,-0.4057877,0.160843,1.0720273,0.38604292,-0.014360582,-0.95765346,0.034961175,0.89616585,0.39110228,-0.7203737,0.051792357,0.7851016,0.15884744,0.29898855,0.3633603,-1.2127237,0.31938684,-1.1454831,-0.013931419,2.8873541,0.94289774,-1.1938597,-0.1453704,-0.9194788,-0.31806183,0.96935236,0.81606066,-0.8721163,-0.23347755,0.7729306,0.5027631,0.07951707,-0.72322726,0.45922822,0.83021337,1.6730977,-0.15109979,0.0064729657,-0.4011002,0.20009905,-0.5677667,0.32051325,-0.58209276,1.6742843,0.3656308,0.38112596,0.42271423,0.2885,-0.74282277,0.20503742,0.95991814,2.2327862,-0.1639732,-1.4951441,-0.54865885,-1.5383697,-0.3928948,-1.760759,0.5156436,1.7651035,-1.4821312,2.2837796,-0.14704843,0.482782,0.34199414,-1.7282363,-1.4505962,-0.007960126,0.258722,0.29491326,0.36406758,-1.1181177,-0.17800508,0.74291,-1.0837332,1.2432805,-0.31484196,0.0,0.0,1.0,0.0,1.0,1.0,0.0,2.0,2.0,0,0,1,165,0
S068,0.39076185,-0.41500124,0.2995927,1.1065582,-1.2197286,1.0190314,0.57206297,0.7052752,1.845242,-0.50487846,-0.19206779,-0.44382384,0.68746597,0.469579,0.30132815,-1.799222,0.035285443,0.8639025,-1.366358,-1.517983,-0.40117317,1.6699451,-0.19282104,0.8785299,-0.52843004,-0.6273723,0.20321485,-1.1333454,-0.054640476,0.38772747,-1.4124781,-2.297962,1.925397,-1.4490913,-0.7634564,-1.0576984,0.54914826,-1.4460694,-0.87630713,0.5613201,0.84544224,-0.56659824,0.23701505,-0.4044444,-1.1451924,0.5931694,1.9962283,-1.1179255,1.4412334,0.31828365,-0.037716933,-0.04563337,0.9666963,-1.4512149,-0.84222347,-0.6614061,0.13957374,0.1924432,0.72579235,0.35493055,0.14739466,-0.34898934,-0.8151993,1.2747123,0.50775784,1.2231842,-0.43830627,0.37922233,1.2620807,0.4709362,1.309668,-0.84563756,0.5827586,1.2102437,-0.4481957,-0.89575344,-0.7076339,0.92692155,0.31050476,-0.95616084,-1.5521826,1.8421408,-1.3550118,0.074546956,-0.36529988,0.32856563,-1.3457984,0.1529199,0.14952222,0.28203148,0.37144476,1.0,0.0,0.0,0.0,1.0,0.0,0.0,2.0,1.0,93,58,5,1,6
S069,-0.33566368,-0.73556024,0.96001524,1.5151106,0.97632843,0.3772585,-0.5182237,-0.32800758,-0.893749,-0.36561546,-0.3999676,0.9477647,1.2496903,0.77397585,-0.33840737,0.6306978,-0.047811758,0.24214937,-1.1528432,-0.06098924,-1.1203116,-0.27569586,-0.13054787,0.5138638,0.4834479,0.6860153,-0.23748721,-0.21379964,-0.04871301,-0.14109273,0.2685575,0.59727544,0.8670216,-0.96011275,-0.6330694,-1.4588205,1.561254,0.046385113,-0.26302913,-1.1469684,-0.61634517,0.23623392,0.5179756,-1.2653397,0.8330987,1.4265243,2.1232762,-1.0369693,0.35814744,-0.97464836,0.45534936,-0.25560486,-0.52133185,0.10129067,0.041399613,-0.43854827,-0.74563473,-1.193985,2.7700427,-0.70927966,-0.4105454,-0.8062657,1.726285,0.5595328,1.9650567,-1.6363775,-0.7625067,-2.580003,1.079297,-0.33032274,-1.4537325,0.12516947,1.2123243,-0.37724608,-2.2614112,1.92258,-0.18316488,-0.04991615,-0.17464073,0.7121821,1.1410143,-0.9893546,-0.94083303,1.4278126,-0.83709747,0.060909487,-2.2675407,0.9205541,0.77788615,1.2341597,-0.300256,0.0,1.0,0.0,1.0,0.0,1.0,0.0,1.0,2.0,147,8,4,8,32
S070,1.2257683,-0.6541136,1.1352929,-1.6050742,1.955812,1.0714288,1.0485889,0.3520714,-0.8041874,0.20498262,-0.24462,2.8070087,-0.44993463,-0.24664898,-0.05832343,-0.5176405,0.018981604,0.82334954,1.5523368,-1.3357426,-0.105998166,-0.19592239,-1.0789658,0.96239233,-0.3773436,-0.7338476,-0.0019623798,0.1381507,-0.48571336,0.0070539876,-1.5609866,0.2717118,0.22742073,-0.83075714,-1.2455993,-0.16180557,2.561851,-0.2715944,-1.617418,-2.1766815,-0.040524114,0.72019875,0.3124116,0.43123296,-0.9434986,-0.5730511,-0.47658178,-1.7429475,0.17894945,-0.067637876,-1.0565236,1.3124864,-0.6831717,-0.41194335,1.8156263,2.1184318,-0.6040655,1.6938134,1.6476265,0.31909436,1.0779556,0.47265086,0.21932879,0.0044739344,0.4398624,0.93936306,-1.5357767,0.058582436,-1.1689613,0.5689808,0.11277555,-0.2775255,-2.0939014,0.49134076,0.29690418,-0.437988,0.478312,1.3781514,0.38500902,1.0659921,-0.39507404,-1.1471721,1.4649904,-0.7192622,0.19175851,2.08976,-0.05118182,0.5383292,1.086499,1.6046574,1.0415082,0.0,0.0,1.0,0.0,1.0,1.0,0.0,2.0,1.0,105,41,0,0,0
S071,-0.20828702,0.070587926,1.0669976,-2.1177292,0.21499188,0.48661375,0.58678085,1.1434578,-0.8662331,0.8658827,-0.67374444,-0.091076806,-1.3060257,1.4892389,0.3392686,-0.41485777,1.1475563,-0.93727416,0.5873636,1.3132913,-0.05740539,-0.53956205,-0.9224164,-1.1984904,3.0158088,-0.975192,-0.8773099,0.08799495,1.1100984,0.15762764,0.47223917,1.0676396,-0.123305604,0.8852753,0.3158151,0.47303024,-1.1982619,0.677468,-0.98064107,-0.29455766,-0.8634439,0.57128733,0.7356447,1.2186594,-0.497649,1.0721792,0.5815745,0.8407067,0.52600867,0.18748352,1.7276449,1.754528,0.5771673,0.301375,0.36342752,-0.2694612,-2.0689275,-1.1715873,0.054525997,1.1176054,-0.24644646,1.287033,1.0038097,1.0318731,-0.82756084,-0.24079125,0.22749591,0.13599752,-0.40968758,-0.20559755,-2.159137,-1.8106745,-1.1574588,1.7359735,-0.22664581,1.2241404,-0.62696034,0.751708,1.1015543,0.979625,-0.09896018,-2.3655295,0.4069787,0.004197413,-1.5451983,-1.4962182,-0.11221183,1.2086985,0.9932184,0.06943859,-0.3552169,1.0,0.0,0.0,0.0,1.0,1.0,0.0,1.0,2.0,99,16,37,6,1
S072,-0.83965576,0.76650035,-1.3640206,-0.6688315,0.46358842,-0.6226061,0.7260215,-0.6806222,-1.6250845,-0.51993746,-0.029257515,0.022363247,-0.30698532,0.5731095,-1.5436156,0.19217774,-1.1316818,-0.9354455,-1.0955011,-0.7959233,0.41734627,-0.22746176,0.8878665,-1.2756561,0.1370719,-2.4639037,-0.65125585,0.027726207,1.7122499,1.1051161,-1.0332682,-2.674017,-0.68254954,-0.89112175,-0.67122024,-0.8569516,-0.15884385,-0.56387585,1.0068502,0.010888536,-1.8232975,-0.8008735,-0.87527966,1.9366931,0.11259086,-0.15983112,2.0282416,-0.313989,-0.058173027,-0.06317089,-0.7885147,0.4247821,-1.2285489,0.16102725,0.09512226,1.1271722,-1.9807467,0.052001745,0.30407104,0.942232,1.3716124,-0.015112742,-0.47661904,0.5051347,1.4520319,-1.3701622,0.85298103,0.84551185,0.37695044,-0.2505027,0.55554414,0.07895932,-1.0961174,0.9035391,1.4932874,0.29548243,-0.85936654,0.7215179,0.29254356,-0.48642278,-0.38251027,0.7837708,-1.0047792,-1.8221879,0.281293,-0.06663134,-0.62158257,-0.17591907,-0.5658696,-1.1073035,-0.48540276,1.0,0.0,0.0,0.0,0.0,0.0,1.0,1.0,1.0,0,0,39,24,6
S073,-1.2918943,0.3021799,0.50558454,-0.7125686,-0.043118488,-0.29623607,-1.3564093,0.039257966,0.3547211,-0.9087243,-0.45352995,0.81790763,0.6834201,-0.24805623,0.53660107,-0.11289107,1.3109264,0.6912636,0.6719147,0.5732487,-0.50205994,1.0644418,-0.3066247,1.5328265,0.2788752,-0.76211363,-0.431991,1.9268292,-0.78650475,1.612454,-1.1627712,1.0704086,1.4232596,1.0076349,0.93859154,1.0651793,0.9032215,-0.32129484,0.0405854,0.64774257,-1.3392438,0.37915757,-0.22767372,1.0113707,-1.0347035,0.4982732,-0.61694986,-0.66852206,0.722667,2.2474723,-0.06202528,-0.42355955,0.6286315,-0.5542627,-1.5833508,-0.46256986,-1.4255736,0.65825325,-0.33197287,0.9237234,-1.4969975,-1.0839303,0.02887418,0.2600756,-0.5191481,-0.57025343,-0.20336698,1.3005611,1.8111916,0.0066785053,1.1312599,2.5388837,-1.1939895,3.0007267,2.4517994,0.28104216,0.21342613,-0.008535919,-0.6141908,-0.86681354,-0.05485649,-0.59554,0.95474553,-0.4807669,0.94781053,0.13601075,-0.14702494,0.53783077,0.69078994,-0.4424832,0.08846646,0.0,1.0,0.0,1.0,0.0,0.0,0.0,1.0,1.0,2,0,46,62,30
S074,0.23897618,-0.19133773,-0.37340918,-0.2675743,-0.30326748,0.026048174,1.2466052,-0.13267434,-0.9187996,-2.079426,0.33218327,0.905619,2.1303444,1.8800478,-0.9815876,1.1696275,-0.41019621,-0.27047572,0.39886612,-1.0174371,-1.1283402,0.06390888,-0.07450443,-0.9106576,-1.9019033,-1.3584025,1.2636272,-0.39546832,-0.7719809,0.6164953,-0.052136336,-0.4601959,-0.081607714,-0.21161464,0.22751991,0.94133806,-0.11858186,-0.43833733,-0.17372832,-1.272579,0.040891424,0.35771352,1.113454,-0.41458443,-0.53895617,0.17629442,1.2001089,-1.103207,0.23465694,-0.62990147,-0.20659888,1.2161196,1.563742,1.1402525,2.9111996,0.20011026,0.67343926,-1.073457,0.62591684,0.16314696,1.0921811,2.9976978,-0.4425075,-0.37497246,1.2564784,-0.15152027,-0.47802225,-1.5200351,-2.418748,-0.4267002,-1.7955844,-1.3547006,-0.21393187,1.3730136,2.2458043,1.8695936,0.1166589,-0.11117994,2.4657063,0.07063203,-1.1668986,1.2614074,-0.68849653,-0.8060136,-2.2724867,-0.116071045,0.5484019,0.008321743,-2.139807,-0.94868094,-1.0956517,0.0,0.0,1.0,0.0,0.0,1.0,0.0,2.0,1.0,30,34,22,12,19
S075,0.9336351,1.5973903,-0.5437913,1.5488195,0.81132555,0.22016688,-0.11850875,-1.5369732,-0.2177264,0.43066135,-0.0623051,-0.49307123,-1.900563,1.1904438,0.37849826,-0.1349225,0.30838794,-0.772553,-1.9952316,-1.3968999,0.6487981,0.9574574,0.2988095,-2.7940154,1.3792466,-2.6484685,0.4285836,0.3872608,-1.2007188,1.2712696,0.5132627,-0.3055612,-0.53984815,1.0767808,0.0006801309,0.4897704,-1.9731349,-0.2260443,-0.6681362,-0.20709643,-0.40128693,0.12960443,-0.8870261,-0.9438372,0.7667228,0.9280589,-0.053249907,0.959582,0.7997673,0.30758876,0.7457671,0.037234634,0.43577597,-1.0378786,-0.9863082,1.865345,0.02049811,1.5447464,-0.444738,0.1635413,-1.0980635,-0.67112833,-0.60321456,0.2710237,1.7172935,0.6438067,-0.37466624,-1.2619628,-0.722172,0.8775724,-1.0848686,-0.5267991,1.7314795,0.63439494,0.41759714,0.3394909,-0.6795409,0.07583128,-0.42423955,0.114743344,0.6155248,0.47984424,1.2761091,-0.49225628,-1.065402,0.00081640633,-0.782764,-1.9015241,1.0881978,-1.3210806,0.46355408,1.0,0.0,0.0,0.0,1.0,0.0,1.0,1.0,1.0,0,17,0,45,1
S076,-1.3692234,-1.265341,-0.012343345,0.45108968,-0.7280136,-0.29358065,2.342869,0.70723385,0.59623396,-0.32445285,-0.7031839,0.41665998,-0.49698567,-0.8415135,1.5469314,-0.20509054,2.172,-0.5481886,-2.3224695,-0.16550034,0.463271,-0.7287799,0.9983584,1.0134909,0.15230596,0.14409064,0.3017764,-0.058871124,-0.44457042,0.9939984,0.28940547,0.15954144,-1.0202755,-0.5840962,1.4255959,3.272945,1.6559421,-0.15736295,0.29726824,-1.610112,1.4803784,2.3619683,-1.3248012,2.0463076,2.2075624,0.6454112,-0.12742372,0.20953745,-0.26833323,1.8260809,-0.66118586,0.53925526,-2.0269952,-1.4007992,0.601791,-0.28905407,-0.81902695,1.8672088,-0.3959883,-0.61574566,-0.32684818,-1.5462757,-0.7757087,-0.01182703,0.27040684,0.79198295,0.17743577,-0.30256382,-1.4333531,-0.6630992,0.13993567,-1.2201126,-1.718535,-0.6110782,-2.2003028,0.48433557,2.4536047,0.58687717,1.0541596,0.360753,-0.9810085,0.44082808,1.0962194,-1.0689273,-1.0362207,1.3180825,0.8941369,0.48516193,1.1449313,0.1485013,0.8054585,0.0,1.0,0.0,1.0,0.0,0.0,0.0,1.0,1.0,0,2,38,6,30
S077,-0.75923014,1.0395186,-0.03463246,1.1642141,1.3669528,-0.05057552,0.4040204,0.035121128,0.8678104,-0.058359798,2.6064916,0.055664465,1.0130917,0.731965,1.5661267,0.33117288,0.7503199,0.76267606,0.099479,0.45170775,-0.70768154,-0.026919449,-0.6846936,0.44000486,0.38715792,-0.1967639,-0.07553499,1.5113604,0.76989675,0.55813307,0.99720067,0.058619745,0.51924,0.23857461,0.70567995,0.10085185,-2.2020507,0.18888623,0.036069352,1.3188268,-0.38584846,-0.02225207,-0.086269476,-0.058749046,-0.022853475,-2.0430062,1.0588274,1.4440385,1.4095566,0.9695354,0.5802641,1.056624,0.33798766,-0.8103482,-1.0521615,-2.1528242,1.2792703,0.011206303,0.58476365,-1.2596965,-0.34749305,0.57786286,-1.6184777,0.37478134,-0.9204805,-0.48857507,-0.038784802,0.2486885,-0.8226905,0.42607775,-0.7711334,-1.5633388,1.2171419,-0.01429819,0.7983626,1.8404105,-0.41661614,-0.49743572,1.5648831,-0.70194155,-1.4501696,1.4805542,-0.4291239,-0.73694175,1.2253888,-1.8872849,0.05964975,-0.10870429,-1.102967,1.0400774,0.03689691,1.0,0.0,0.0,0.0,1.0,0.0,1.0,2.0,1.0,0,0,8,55,2
S078,1.895786,0.2677639,-0.17574902,-0.71631044,0.3115407,0.41112402,-0.9679179,-0.66785693,0.1976421,1.1672415,0.3413884,-0.26127085,-0.50485706,0.6035207,-0.85922956,0.8180808,1.0391332,0.75096995,-0.24267893,0.36441413,-0.8450786,0.2675392,0.035453286,-0.5434516,0.14583488,-0.019841285,-1.6774352,0.025747012,-0.23682949,-1.3306133,-1.2135543,0.20243885,-0.12569135,-0.38809592,-1.5889051,1.1250767,-0.63559175,1.8132766,0.12779619,-1.0161462,-1.0130959,1.5207392,-0.9861833,-0.51445717,-1.6668476,-2.0905,0.31901196,-0.9214243,1.7445117,-1.3983393,-0.29903266,-0.80893314,0.08713927,0.22751461,0.7311427,1.576152,-0.017920472,-1.0777816,-2.0904915,-0.28776932,-1.3718112,-0.51936775,0.44555873,1.6726267,0.007240118,-0.26155454,0.15599659,-0.041574713,0.23870374,1.0902627,1.3418287,0.6373236,-1.755903,0.050243266,0.55979943,-0.17686425,0.8311763,1.4788545,0.5678031,-0.14576627,-0.25588405,0.22518933,-0.011229378,-1.2984205,-1.1002777,1.2742915,-0.46003988,1.2502451,0.99711317,1.459774,-0.09775493,0.0,0.0,1.0,0.0,1.0,0.0,1.0,2.0,2.0,10,186,0,0,0
S079,0.248696,0.19707072,0.61562496,1.0100623,1.0026133,1.4530691,-0.72120285,-1.3187519,0.21484628,-0.2782209,1.4019111,0.1777777,-0.99337524,-0.17341866,0.40815568,-0.639333,0.07505259,1.9187075,0.014637289,-1.3345928,0.7449448,-0.19399014,1.7308961,-1.1638138,-1.3661475,0.788537,0.24276006,0.49124178,-1.1877327,-0.7926861,-0.4400281,-0.58674514,-2.511052,0.27213013,-1.9189861,1.3077719,-0.92103714,0.11229104,0.36865366,0.4249393,-0.80142236,-0.67892075,-1.6396176,-0.54095757,-0.7741636,-0.5901203,1.4990127,-0.7142538,0.3644543,-0.09316687,-0.54801476,1.5828419,-0.44731364,-0.7235197,-0.74417275,-1.1880145,-0.45985729,-0.42975172,1.147101,0.58288,0.45741108,1.3605564,-0.27584577,0.7371257,0.7942838,-1.528335,-2.0118456,-0.7974342,-0.18072757,0.14448649,0.8667181,-0.32386425,1.5450243,0.6846904,-0.58151186,0.4747538,0.84025204,-2.272387,0.30913866,-1.5271721,-0.92138976,1.6897422,-0.34586528,1.5062646,0.46334687,-0.7552297,0.9627638,1.8829067,1.2262541,0.8462147,0.86063814,0.0,1.0,0.0,0.0,1.0,0.0,1.0,2.0,1.0,33,42,16,6,14
S080,0.40190443,1.6455785,0.9609814,0.23875447,-1.1509476,0.044281993,-0.88828135,-0.07577754,-1.895971,2.0263073,-0.5556797,1.0018456,0.5289385,1.403613,-0.43332627,-0.19687891,-0.026774622,-0.2561236,-0.39312628,-0.27079314,-0.28081587,0.6768308,0.54899323,0.61527073,0.19807364,-1.340297,-1.1813577,-0.3485638,0.5791056,-0.91927373,-1.4513121,-1.7483644,2.647585,-0.82080126,0.41026095,-1.0982506,-1.1388963,0.17462996,0.31703597,1.7487853,-0.0093669975,-0.47949538,0.8497667,-0.43490246,-1.0442951,-1.6392747,-0.8844949,-1.0351269,0.85172373,-0.018797694,1.2142348,-1.045378,-0.614855,-0.46638113,-1.1054915,-0.4056381,-0.12558335,2.1469972,0.34409887,-0.8665931,-0.24980003,0.84071195,0.25572467,0.25838098,-1.4932694,0.04140092,0.45411602,-0.65301764,-1.1364076,-0.047884054,0.9563619,-1.1087066,-0.33806083,-0.17434606,0.0586557,0.021442419,1.0137509,1.126484,-1.4361587,-0.53941214,-0.9105647,-0.48829708,-0.95725507,-0.112811714,-1.3091661,-0.44949728,1.8023894,-0.2866458,-1.4535046,0.34031406,1.2166876,1.0,0.0,0.0,0.0,0.0,0.0,1.0,2.0,2.0,10,0,0,80,1
S081,-1.4514712,0.30848756,-1.6729193,-0.49971128,-0.9228919,0.9385565,-0.82564425,0.8136397,1.0467983,-1.0581803,-0.2759064,-0.7601413,-1.0440129,-0.26742357,0.42156264,-0.61728907,-0.6673585,1.3351467,-0.34701672,0.76407796,1.895105,-0.5350579,0.67536134,0.68968725,0.32648584,-0.57426816,-0.15515585,0.68815094,-0.14837793,-0.09178636,-1.5156444,1.2692931,0.36837813,0.8235837,0.10379685,-0.28479168,-1.3233767,0.90354115,-1.8453661,0.18688114,-0.26113027,0.2641885,-0.77517235,0.87964827,-0.5635932,0.9882166,1.1285466,0.6126335,-0.35665032,0.56366426,-0.4406623,-0.2756888,0.15240736,-0.61847425,1.3408362,0.6561254,0.43427673,-2.1530006,0.406356,0.90192527,-0.28369963,0.31971517,0.38418385,-0.8435642,-0.9861972,-0.33359063,0.523579,-0.16119504,0.7220301,-0.89341,1.0817513,-0.7121108,0.534152,-0.73946047,-0.37060097,0.048433993,0.21124487,-0.986149,-2.720739,-0.8634178,-1.0087446,-1.3010404,0.09083873,1.8711991,2.1204243,1.1812404,0.36594328,-0.9938834,-1.4380493,-0.073090136,1.133071,0.0,0.0,1.0,0.0,0.0,0.0,0.0,2.0,1.0,0,0,80,21,52
S082,0.64794207,-0.79085267,-1.2855828,-0.35191363,-0.99975663,-0.11774934,-0.83429945,1.5099517,3.1386535,1.5093875,0.14742328,1.1296424,1.1787664,0.12848987,-0.18060245,1.8326483,0.70035785,-0.7395253,-0.51965725,0.078047164,0.6889611,0.83740056,-1.0249479,2.262278,0.5130671,0.5489201,1.1471003,0.14706442,-0.5597971,-0.5670369,-0.21511222,-1.024469,-0.096040994,-0.8166567,-1.040844,-0.37118563,-0.76599514,-0.1027657,0.42416686,-0.5154992,0.37452403,-0.50125384,0.7361635,-0.835847,0.4955779,0.7160094,-0.18592894,0.25654772,-0.40417877,0.8728244,0.74456584,1.4290216,0.07251784,-0.57554215,1.5423061,0.054110482,-1.8895121,1.4082563,-1.7640308,-0.9606356,0.36021245,0.1365787,0.1914899,0.7084728,1.0482298,0.25496027,0.35800347,-0.59984714,1.9310024,0.35043755,1.6227537,-1.683559,0.001205801,-1.054635,-0.8735391,-1.0723356,0.41010803,-1.4816673,-0.37397814,-1.4645803,1.9359643,0.6250817,-3.05812,0.6404434,1.791891,1.7648758,-0.6154392,-1.2065673,0.61843693,-0.19879147,0.22331269,0.0,0.0,1.0,0.0,0.0,0.0,0.0,1.0,1.0,37,77,18,3,26
S083,-0.20289303,0.32517958,-0.8716021,-0.6525447,-2.3103883,0.94071037,-0.825345,-1.5327108,0.48258746,0.19838665,-0.5988163,0.7852045,-1.263711,-0.65167207,0.5328945,0.9202979,1.2539326,-0.45823845,1.7753083,-0.25876275,-0.5476854,0.17996673,-0.81028044,-2.7061076,-0.3738314,-0.3860455,-0.59198815,-0.8690114,-1.0763023,0.6034693,-0.63315755,1.7871431,-0.11428258,-1.9356116,-0.22939983,-0.858362,0.2588443,1.9790097,-0.20271991,-1.2730123,0.762589,-1.4273335,-0.6138613,0.656495,-1.6865262,1.6890625,-0.22451706,-0.36587408,-0.21118724,0.5159257,1.1383116,0.0848885,-0.16218159,-0.4759435,1.6836615,-0.10354053,0.5456642,0.6004694,0.15476938,-0.8992665,-0.31086278,-0.5539194,-0.79334253,-2.011933,0.1751949,0.40655774,0.16512059,-0.2169489,0.9383771,0.40466383,-0.045709174,0.62570685,0.91799915,-0.21882927,-1.0601529,1.6829503,0.2937084,-0.18480188,-2.1525795,1.1677257,-0.3940287,0.002627087,-0.6694921,1.5664022,-0.6593678,-2.5773804,0.3170663,-2.0727606,-0.55988306,1.0403788,-1.1405741,0.0,0.0,1.0,0.0,1.0,0.0,1.0,1.0,2.0,9,4,27,20,8
S084,0.05478023,0.0963422,-0.5326732,-0.38339344,1.4149106,-0.7841575,-0.55186653,-1.0844777,-1.9647775,0.44381082,-0.5438956,-0.056305345,0.6100433,0.9734441,0.42815766,-0.7848825,2.3406584,0.06126018,0.40261522,-0.43555737,0.59313595,1.400287,-1.0293912,0.5121972,0.18500565,0.83442575,-0.4709543,0.7480722,0.4173813,-0.97341776,-1.3593588,1.033381,0.30897218,0.053562038,0.51838493,-0.5824677,0.78072244,0.057476617,-1.3840879,1.8468609,-1.8893892,-0.6130131,-0.39385447,1.0250504,1.670312,0.59891176,0.043641716,-0.16771556,0.37874234,1.2692336,0.08206413,0.84092295,-1.9766678,-0.37615392,-0.93799734,0.048322007,0.97700214,0.8004476,-0.7454677,0.19741918,0.46083477,-2.466171,0.20982656,0.05508962,0.7543246,0.46227178,0.38902602,0.23141252,-1.3877571,1.2091227,1.1703639,1.1030982,-0.96205044,-0.68551755,-0.068706155,0.08580285,0.82484025,0.5739306,2.272474,0.27114114,0.4047982,-2.7213967,0.12791392,-0.29227275,1.65748,0.22228457,-0.57452154,1.0575566,1.0695074,-0.111555114,-0.89628524,0.0,1.0,0.0,0.0,1.0,1.0,0.0,1.0,1.0,6,18,37,5,9
S085,-0.036154788,-0.9524384,-0.22042422,-1.528476,0.864398,-0.14185527,2.1102138,-0.6637902,-0.14339474,-0.3362715,0.34574103,-0.026605044,1.0292313,-2.0056853,-0.12333102,-0.93211156,-0.5795113,-0.85817933,-0.86928874,-2.2434273,-0.44749808,0.6178746,-0.8369265,-1.6501573,-0.7520637,0.4262179,1.1861963,-0.047074918,-1.820954,0.89900154,2.3809378,0.022825912,-0.46155906,1.7386136,0.54413795,0.083541915,0.5852127,-0.5533772,-1.6597508,0.7814394,1.2268753,0.7893497,0.6416725,1.5273352,0.63369966,0.8490924,0.5445817,0.2782331,0.63960457,-0.3621512,-1.8160018,0.81494546,-1.1413239,-1.4807053,-1.1843172,1.0668819,-0.38225153,1.3331071,-1.9802362,0.6246686,-0.028155776,-0.14035158,1.1966367,1.6144027,-0.020924455,0.42636296,-1.4131027,0.17222665,-0.8338811,0.4377841,-0.2428669,0.5050334,-2.0920646,0.22852294,-0.5236011,0.017384844,0.93613034,2.4110174,-0.60223085,1.8252007,0.84106815,0.024416983,0.90913475,0.36542553,1.1697702,-0.98146635,0.7147499,-0.56735694,0.97275573,1.5974615,-0.48392975,0.0,0.0,1.0,0.0,1.0,1.0,0.0,2.0,2.0,56,43,18,3,33
S086,-0.06717421,-1.4409652,1.0467436,-0.78027123,-0.3731155,-0.27122483,-2.4885323,0.31914088,-1.4110118,1.9356008,-0.59056824,-2.062917,-0.34093487,0.23832667,-0.0037165233,-0.4067805,-0.15553683,-2.1244962,-1.863323,-1.9197217,0.7840391,1.6938987,-0.35361576,0.20235147,0.15792468,0.36279294,0.5371485,0.38159737,0.74207056,1.0058056,-1.0491241,-0.44369414,-0.8015509,0.5526598,-0.060680456,0.09955739,0.6615145,-0.41303796,-0.8297947,0.8096419,-1.5067618,1.1572948,-1.202353,0.4604884,-0.9428355,0.036295615,0.8245491,0.11924682,0.10676409,-0.5904049,-1.4748805,0.068242475,0.3972645,-0.07417629,0.039191414,1.8817415,1.1047305,-1.1270524,1.368228,0.77271384,-0.057795547,0.0008630897,0.6007822,1.9705125,1.397434,-0.48232463,0.022998273,0.2137212,0.52173567,-2.5743632,-0.9001215,-0.8148018,-1.5292385,-1.7124442,1.7667389,0.7280648,1.8197613,-1.6156361,0.29432896,-0.12735185,-0.84874934,-0.70208454,0.067615174,-1.9269508,-0.25732073,0.7153188,1.866613,-0.024528382,1.0531552,-1.7042267,0.4213804,0.0,1.0,0.0,0.0,1.0,0.0,0.0,2.0,2.0,111,7,0,0,1
S087,0.10370276,-0.6873021,-1.7473509,-0.8759465,-1.4633636,1.5933305,-2.282408,-1.731591,-0.5440264,0.1820322,1.8928298,1.9898702,0.09962048,-0.98897403,-0.9751439,0.63643795,0.32973552,0.10691032,-0.8863416,-1.0869355,-1.5123851,-0.33036965,1.398032,-0.10784185,-0.32313263,-1.3508002,-0.3721137,0.6171606,-0.74630386,1.411462,-0.9880727,0.6007453,2.849467,-0.21382256,-0.4638879,-0.3428475,-1.155683,-1.7536123,-0.79987556,-0.8507419,-1.7422355,-0.7781612,-0.07956848,0.412429,1.3913609,-1.2718568,-0.08773282,-1.5326221,-0.8084792,-0.03177373,-0.1819808,0.09235923,1.0102603,0.6945475,-1.3656737,-0.22537012,-0.08542823,-0.29083002,-0.5702715,1.288742,-0.5269592,-0.64061975,-1.1825029,0.76006365,-0.092593595,2.0498562,1.0280993,-0.3824691,-0.9578633,-1.2200841,-0.8245621,-2.0767796,0.08205437,-0.5470576,-0.1579908,0.03444858,-0.5190295,-0.15910293,0.7210032,1.4844081,1.7133697,-0.11011274,0.1729982,-0.74469924,0.10530158,1.6538941,-1.4785081,1.0619608,-0.14858033,0.8698295,0.28638238,0.0,0.0,1.0,0.0,0.0,0.0,1.0,2.0,2.0,0,8,18,2,56
S088,0.02342855,-0.14979729,-2.3045685,-0.86565757,0.6379513,-0.17344019,0.7244254,0.35396466,0.043125626,-0.106560335,0.46221614,-0.15948488,-2.3493538,-0.05370554,0.53730816,1.502413,0.35233286,-0.84418684,0.9320578,-0.029311895,-0.12797624,0.8637278,-0.25010267,2.95503,1.0393474,0.02913487,2.3548853,-0.97214013,-0.8347356,0.19238022,2.814342,-0.23233514,1.190715,-0.96648455,0.38397798,0.64905727,0.6501218,0.6811523,2.1197577,0.50219595,0.40485558,1.0102836,-1.1014984,-0.4191996,-0.0096095875,-1.3344601,-0.5471353,-1.5586334,0.82603383,-1.1989388,0.7302722,0.96519756,-0.6640057,-0.21900028,-0.4967873,0.016581677,-1.3246753,0.4487599,-0.36996496,-0.1536432,0.4850277,1.9809217,-0.2153118,0.30986926,-0.47752932,0.946052,0.6589948,-1.2389997,0.2015811,1.1840117,-0.41588438,-0.3954265,0.77278495,1.9579711,0.17797676,-1.8034163,-0.7703638,0.26363018,1.2631644,2.0138552,-1.9771752,-0.45477432,-0.20192225,0.09450045,-0.9203815,1.076854,0.21872604,-0.8505297,-0.62029475,0.19519272,0.61798507,0.0,1.0,0.0,0.0,0.0,0.0,0.0,1.0,1.0,0,3,64,27,95
S089,1.8923893,-0.038633063,-1.107559,1.7133864,1.5234649,-0.18814123,-0.10088921,0.040836696,-0.9099761,-0.11904914,-1.0384012,-0.96164185,-0.59143925,2.0753076,-0.9543176,0.9093796,0.53643346,2.5004516,0.51419085,-0.63293064,0.964794,0.9313663,0.39972943,-2.1686528,-0.11762786,-0.22482394,0.8061924,-0.83104825,1.6096737,2.2003055,1.5791808,1.5917283,-0.44241938,-1.7688559,-0.079856455,-1.7028824,0.1169995,-1.609754,1.4383882,2.1623988,-0.094909616,-0.35669777,-0.8507859,-1.4680598,1.506581,0.22446282,0.05439405,-1.2005334,1.27318,-0.14336544,-0.75973666,0.10580201,-0.009253414,0.72563875,0.66952896,0.05524379,0.5591008,0.9296834,-0.9029938,1.5550838,0.030212881,-0.69145685,-0.3552402,0.9042843,-1.5681324,-0.4789736,-0.07022837,0.62014765,0.15307218,-0.09976365,0.2586912,-0.89564306,1.4284967,0.39581132,1.4169191,-0.2141212,0.7501823,1.1347669,-0.39141598,2.1432953,-0.9947415,-0.6033306,-0.560291,-1.8630508,1.197274,-0.31711453,-1.2938172,0.29109135,-0.78935075,-0.94847417,1.7602323,0.0,0.0,1.0,0.0,1.0,1.0,0.0,1.0,1.0,0,128,0,1,5
S090,0.28966585,-0.97757924,-1.5973585,0.45192707,0.8705423,-0.7301325,0.53597337,-0.3145716,-1.0881095,0.5293711,1.0998789,0.04418875,0.8457297,-0.6159267,-0.44274417,1.2107049,0.48259583,-2.4893699,0.5115638,-0.27210525,-0.06947849,0.64127135,-0.76325315,1.3044244,-0.2318009,-0.091454625,1.6702279,-0.9050627,-0.94404244,-0.8159364,-0.036058597,2.0309756,2.2522116,1.0806936,-0.67211026,0.84697974,-0.43540886,-0.42056558,0.6798854,0.4067329,0.026999151,0.28791568,-1.3864881,0.09616933,-1.8231319,-0.66228855,-0.80291617,-0.052463055,1.7965568,0.03268494,-0.15843062,-1.6522977,1.1402668,0.118574806,0.92223024,1.9793193,0.31146008,-1.0838377,1.3962353,-0.9576865,-1.1530997,-1.9018958,0.6090074,1.7948719,0.5643951,1.0779786,1.3413038,0.5022061,1.1908153,-0.9940493,-0.38189995,-0.97357416,-0.43666556,-0.24046417,-0.27960506,-0.1520284,-0.44893888,0.02930893,-0.04243119,-1.2331421,-1.136564,0.43708226,0.7987169,-2.2712007,1.8113985,1.5429881,-1.4945434,0.3016958,0.2924602,-0.9809154,-0.90548635,0.0,0.0,1.0,0.0,0.0,0.0,1.0,1.0,2.0,0,25,50,1,36
S091,-1.3277234,-0.3121962,-2.3680193,0.26773927,0.9563193,-1.0533965,-0.73268837,-0.1447169,0.79756,0.48234147,1.3018802,-1.294399,2.4393065,-0.2781719,0.4555613,1.0721339,-1.7129112,-2.2490761,-1.1594579,0.29364133,1.7655891,1.120687,-0.32738194,0.1432993,-1.4375131,1.4354196,-0.22494881,0.07950841,0.07800551,-0.65869945,1.3214098,1.2334776,0.464261,-2.2548726,0.63468105,0.8898999,0.740548,1.4704237,1.1684672,-0.531572,0.17784795,-0.283382,-0.51931465,-0.43939263,1.1426953,0.9405995,1.9462163,0.80749005,-2.7258103,-0.927407,-0.2211163,0.20763244,-0.9020952,0.2793941,1.6464095,-2.5003622,-0.990661,0.9202757,0.5939044,-1.088557,-0.096184134,0.7081767,-0.011780106,0.6485899,-0.28248882,-1.2191964,-0.10147709,-0.16902399,0.7588149,-1.9939505,0.7124797,-1.8376372,-1.5674053,-2.2122588,-1.1289963,-0.1000064,0.25607985,0.9319164,0.68073815,-0.5445112,0.2275272,-1.210424,1.8982015,0.23517315,-0.74059397,-0.74252796,0.46145377,0.3739963,-1.2381585,1.5535995,-1.6575923,1.0,0.0,0.0,0.0,1.0,1.0,0.0,2.0,1.0,0,0,166,6,9
S092,1.1582159,-0.15963368,0.58443356,1.4260118,0.27675685,1.0430413,1.4136571,1.1861848,0.45345953,0.7593814,0.30052844,-0.35847682,0.8314164,-0.4001029,-0.10793695,0.5855847,0.522996,0.5839141,-0.61211145,-0.8210117,-0.13019808,-0.015623569,-0.82941264,0.17491435,0.731907,0.540997,-1.6720055,0.20188725,-0.27244076,0.24278441,-0.5036704,-0.35311258,1.4213326,0.9444016,-1.8668877,-1.1314114,0.44082496,-0.8491564,-0.08108974,-0.30847287,-0.16828541,-0.594347,-0.24091262,0.22202754,0.42434844,-1.1861125,-0.2721296,0.68403685,0.29803118,0.5004948,-0.20098121,-0.32172763,-1.3783278,-0.17590435,2.9119694,0.95067865,-0.56413394,-1.9226544,-0.14629807,-0.7114518,-1.6041503,-0.8957855,-1.8183556,-1.7392504,-0.37051567,1.4021907,-1.2723645,-0.2758273,1.0076396,1.2054008,0.09486015,0.44971448,-0.6741269,0.10757687,-1.130633,-0.72722673,1.849021,-1.1123307,1.1391554,1.4146042,-0.7553004,-0.16572602,0.5240669,1.844995,0.5979808,0.8380919,1.7273113,0.62860775,-1.1701623,0.011831789,1.1002978,0.0,1.0,0.0,0.0,1.0,1.0,0.0,1.0,1.0,54,39,0,17,0
S093,0.17559536,0.62311727,1.0830884,1.1751015,1.8473352,0.41542313,-0.18579584,1.2267427,-1.247426,0.6740137,-0.56411946,0.121777765,-1.6197569,1.9673283,0.16859996,0.008868602,0.33166632,-0.8683554,-0.53955454,0.10111912,0.9846656,-1.0424652,-0.07815862,-0.22302997,-2.5485954,1.022571,0.7970227,-1.3885922,0.49863073,0.6729354,0.5007681,1.1197864,0.8637451,0.65483654,-0.14494987,-0.90948486,1.204391,0.45381126,0.37836054,-0.9604532,-0.1370597,0.51225966,1.0589484,1.4961213,1.1327164,-0.4480743,1.1267245,1.5374992,0.79869825,-1.146603,-0.8134504,-0.21753892,-0.13765472,0.6067487,0.36646494,-0.5244784,-1.0217791,-0.90845925,0.73358136,-0.13833332,0.3695694,-1.3338045,0.076868296,0.27946672,-1.1989756,2.6426084,0.21379754,-1.1482713,-1.7517393,-0.93328804,1.0742502,-0.30583268,0.6495098,0.10379697,-0.7551068,0.34301504,0.6184824,-2.0059962,-0.40411466,-0.42831254,-0.7691226,-2.0510054,-0.15330924,-1.2594793,-0.15257776,-0.02015426,-0.87877935,-0.5999314,1.5546118,-0.3642166,0.7895284,0.0,0.0,1.0,0.0,0.0,1.0,0.0,2.0,1.0,30,7,2,16,4
S094,-0.2772848,2.076725,1.1471428,0.06817552,1.3766147,0.48505795,0.6503342,-0.7730266,1.1582354,0.3230244,-0.044260625,-0.008414436,-0.21672158,-1.3152958,-0.7072857,0.053327262,2.3540606,1.5690132,-1.5164706,-0.17491959,2.6487007,-1.1414857,-0.61357224,-0.17685583,-1.1882303,1.2388414,-1.043346,0.62792516,-0.6737724,-0.9622434,-0.40244442,-0.26881573,0.6132155,-1.63964,-0.7860487,0.84892243,-0.41679862,0.6165028,-0.18713059,-0.38757485,-0.265761,0.18951216,0.52980614,-1.3771528,0.03797414,-0.4543815,1.6561416,0.46478787,-0.7145896,-0.17526014,1.4850075,-2.9614367,-0.20298344,-2.4617999,-1.7969927,-0.20391606,0.3756458,0.17151964,1.8117092,-0.1003971,-0.20934977,0.5324957,0.03864651,-1.0058304,1.1849623,-1.4698836,1.3997163,1.0049503,0.279504,0.13507777,0.744929,-1.4478582,-1.0997317,0.088677324,2.283267,0.18587098,-1.0272667,-0.26882794,-1.434229,0.461763,-0.25398493,0.4238585,-0.42822528,-0.75746304,-1.3567075,0.42205173,0.7444987,-0.7105953,-1.2737726,2.360577,1.3751695,0.0,1.0,0.0,1.0,0.0,1.0,0.0,2.0,1.0,1,0,11,171,1
S095,-0.03949842,-0.6105362,-1.1949433,0.5046124,2.092557,0.27615738,-1.1692688,0.73646104,0.17900169,0.22749986,0.91558164,0.8060247,-1.9138215,-1.5117481,-1.3120252,0.05848121,1.2021186,-0.41969806,-0.26541185,-0.46465415,-0.5666126,-1.0880061,1.1750773,-1.3631392,-0.58782196,-0.9586311,0.0122353,1.6134822,-2.3008933,-1.0960691,0.112623595,-0.22454855,-0.6510674,-0.32304937,0.032803692,0.33862233,0.20467037,1.2583426,-0.91506255,-0.24081202,-0.41304722,-0.293262,-0.3582142,-1.4426728,1.5778387,0.7527905,0.18040273,-0.02570135,-0.93968153,0.4587342,-2.3041284,-0.063652515,0.14688477,-1.1212726,-1.0995638,-0.3467669,0.38267753,0.5509228,-0.26924488,-1.2417881,-0.29392228,1.6599928,0.6426058,0.9447873,1.4762087,-0.18532579,0.76556355,0.07764559,1.388994,0.20084864,1.2687117,0.26313922,-0.4904995,0.15227439,0.7321054,0.3223421,-2.2660453,0.7594521,-1.186436,-0.12146277,-1.2749727,0.76112765,-0.16142362,-0.5434496,-1.2281312,1.0690132,-1.2443464,-1.0673075,0.5937229,-1.6679021,-0.30725992,1.0,0.0,0.0,1.0,0.0,1.0,0.0,1.0,1.0,17,6,84,7,81
S096,-1.548246,-0.8001403,0.5365198,-0.21177965,0.5866524,0.60859436,0.5282374,-0.4400883,-0.15870099,0.08020418,-0.34814608,-1.5088177,0.14086235,0.97107464,2.4677002,0.11598358,1.592214,1.4911546,0.674323,1.1316084,0.67739725,0.005749497,0.3452867,1.2795006,0.6414468,0.32763514,1.4232185,0.9160931,0.28909087,-1.1158922,-0.904744,-1.6586429,3.3412251,-1.232025,-0.13688867,-0.34276935,1.4858805,-1.4914898,-0.30661353,0.2681798,2.006599,0.75189066,0.19883336,-1.389547,-0.2990335,1.1929071,-0.37232834,-0.79243344,-0.6658885,0.11117752,0.4371957,0.96989524,0.6688603,0.06613282,0.17285378,1.7018477,-0.9236958,1.5073473,-0.64825726,-0.09239554,-0.6178482,-0.43772548,1.604416,-0.9329254,0.9225864,0.6408963,-0.25156268,0.5562832,0.11404025,-1.2253282,0.5280599,0.17688456,1.3190391,0.4369118,-1.4618678,0.76999307,1.6491272,-0.44186068,0.05959002,-0.94689536,-0.60735726,-1.2204438,-1.0659972,0.59155494,-1.0276666,-0.5456473,0.14534076,-0.23145781,0.066445395,0.7525413,0.9846364,0.0,1.0,0.0,0.0,1.0,0.0,0.0,1.0,2.0,1,0,41,1,13
S097,1.0053988,-2.812597,1.0923263,0.5619713,0.74501055,0.0062940586,0.9169035,-0.42126867,-0.22546183,0.4466182,-0.16009045,-0.91049695,-0.83381057,0.17465481,1.8751005,0.41029078,-0.12508628,1.4894933,1.5529131,1.1400149,-0.415353,0.46503443,0.8724119,-3.005367,-2.1324387,-1.236749,1.9518225,-0.1651741,1.1102811,-1.1811583,0.70082,1.1299039,0.46486354,0.32505482,-0.0188396,-1.1193283,-0.28758782,0.29272035,0.5978747,0.099782415,-0.2780352,0.66297805,-0.7545661,-1.954356,-0.4956664,0.35548705,-0.9603191,0.7718445,-0.29813942,2.5486388,-0.6502877,0.6955116,1.9503559,-0.16359052,1.7996523,0.8437729,-1.7498262,-0.5371637,0.08793295,1.17841,-1.2229776,-0.019389385,0.29999155,0.2515461,-0.97891027,1.1449077,1.6491624,-0.5677443,0.12698577,-0.75143296,0.22408187,0.45137995,-1.9962633,-0.02193246,-1.0655713,0.03258878,2.286937,-1.7357152,-1.4076943,0.2547622,-0.38938814,-0.8449591,-0.1516217,0.28245807,-1.1562914,1.1483248,0.7602646,-1.1888397,1.1097833,1.2902044,1.1485435,0.0,1.0,0.0,1.0,0.0,1.0,0.0,1.0,2.0,68,3,0,0,0
S098,-0.4002367,1.5100054,0.017903695,-0.6551625,0.9647427,1.2861698,-1.3919232,-0.6821837,0.42677808,-0.18449701,0.23284574,-0.6700926,-0.66029704,-1.6346097,1.5171196,-0.45486808,0.0032160056,0.0688041,-0.7007587,-0.9465014,0.5473826,-0.6362693,-0.26257592,0.3042647,1.5356826,-0.16824259,0.6201342,0.011861914,-0.37583765,0.14375442,-1.1910386,-0.12588964,-0.3026797,0.261445,-0.52269876,0.25921264,1.2076335,-1.0011355,0.10406911,0.068107255,0.73262835,0.6672757,0.7102587,0.09647458,2.964216,0.63302267,0.84165186,-0.04769129,1.3796343,-0.20707864,0.87632287,-1.8909795,-1.2062762,-0.9075722,0.8130405,0.60119337,0.100545496,-0.62897366,-0.48306474,0.51490825,-1.3604769,-0.9336272,0.5368796,1.2371536,-0.7724449,0.24970585,-0.544357,-0.47876194,1.6310532,1.7810022,-0.8304749,-0.72914493,1.8892986,0.0013679388,-0.26445416,-2.324144,0.6591511,-0.7978967,-1.0319432,0.65127546,-1.8505502,0.28772512,1.1622231,0.07836299,-0.6844778,-0.5012501,1.6078315,-0.62196493,-1.3657385,-1.4233711,-0.6174272,0.0,0.0,1.0,0.0,1.0,0.0,1.0,1.0,2.0,0,3,5,107,9
S099,-0.2950704,0.68360627,-1.1687241,0.15300798,1.0190024,0.90330344,-0.8685314,0.60583,0.48384172,-0.45412993,1.1396666,1.744475,-0.06586529,1.2811066,1.0694089,0.52632654,-1.0435686,0.35597983,1.9415189,-0.5389679,0.42967582,0.5624493,1.3643389,0.6070125,-0.5693146,1.2766029,0.107782215,-0.052851725,-0.22960073,-0.49664435,-0.4298528,-0.2277309,1.1073363,0.7088957,-2.1554716,-2.3624306,0.3633603,-0.53194857,0.0738667,0.056869023,1.5853217,-0.851693,0.8017819,-0.15523891,2.02697,0.68855006,-0.28215733,-0.50790226,-0.29738292,-0.5204499,0.81191856,0.14652346,-0.05901441,1.6900388,0.21829952,1.8370281,-0.15710808,-0.6103435,0.36355036,-1.8367066,1.1602373,-0.97288597,0.95339787,1.4210631,1.800991,-0.03769827,1.0594342,0.8852376,-0.630379,-1.0522797,-1.3857908,-1.0681683,0.8083449,-0.5446089,-0.10615128,-2.1566362,1.1983832,-0.19257194,-0.59473234,1.6840528,-0.513365,-0.95414066,0.9660865,0.73207796,1.1019979,-1.1050509,-0.3829466,1.1991118,-0.38866362,1.9240029,0.28711754,0.0,0.0,1.0,0.0,0.0,0.0,1.0,1.0,2.0,0,1,19,66,28
S100,-0.5613191,-0.6421446,0.7356878,0.19925995,0.01527451,-0.2302946,-0.040370084,-0.9397096,0.03460224,-0.89996624,0.7375131,-0.28128818,-0.19532639,-1.536725,1.2767936,1.184202,-0.16609992,-0.5035281,-1.5026689,0.120739564,0.5254596,-1.6092892,0.77818906,-0.098676175,0.1226769,-0.20039752,-0.19135828,-0.13504158,0.7529889,-2.4393482,0.7852088,1.058294,0.3770371,-0.7817937,0.85844934,-1.2512138,-1.1137904,-0.16014831,0.508613,0.644611,-0.92634165,-1.2792306,1.7882403,1.3998548,-0.36319244,0.70430905,0.58025384,-0.16838023,-0.90266234,0.09567237,1.9965812,-3.6355405,0.38051018,-1.048851,-1.7147077,2.7012286,-1.7694665,0.62512094,-1.6996348,0.5018515,-0.18253563,-1.1586318,-1.8515687,1.0973064,0.20307551,0.53611666,1.1810517,-0.25139013,0.08483479,0.63064146,-1.566308,0.032136433,0.94968265,0.9447014,-0.71106577,0.46608636,-0.75148267,-0.13573778,1.1975573,-1.3191906,-0.9981985,0.8764242,0.27731767,-0.5396362,-1.6907237,1.1499118,0.19411103,-0.45451254,-0.47024417,-0.25889364,-1.3397423,0.0,0.0,1.0,0.0,1.0,1.0,0.0,1.0,1.0,33,6,27,0,10
S101,0.8905421,-0.82411784,0.55253816,-2.045978,0.9810498,-0.50111216,-0.76072776,-0.7067404,0.40017912,1.0738956,-0.43645278,2.9024696,-0.45070884,-2.3470721,-1.0915587,0.48530245,-1.1643147,-0.77037257,0.635857,1.1512655,-0.10392582,-0.069450006,-2.2744503,-1.3286902,1.3651195,0.32708657,0.8668316,1.2425104,-0.5062916,1.353103,-0.7898572,-1.6093175,-0.14668143,1.2788863,-0.40840012,0.17395166,-1.6950902,1.400886,-1.3474438,-0.7781653,1.032384,-0.47443917,0.30291364,1.4445376,1.8577315,-0.40542886,0.44013798,0.31655312,0.6461297,0.32057297,1.0765553,-2.2438302,-0.3696986,-1.7253369,0.8360692,-1.5030077,0.885438,-0.90605366,-0.30797645,-0.15744966,0.29859793,0.37750867,1.0528452,0.63525504,2.0248091,0.08829831,-2.2003243,-1.9100057,-1.2293047,-0.55996233,0.60090405,-0.12438642,-2.4146328,-0.84201926,0.08363101,0.5541957,0.0481654,-2.260338,-0.7893861,-0.02668962,1.1026947,-0.36060035,0.19992542,1.3179426,0.13398875,-0.9270423,0.8383651,-0.46057072,-0.23359619,1.9732918,-1.1362545,0.0,0.0,1.0,1.0,0.0,0.0,0.0,1.0,2.0,54,123,0,0,0
S102,-0.5387095,-1.6889652,0.54181504,-0.2441109,-0.5249064,0.0026796092,-3.0947764,-0.763699,1.0543741,-2.3882189,0.27622417,-0.9689779,-2.890329,0.84624624,1.4892185,-0.5299009,-0.019447118,-1.1635766,-0.035621073,-0.46588412,-1.640768,-1.4139073,0.035068486,1.1670555,0.017023379,0.07403721,0.18938407,0.5523199,-1.5897082,1.7565778,0.12081478,1.7067932,-0.107375905,-0.912201,-1.1101002,2.3389204,-1.4993242,-0.71793896,-0.87574846,0.89391816,0.66177076,-0.15084246,-0.18922009,0.021964705,1.9068491,0.8937451,0.76437014,2.6526692,-0.91969675,-0.30713564,-0.75455636,1.1007582,0.74977183,2.062676,0.49072847,-0.4194742,0.38459492,-1.1207739,-0.32186994,-1.6546326,2.1352427,0.13788767,-0.07533814,0.38937798,0.1547883,-1.7953206,-1.1721756,0.5917669,-0.78435796,0.12639123,-0.30162904,-0.5532172,-1.0102662,-0.4079588,-0.36840045,0.68019015,0.45750955,1.020075,-0.29922694,0.07776524,2.4346278,0.9907443,1.0256925,-0.03952209,-1.0849813,-0.027798207,-0.3197612,-1.4984264,0.17657825,0.48231897,1.0122114,0.0,0.0,1.0,0.0,1.0,0.0,1.0,1.0,2.0,120,9,42,0,3
S103,-0.44751084,1.163637,-0.052722856,-0.8736849,-0.79890937,2.0296843,-0.20649064,0.08085554,0.08403078,0.04884946,-0.41157258,0.97901493,1.3670034,0.22223687,-0.42924386,-1.3173131,-0.43631354,0.09337917,-0.06898771,0.91259974,-0.79705065,-0.54195094,0.7414165,-1.6604354,-1.9964024,-1.4533845,0.015018877,-0.1220174,1.6077131,-0.33635148,1.5350325,-1.066608,-0.1120176,0.4100236,0.36668575,-2.2743955,-0.03216379,-0.5819978,0.120647244,-1.1825505,0.23886427,0.19074194,-0.4596618,0.5937969,0.9484469,0.057782046,-1.6414585,1.7605673,1.0792017,1.034255,-0.38395444,-0.53873825,-0.3317088,0.80917376,-0.91942894,0.7088948,1.4749354,1.4229003,1.2687066,-1.7831438,-2.0561838,-0.3430773,0.8081632,1.4242362,-1.8215394,1.6967044,2.0355642,0.43000987,1.0666109,2.3544717,1.6381485,0.53638625,1.4927939,0.7670844,-0.34482872,-0.045884833,0.04590806,-0.39241543,-0.17687413,-0.9808548,-1.0168114,1.1613852,0.55079854,-0.7974887,-1.0107229,-0.7329126,-0.60232776,-0.33468115,0.61284006,-0.11051506,-0.6499631,1.0,0.0,0.0,0.0,1.0,1.0,0.0,1.0,2.0,1,9,13,165,10
S104,-0.40017456,0.6276456,-0.4888603,0.7005842,1.1438401,-1.1917264,0.48610193,-0.70365345,0.7539265,0.11456872,0.46091673,1.5008667,-0.059121437,0.08338562,-0.121901676,-0.4618338,0.55615956,-0.4745552,0.8308778,0.81660455,0.46375194,0.29708314,0.06684012,1.0669751,1.6175183,0.27901295,-0.4101398,0.44257113,-0.071414374,1.0451125,-0.3234005,2.4196951,-0.77211356,-1.4860053,1.4818598,0.09335053,1.441246,-0.98899275,0.31403387,0.9638478,0.29797548,-0.45566702,-0.76995856,1.3321882,-0.9282281,2.9279296,-0.8353662,0.4121237,-0.8197105,-0.29805583,-0.25989375,-0.16880742,0.19652557,-0.08984566,-0.6117595,-1.8689377,0.930199,0.11459586,0.29224607,0.1111902,0.74937844,1.1613533,1.6606833,-0.76880956,-0.29072273,0.4579751,0.40582705,0.52072775,0.2702833,0.16732997,0.7652241,-1.143263,-0.45061505,-1.0108821,-1.6276077,0.84902734,0.8841583,-0.42427373,-0.724918,-0.8680426,-0.3487608,-0.5856402,0.27062994,0.6403515,-0.33682573,-0.07034548,-0.5135865,-0.087464914,0.4050118,0.48922735,0.4791019,0.0,0.0,1.0,1.0,0.0,0.0,0.0,1.0,1.0,0,1,26,73,5
S105,1.8233057,-0.4867441,0.7122953,-0.007824413,0.2228575,0.035501797,-0.35744628,-0.9469946,0.37952748,-0.28925002,-0.8875,0.0010402194,0.7894351,0.1793095,-0.48154953,-2.2612166,-0.656818,-0.30413935,-0.5669704,0.09465044,1.4540362,-0.39708656,1.1238643,-0.86967206,-0.8230157,0.12702405,1.0128993,0.2190446,-2.1696897,0.6079675,1.15593,-2.0295703,0.60501295,-0.3250363,-0.6465296,1.0775344,1.4837109,-0.6002609,-0.8847767,0.15216514,-0.19202578,0.13475542,-0.54874516,-0.46954745,-0.29175496,1.0303036,-0.90335846,0.7391856,-1.1655102,-0.7771547,0.122803606,0.9011268,-1.000946,-1.0654707,3.2299237,-1.2826486,0.41596144,2.6300154,1.7352746,-0.44803554,-0.55875164,0.7206858,0.32521823,-0.5375176,-1.7561039,-0.50221974,2.325949,0.33939922,-1.7030716,-1.0755721,-0.70596945,0.22758687,1.4949601,-1.174516,-0.25230762,1.5752739,-0.7409663,0.4930213,-0.4005933,-2.53201,0.4813217,-0.14269167,-1.0015664,0.9319012,-1.9332042,0.37251925,0.77679795,-0.7165532,1.2778083,0.98120815,-0.95641,0.0,1.0,0.0,1.0,0.0,1.0,0.0,1.0,2.0,63,97,0,0,8
S106,-0.6981888,0.5596817,0.18266466,0.12765232,-1.0527905,0.0685622,-1.3568577,1.4897668,0.777873,1.002423,-0.79282284,0.36545363,0.15232244,0.5152976,0.50733674,-1.9573132,0.2211649,-1.6376468,0.5630129,0.5657399,0.34804353,1.0441531,0.7823942,-0.7877024,-0.1994419,-0.8271056,1.4010509,-0.46406838,1.738632,1.1247386,-0.34372273,-0.3122025,-0.61991376,-2.3046355,0.14144655,1.4365046,-0.9858964,-1.1306336,-0.18203105,1.1597139,-2.0758169,-1.2662448,2.487869,-0.7520185,1.1060519,-0.65458065,1.1964254,0.88431954,0.47220102,-0.50628585,1.529149,-0.576205,0.039623022,1.2370657,1.228574,0.5029228,-0.057032578,-0.36915323,-1.2226226,-1.8978071,0.28503674,1.3191831,0.4657601,0.10682699,0.018736182,0.4451029,-0.62759066,-1.9163562,0.46809527,0.32447445,-0.17465389,-1.1028773,-0.66544825,-0.0625148,0.5632336,-0.024416413,-0.26951182,1.805072,-1.1823606,-0.35616368,1.8587015,-0.026654368,-0.48368728,-1.8593463,0.7448909,0.4047393,0.03260641,-1.7040852,-0.009052108,0.23723488,-0.057693806,0.0,0.0,1.0,1.0,0.0,0.0,1.0,2.0,1.0,10,0,18,17,8
S107,0.7020591,-0.43699256,-1.0018002,-0.28322092,1.4931712,-1.1249214,-0.13454445,-0.5791532,0.80603445,-0.12071428,-0.98581904,-1.2201198,-0.6869371,-1.2411715,0.09186826,-1.7800683,0.4196828,2.0524056,-1.5629619,-1.7359891,-0.5522298,0.2954347,-0.2206182,0.9960298,-0.8996997,-1.3972517,-1.6617912,-0.9740853,0.94706494,-1.1777948,-0.925335,0.9521303,0.033137616,0.60058206,0.32845786,1.0698037,0.58098614,0.123367675,-1.955405,1.9240026,-1.4591131,0.29088247,-1.777539,-0.41668448,0.29776946,0.091552645,-0.80435234,0.500424,1.3631723,2.4382145,0.41220143,0.7471511,0.38141152,-0.6118138,0.14162332,-0.08421766,-0.7528491,1.3935325,1.3427191,0.55650836,-0.6007965,0.63144726,1.376661,-1.4947844,-0.7153554,-0.5979149,-0.85656077,0.7123915,0.57792586,0.6903551,-0.18041414,1.332426,0.8390658,-1.848404,-1.2222488,0.88967896,-1.0007368,-0.37105104,0.58237326,-0.823914,0.043114875,-1.1404511,0.21411735,-1.1263199,-1.2945292,-0.8762323,-0.28372747,0.1789689,-0.3514134,-0.9838956,-0.38841638,0.0,1.0,0.0,1.0,0.0,0.0,0.0,1.0,2.0,10,109,42,10,20
S108,-1.1376905,-0.075064205,-3.0896735,-0.18782479,1.5038491,1.5098286,0.39708272,-0.3521948,0.58683544,-0.27543274,0.24329518,1.6180954,-0.6200117,1.1708117,0.16603912,0.18406475,-0.52670217,-0.91029936,1.137189,0.20152883,0.93264425,0.13143788,-0.7425549,-0.5725252,0.28333333,0.08260483,0.23253901,0.35438436,0.958549,0.015409135,-1.9053624,0.18681778,-0.22125007,-0.100363955,1.5462793,1.2873577,1.2392808,0.5899186,0.7905365,-0.5549796,-1.8237532,0.10536267,1.049723,-0.11188411,0.2992801,1.9646686,0.14601614,-0.67208576,-0.7138974,0.6792529,1.6318733,1.1814147,0.2652315,-1.1276994,0.2514278,0.02731636,1.9248024,0.87518525,-1.0436184,-1.0897844,-0.1417352,-0.4321268,0.5945102,-0.48198232,-0.7137852,0.35866222,-0.117828466,-0.06173913,-0.39286414,0.014331038,0.605119,-0.79396844,-0.7194441,-0.22031036,-0.8681799,0.19535623,-1.0140636,-0.095014684,-1.3999321,0.2719871,-0.578959,0.80952597,0.2891381,0.53235954,0.6432304,-0.6270903,0.8493096,0.12813544,-1.032181,-0.71100765,-0.14002535,1.0,0.0,0.0,1.0,0.0,0.0,0.0,2.0,2.0,0,1,98,7,30
S109,-0.98821896,0.65926546,-0.13992012,1.5704689,-0.47642526,1.3163991,1.2074394,-0.11462557,-0.35293645,0.19310254,-0.77170426,-0.24149263,-0.16785069,0.5100244,0.5131872,-1.0470694,-0.6534338,0.8341464,-0.498877,-0.042501226,0.7970507,-0.67956394,-0.35512704,0.565997,0.16424045,0.8661951,0.49433416,0.8863928,0.69688386,1.1619283,-0.053402092,-0.86361444,1.0968604,0.88156366,-0.16073859,-0.35952693,0.57288855,-0.50928754,1.8009825,0.44765642,2.2564883,1.4848568,1.104032,2.4867842,-1.9299527,-1.5417022,-0.7208354,0.2186243,-0.7701349,2.2490163,-0.25560102,-0.3159646,0.3247325,0.3273941,0.20334788,0.8917693,-0.14472233,0.42380828,-0.8754461,1.2500733,0.9219054,0.11401119,1.0738624,-0.60564095,1.1173854,-0.99336964,-0.23576815,1.1379873,-0.13645718,0.11391305,1.1151605,0.5898311,-0.05778023,-0.6480712,1.1365721,-0.60758376,-0.69273835,0.6619677,-0.14533806,1.5917896,-0.2606054,-0.44631273,-1.1103499,-0.44845676,0.43535542,-0.47361776,-1.3434261,0.7531632,-0.8498646,-0.37470543,0.9077495,0.0,1.0,0.0,1.0,0.0,0.0,1.0,1.0,1.0,0,0,28,39,4
S110,-0.13065405,-1.4833015,0.8097161,-1.9798365,0.5236836,0.20750268,-1.3451418,-1.3383863,-1.4733447,0.037786383,-0.15078175,-0.7080758,-0.45957455,0.32882428,-0.08680694,0.49541613,-0.23910017,1.0429838,0.4537162,0.41480663,-0.020687437,1.5787063,-1.7502334,-1.2527515,-0.07411871,-0.5978213,-0.8143852,-0.44328377,-0.3844728,-0.21927266,-1.2055143,0.9339999,-0.70739245,-0.6357776,-0.36551127,0.30273673,0.22372065,-0.9379811,3.3249512,0.13305666,0.77887845,-0.17102921,-0.25641787,0.6520386,0.35609987,0.4801011,-0.90845764,-0.117070004,0.92505586,0.041007068,-0.5059856,-0.24508534,0.10503124,0.11900488,-1.200825,-0.19334187,1.8576092,-1.0869471,0.9444807,0.7452718,0.28759405,1.7080394,-0.3866587,-1.7475657,-1.3680905,-1.0657134,0.08568689,1.2502259,-0.26219657,-0.52597976,0.55890155,1.1028322,0.60766625,1.9175378,0.16661176,-0.16182147,0.22643243,-0.8407103,-1.8967727,-0.763004,-1.0266641,0.9159969,2.0149586,-1.5692434,1.8791189,-0.11975816,0.5930316,0.5131837,1.0464629,-0.15657184,-2.293937,0.0,0.0,1.0,1.0,0.0,1.0,0.0,1.0,2.0,133,14,8,0,21
S111,-0.23232551,0.5247087,-0.594773,2.1774366,-0.30995613,-0.80964607,-1.3485075,-0.783109,-0.84127235,-2.467294,-1.2183636,-0.08693744,-0.608143,1.4438612,0.8180358,-0.1972559,1.36162,1.6030949,-0.3539295,-0.4032827,0.0455542,-1.5763612,-0.9958352,-1.7055904,0.75326556,1.4732908,0.5869633,-0.9131983,-0.5331485,-2.9084265,0.5503867,0.4642811,0.59327406,-1.607351,0.43607563,-0.29088113,1.5648702,0.26967284,-1.9117302,-0.5697957,0.10141707,-2.255986,-0.83402234,0.88532203,0.7303447,-0.6616917,-0.8132056,0.92931706,2.6618762,-1.425803,-1.8705145,0.32711992,-1.1810529,0.3378009,1.950837,0.7993582,0.1845159,0.050611738,-0.21614948,-1.2794867,-3.006118,0.6977765,1.8762276,0.468319,-1.4106756,-1.423016,-1.4421039,0.25758573,-0.03495348,0.06813869,-0.95927423,1.4786484,-0.8854238,-1.3242995,0.067194775,2.0367115,-1.5254812,0.95843256,0.59230864,-0.3198354,1.61881,0.62703764,-1.2357533,-0.2606693,1.6182514,2.0125864,-1.3106993,-0.3991063,-0.506507,0.11636749,0.5087942,0.0,1.0,0.0,0.0,0.0,1.0,0.0,2.0,2.0,0,6,11,73,17
S112,-0.44090086,0.47565317,-0.58166885,-0.46082106,1.6925651,-0.6728553,-0.5039357,0.791095,-0.6300241,-1.142772,-0.2263283,0.50992095,-0.88780177,-1.7892913,0.8896797,0.9643954,0.06641826,-1.0864913,1.0383267,0.67240137,-0.8962411,-0.38391694,-0.4651154,0.7822886,-1.1003956,-1.2301518,-0.73752093,1.8055209,0.14210622,-0.9460019,0.40897927,-2.1128223,-1.9326627,1.1430036,0.040199686,0.7994555,-0.103904516,-0.33232686,-0.6498084,-0.52368903,-0.61658925,1.0848287,-1.9162391,0.9389744,-1.1743504,-0.5710934,-0.7253317,-0.22187655,0.027526962,-0.122452095,2.0799136,0.53837955,-0.027507272,-0.3594892,-0.6632266,0.1418874,-1.0586962,0.79137963,0.25210774,-0.334191,0.11895693,-0.33268842,1.2101262,-1.7915909,0.42486715,-0.7404833,-0.5258515,-1.1902835,0.086463906,0.78230566,-0.2097637,0.7485659,-0.33458143,0.9711448,-1.3427663,-1.0228198,-2.0433648,1.5292293,-1.3654667,0.56226957,-0.39468896,-0.10968391,-0.6054288,1.5860276,0.7968418,-0.20663007,-1.2937967,-1.210881,-1.1932552,2.2319434,-0.9178999,0.0,0.0,1.0,1.0,0.0,1.0,0.0,1.0,1.0,0,4,5,47,5
S113,-1.6750834,-1.6765572,3.5305243,-1.4971682,-1.0836059,0.36265516,-0.35935542,0.5219981,1.1539317,-2.5755348,-0.38634616,-0.59539205,0.58533555,-0.9467611,1.330461,0.030563097,-0.4416849,-1.0966908,-0.91419023,0.019088663,1.6002756,2.1482506,-1.5416598,0.3387668,2.3149352,0.2294561,-1.3007953,0.033352904,-0.1744222,-0.21003844,2.8801095,0.31231794,0.744773,-0.7007871,-1.9053842,0.07740901,2.277128,1.76479,-0.28349614,0.122247025,-0.7574544,0.052198496,-0.23002735,-1.0076698,0.004580566,-1.0563895,-0.5001474,1.1252873,0.05213573,0.43423393,0.35857987,0.8792972,-0.6831964,2.2509782,0.98978,0.85381335,1.8775663,0.47965783,0.36218724,0.24970953,0.3986973,-0.07049576,-0.0886895,0.91361153,-0.702877,1.458667,0.9187119,-0.24968415,1.3176239,0.18150838,1.3448229,-0.08646493,2.1992977,-0.8970854,1.2133366,0.46072227,-0.2599327,2.1837878,-0.5480281,0.9442779,-2.7540658,-0.89759105,-0.13929333,0.76915437,-0.1553953,1.5974371,0.91063756,-1.2304957,1.5224426,-0.58279645,1.9546486,1.0,0.0,0.0,1.0,0.0,1.0,0.0,2.0,2.0,166,0,2,0,0
S114,-0.20414512,-0.7622909,0.5866922,0.8890546,0.036549248,1.1737514,0.7855606,-0.74278134,0.25783673,-0.0017575882,-1.1656272,-2.1508515,-1.335729,-1.7340342,0.9315349,-0.9166799,0.0107179275,1.6485451,-0.23931393,0.14870241,-1.2292624,0.56794447,-2.70949,-0.59737045,-1.6421826,0.13947555,-0.48268333,-0.29125905,-1.4431572,1.9592768,0.5883515,-0.29730025,-0.5915607,0.18449175,-1.6855215,-0.653105,0.6683557,-0.36127868,0.76821077,-0.37486094,0.09498558,-1.6031808,-0.08694028,-1.5351491,-1.1759031,-0.8901413,0.0164129,1.09214,-0.51512814,-1.4891093,1.4385992,0.82816064,-0.6893019,-0.21355021,0.18533793,-0.4928351,-0.58022666,-0.10015422,-0.61350626,0.10501677,-0.80695444,-0.8217343,-0.03337746,0.5385614,0.31520566,-1.0181644,0.82363987,0.54079914,-0.9115168,-0.66675514,1.1672255,-0.5967317,-1.1722537,-0.14622799,1.9822475,-1.0670598,0.0697915,-0.56559587,0.08287311,1.0680673,0.5432702,0.01180227,0.72835135,0.15106753,-0.16225368,-0.9251964,-0.76292485,1.6540577,-0.026858218,0.8666875,-0.8613948,0.0,0.0,1.0,0.0,1.0,1.0,0.0,2.0,2.0,104,8,10,8,4
S115,0.03444769,0.5305651,-1.3454176,0.11352862,1.888189,2.2935603,1.5482348,1.6584959,-0.7342189,-0.1798992,0.3785744,-0.5603262,0.81939554,1.8068014,0.39282814,0.9117633,1.0948848,1.3516165,1.3293833,-0.8292172,0.47640944,1.0033953,-1.3661529,-0.27953923,0.14207204,0.513182,0.71994114,-1.1487625,-0.13951308,-0.4075389,-0.015052865,0.055938404,1.3284854,-0.7349846,-0.40733808,1.2297107,0.64033276,-0.12159625,-1.3002564,-0.041161347,-1.6388096,-0.47368982,-1.2419775,0.8348847,-1.3153918,-0.30112532,-1.1077752,2.7376893,-0.103747085,-0.64918524,1.9730835,0.35614413,-0.45895022,-0.07783696,-0.5171803,-1.6303148,1.1889385,-1.2789803,0.3526312,-0.037755072,0.44106045,0.14603142,-1.5588729,-0.44837847,1.7848473,-0.46406043,-1.0571754,-0.8593521,2.9684048,-1.4888504,-0.1119196,0.715036,-0.7151046,0.6289848,-0.5670274,0.6768472,-1.1683905,-0.809038,-0.057879146,0.39737412,-1.6856763,-1.832994,0.52143073,-0.38263312,-0.25199655,0.65140826,2.307915,0.17032705,0.32932857,0.88661385,-1.8587686,0.0,0.0,1.0,0.0,1.0,0.0,0.0,2.0,2.0,0,10,4,61,47
S116,-2.1005187,-1.3072524,0.8778575,-1.3716426,1.1369492,0.07289275,0.28869388,1.7683873,-1.497801,-0.452117,1.0462629,-0.19947958,-0.77027464,-1.0954291,-0.77654606,0.10609017,1.0800127,-0.27077776,-0.9164716,1.0722189,-0.83456796,-1.4413097,1.6258458,1.2892891,0.534187,0.27073902,-0.26768646,1.2444082,-0.037953872,1.1813543,0.9246518,-0.5402696,1.1778508,0.0408798,0.47085065,0.9471879,-2.0036974,0.34607095,0.06553279,-0.42690557,0.65029275,-1.2694371,0.79773426,0.89184976,-0.009683114,-0.7530904,0.60304713,-0.23630162,-0.3434204,0.1168074,0.39854082,0.29582936,-1.0735492,-0.05001405,-0.5662481,-0.026369188,-0.028112758,0.24094765,0.59709907,1.866391,-0.3310041,-0.9255571,-0.7359102,-1.4457254,-0.22833677,-0.23341508,0.4423985,0.08008926,-0.39615747,-0.18696441,0.13916853,0.18383607,-1.5955502,-0.4062533,-0.9368613,0.40168673,-0.4650887,-1.8769703,-0.41190338,-0.76891387,-0.73335165,0.53232163,-0.57845,-0.49786985,1.4805144,-0.6494753,-1.9658463,-0.67744404,0.7786463,0.62866247,0.974716,0.0,0.0,1.0,0.0,0.0,0.0,1.0,1.0,2.0,20,0,91,1,7
S117,1.7573073,-0.33969367,0.0004592331,0.089309745,0.49312627,0.66607714,-0.5302272,1.5560821,-1.7256023,-0.42788902,-1.0826269,-0.393488,1.6000202,-0.6508147,-1.7219425,-0.094742015,-1.7860024,-0.3444827,0.11273581,-0.8089469,-0.2181095,-1.3913314,-0.91635907,0.07639283,-0.71057695,1.0945778,0.45013726,1.05226,-1.2098798,1.7317133,-1.9348289,-1.5953354,2.7016075,0.8026349,0.19057831,0.11887844,1.0933882,0.19024476,0.8524293,-1.3189058,-0.26272836,-0.66687286,0.5372392,-1.367363,0.5140733,0.5496715,-0.5655386,-0.8833299,0.17812136,-1.0677958,0.4873514,0.39766553,-0.4091963,1.6712176,-0.5963352,-1.2309482,-0.08190247,-1.0514067,-0.7159281,-0.3013244,0.9537002,0.7313343,-2.0099773,0.9884342,1.5519645,0.4378366,-1.143087,-0.5533486,0.20762184,0.111628436,-0.7586289,0.2802299,-1.8003404,0.7965261,0.6489163,-1.9494085,1.1027926,0.26722565,0.90762085,-0.0010360248,-0.8372779,0.42573643,-0.8679028,-0.18744625,-1.804071,0.47931984,0.05147443,0.121455766,1.1327249,1.482385,0.03189423,0.0,1.0,0.0,0.0,1.0,0.0,0.0,1.0,1.0,16,85,0,0,1
S118,-0.39489764,1.9617544,-0.29581952,-1.286597,-0.80968386,0.94812655,-0.89476275,2.3437924,0.34320062,-0.9071083,0.70232904,-0.67434764,-0.054111354,0.7960148,1.4805424,-1.910867,-0.6602063,0.33069083,-1.4605561,2.0615175,-1.6643406,-1.0249674,0.8280086,0.11863466,0.6306965,-0.36448672,-0.7604008,-0.4909972,0.05518414,0.99440897,-0.997415,-1.8979456,-0.65752953,-0.5182776,-0.14256655,-1.0386384,-0.28449664,0.39633694,0.75074637,-0.6454187,0.121987686,0.67669046,1.8101414,-1.2157927,-0.4655937,0.93012685,0.041098647,-0.46246868,-0.34245986,-0.92710763,0.7170396,0.28014573,-1.8103114,1.570362,-0.6903102,0.05456062,-0.28726986,-1.2375227,-0.356801,-0.6075549,0.54217076,-0.35156387,0.4597914,0.72437805,-0.28972694,-1.649711,-0.67175853,-1.4219656,-1.2022659,1.2944047,0.031366426,0.3036828,-0.6020718,1.49189,-1.6710014,1.2863492,-1.6344682,0.95041585,0.59799457,0.045564223,0.32446286,0.88667905,0.011169382,-0.2510825,0.50909626,-1.0846528,-1.6529256,-0.28026506,0.3544078,0.41457233,0.1956022,1.0,0.0,0.0,0.0,1.0,1.0,0.0,1.0,2.0,0,0,7,133,0
S119,0.35085958,-1.1382684,0.8764614,-1.1927985,-0.43225715,-0.77174693,-0.40492743,0.252748,-0.25791803,-0.38665515,-0.17694706,-0.27763277,0.6433881,-0.860321,-0.3602079,0.6691956,1.148915,-0.5596039,0.42722857,0.39087236,-1.3171,-0.76325244,-0.6050496,-0.583654,0.22018747,-0.3804563,-0.30996358,0.5157322,0.19622408,-1.7460349,0.9912999,-0.96421444,-1.3899711,-0.3486553,0.26997575,-0.0748957,-1.5566946,-1.3677531,-0.06125105,1.158445,-0.35577026,1.3119017,0.59427893,-1.2646092,0.747458,-0.6422087,-0.55907166,-1.1044095,-0.2819055,-0.25250486,-1.3224335,1.2641088,1.6332629,-0.2567073,-1.855726,0.7051501,-0.6082616,-0.042647503,-0.06272953,-0.7910128,-0.17949988,0.22216801,-0.47906357,0.5729816,-2.1162946,-2.1639116,1.7207241,-0.13822211,-1.2189686,0.801702,-0.579303,-1.743193,-1.4369832,-0.19012247,0.22181298,1.7025484,-1.7662987,0.48775864,0.73748696,-0.011771835,0.5672203,0.6065442,0.6529123,0.25049293,-0.30609354,0.028786087,0.13864419,0.08110348,-0.7455462,0.25984538,0.33875707,1.0,0.0,0.0,0.0,0.0,0.0,0.0,1.0,1.0,119,12,1,0,0
S120,-0.18781398,-1.1618925,-0.845048,-1.6148472,-0.7207957,1.8439316,-0.055956997,-0.18704295,0.06251123,0.08395872,0.048737854,0.37365833,0.9700596,-0.6793648,0.11444545,-0.57173324,-2.011934,-0.33234173,0.71394473,-0.015270176,1.0838803,-2.3112197,-1.327701,-0.524287,1.0537755,0.94512826,-1.6007606,-1.1353843,-0.62341136,1.5353211,0.0017501971,0.16527098,-1.5975153,0.17727783,-1.5218464,-0.5441961,0.6507071,-0.22230138,-0.2678111,-1.5411655,-0.77313304,-0.25012293,-0.87171775,0.41608882,-2.188635,0.6948924,-0.26375213,1.0064389,0.92126685,-0.0052844733,-0.3963169,1.0324907,-1.3117412,0.48388028,0.04855445,1.7406955,-0.1009284,0.54319185,0.6789896,0.9536945,-1.6844296,0.0068823914,0.018036509,-0.7942573,-0.65133846,-1.0935059,1.1142716,-0.046210833,-0.35603052,-0.20645538,-0.35849077,-0.51699305,1.5672544,0.89084405,-0.25362444,1.6690181,1.0926337,0.127183,0.51063865,0.04195122,-1.4516834,-1.7351905,0.18986365,0.82045066,-0.4114992,-0.35252053,-0.24744721,0.9919814,-1.4874495,0.70422554,1.3712522,0.0,0.0,1.0,0.0,1.0,0.0,0.0,1.0,1.0,10,44,77,10,29
S121,-0.19523583,0.3844113,-1.2833341,1.8479875,2.26751,-0.47509935,-1.2033592,-1.2164783,-2.2928514,1.9022627,-0.21529296,1.2229834,0.05767582,-0.07004175,-0.71878284,-0.1566169,-0.51310277,-1.7771323,-0.10772618,-0.9781865,-0.6694519,-0.4384431,1.3816535,-0.8478944,-0.10678795,-0.54854,-0.39815015,0.5184969,-0.48626697,0.023716843,-0.6064782,0.5523174,1.7847446,-1.599089,-0.4538729,0.8634173,0.35931182,1.0535771,0.4177118,-0.115711294,0.6024588,1.6544697,-0.7273495,-0.8094981,-0.23164652,-0.16022086,-1.1088831,0.36309275,0.34193695,-0.06376172,-0.8391639,-0.7984307,1.6090041,-0.73373944,0.31392846,-0.8286584,0.5253486,-0.31911916,0.29119813,0.056516137,2.6340294,0.52519435,-0.9226888,-1.4945801,1.0670645,-0.3626238,0.045047518,0.5225969,-0.43361986,-0.37527058,-1.0656744,-0.3773116,0.21197356,-1.144663,-0.48298028,0.038636897,-0.8563177,-0.63886535,-0.7221759,-0.80951583,0.21306014,0.9535664,0.7171385,-0.9519189,-0.2903886,0.07997727,-0.32608435,-0.27622488,-0.58580637,0.907249,-0.12857006,1.0,0.0,0.0,0.0,1.0,0.0,1.0,2.0,2.0,0,5,40,38,38
S122,1.6047864,-0.2691349,-0.29245853,0.86302394,-0.50853294,0.39389697,-0.49083328,1.2376614,-1.239643,-0.29244378,-0.932669,-0.9252461,0.39484182,-1.2407919,0.92310387,1.1551967,-0.26805192,-0.6621182,-0.016232645,1.2602673,-0.7010069,-0.28783995,1.2574719,0.6382721,-0.2857759,-0.69559526,-1.3233165,0.29713902,0.3185606,0.22964336,1.6782806,-0.52271545,-0.92598104,-0.31636274,-0.3630389,0.74263597,-0.043495145,-0.7663986,-0.53446776,-1.758127,-0.5976327,-2.1374378,0.015923435,-0.5420382,-1.5167791,0.052561756,-2.418943,-0.7918884,-0.6714508,-1.1679729,-1.3864679,0.029722035,-0.490588,-0.19878353,0.7046019,0.6828339,1.4726918,-0.0015322412,-0.5225202,-0.78320664,1.0557263,0.7231213,0.8347348,0.4339508,1.4368025,0.25084993,-2.0817456,-0.44992203,-0.8185252,-0.54874355,0.1565737,-0.84901905,1.4900898,-0.41116217,-1.1392115,0.11203084,0.41229764,1.3106984,0.66047126,0.73738474,0.81886095,0.4797706,0.10425091,-0.06433394,-1.3628412,-0.21739018,1.6104338,-2.58519,0.667166,-1.5695257,1.2819612,0.0,0.0,1.0,0.0,1.0,1.0,0.0,2.0,2.0,6,146,0,0,0
S123,0.13982923,0.42453814,0.17437641,0.62203676,0.26105386,1.1437918,-0.18893316,-0.7105043,-0.120547205,0.96182007,0.8284505,1.7261463,0.053427488,2.0571258,-0.6097854,0.44685385,-0.09092983,-0.124431,0.41455215,-0.5191826,0.53618515,1.3541527,0.13935186,1.2521174,1.2182827,2.3015404,-0.7004431,-1.0508119,-0.9112484,-2.4597063,1.7258241,0.66012406,0.40038943,-1.100463,-0.5482356,-1.1481092,1.6400365,-0.3272364,-0.83524764,0.1522656,1.1777542,-0.49402645,-0.5339889,2.4330227,-0.35139254,0.120016284,-1.5657545,-0.22951747,-0.5833075,0.36743128,0.42510203,0.2732389,1.5579963,1.8426732,-0.2617256,-1.3153251,-0.30703703,1.4704684,-0.63560444,1.058365,0.11399834,-0.5630506,-1.8302872,-0.26849395,1.2588589,-0.018684102,-1.3729904,-0.13513821,0.88189095,-0.7504728,0.14808272,0.28489783,0.41276717,0.8238946,-0.42421046,0.6739138,-0.6504342,0.8583198,0.07824972,0.70282865,-0.08734847,-0.40343753,-0.2549893,0.649422,1.3211615,0.61622286,-0.85355127,0.36406615,1.3630292,-0.876611,-0.22384007,1.0,0.0,0.0,0.0,0.0,1.0,0.0,2.0,1.0,9,16,11,44,7
S124,-0.23389402,1.6823938,-0.776053,0.47717854,1.2752953,-0.4236393,-0.9453736,-0.44246727,-0.9892644,1.716219,-1.1848124,-1.751512,-0.22286375,-0.065298535,0.35755253,1.570455,-1.2998039,-0.29062313,2.063187,0.06995755,-1.0456389,0.70281863,-1.5520061,0.3080293,-1.196577,-0.86985636,0.018915707,1.1021934,2.1690233,1.9208719,-1.1787128,-0.5746898,-0.05055055,-0.444494,-0.09831946,-0.8885015,1.090513,-0.97432053,-1.2263775,-1.712136,0.39411905,1.5922124,0.6256476,0.49004903,0.2193555,0.9532407,0.40480796,-0.5740369,0.24683188,0.20000647,1.0872843,-2.6229413,0.5654049,0.61570936,1.6195841,0.7904168,-0.26272756,0.08013684,1.8367053,-0.6769413,1.3282431,1.0511823,-0.9875126,-1.0925057,1.0496564,0.8816851,-0.67347336,-0.5070229,-0.5680306,-0.77604043,0.39199272,-1.9761711,-1.3915507,0.88606775,0.5465734,-0.1138041,1.9975662,-0.14663821,-0.3921995,-1.168547,-0.5123773,-1.6960119,-0.87904036,0.034585472,0.7055562,-0.26669136,-0.5571764,0.84917104,0.26164937,-0.35208243,-0.3409798,1.0,0.0,0.0,0.0,1.0,0.0,0.0,2.0,2.0,0,0,0,174,20
S125,0.32620856,0.7195672,0.4809445,0.36935812,-0.33323655,0.52104795,-0.16158952,1.2147115,0.2850227,2.238068,-0.6492921,0.8275514,-1.3699617,1.2021016,-0.57587826,-0.71800894,2.2404861,-0.7836114,-0.17599988,1.9592053,1.012677,-0.42191744,2.3896272,0.19078808,1.5512943,1.8257998,-0.30710104,0.97329444,0.24358399,0.024819823,-0.0027397415,0.936743,-0.13174808,0.34699982,-0.7513409,-1.050298,-0.034449097,1.3156221,-1.1484953,0.37880787,-0.5817586,0.24761635,-0.8520736,0.22276866,0.1086145,-0.024948936,0.5637891,-1.8929741,-0.6429021,0.94936895,2.4296386,0.69225645,0.32414046,2.7040668,0.11129287,-0.5175578,1.0684043,-1.8718133,-0.6889457,0.87803996,0.43457404,0.22170557,1.539907,-0.8466798,-1.0707421,-0.25167677,1.1012925,0.9869356,-0.9148212,0.9515687,1.8147281,1.5309055,-1.7138251,0.8405941,-0.37324962,-0.8907848,-0.2502769,-0.120015554,0.707475,0.1367722,-1.3901061,0.6299633,-0.24484165,-0.3504976,0.2120069,-0.56480676,-0.42385077,-1.3048724,-0.98721975,0.48489448,-0.043050397,0.0,1.0,0.0,0.0,1.0,0.0,1.0,2.0,1.0,42,33,1,83,29
S126,0.45198926,1.0083956,0.4259498,0.0018499523,-1.279638,0.56101936,0.3255655,-0.43814415,-0.17553917,-0.5112003,-1.3019774,-1.2689446,-0.99095327,-0.30109078,-0.47231168,-1.1765565,-0.71038204,-0.689428,-0.9720096,-1.516425,-0.21163206,-0.38866913,1.3531358,1.8453479,-1.540619,0.67701566,-0.08958604,-0.08435819,-0.49338996,1.0721656,1.3007098,0.21833791,1.130822,1.2985445,0.17920333,1.3436506,-0.34149554,0.7128153,1.9811052,0.10380623,0.110521495,-1.0360881,-0.37175348,-0.3829331,-1.2525741,-0.6150346,1.0087472,1.1118765,-1.0780026,-0.3877334,-1.8304129,0.056675687,-0.57315326,0.5769081,0.18695098,0.38311666,0.5552217,0.59302855,-0.06787802,-0.015122849,1.2907059,-1.1770018,2.6475682,-0.65231305,1.2906301,-0.016834656,0.10574745,-0.54247653,-1.373482,0.5119672,0.49456602,-0.71252465,-0.24048983,-0.7734504,-1.0394479,-0.68922496,-0.99806195,-0.9350717,-1.2196518,0.7200077,0.7109891,1.9121543,-0.8377377,-1.3795292,0.5118932,0.08843876,1.5938464,1.5231959,-1.3016771,0.33418754,0.2460084,0.0,0.0,1.0,1.0,0.0,1.0,0.0,1.0,1.0,2,32,6,66,18
S127,0.4927221,0.8554541,1.5298914,0.57965934,-1.485845,0.07740976,0.081810415,0.8171921,0.9374495,-1.3592945,1.1963575,-0.29904354,0.14616263,0.20316406,1.5785108,0.7725627,0.35098928,1.0720297,-0.18102154,-1.093432,-0.56832206,-0.1852981,-1.3084942,-1.388572,-1.4829344,1.6137419,-0.59676856,0.9293729,0.32546043,0.75649875,0.52075577,-0.6958131,-0.6195264,1.1655539,1.5434164,-0.6325614,-0.83133256,2.4079823,-0.9793908,2.2042818,1.4775478,0.09631974,0.32052717,1.455756,-1.694512,-1.3322874,1.0308821,-0.44506463,-1.6710035,0.67420757,0.23582235,-1.1359605,2.270844,-0.38156882,1.148557,0.68276656,-0.030647233,-1.3961507,0.2222429,-1.4089519,-0.34270516,-1.4330575,1.5565594,0.5818614,-0.37119883,-0.12471414,0.6633155,-0.14849119,0.7450639,-1.6813474,1.3441582,-0.80118644,-0.61358726,-0.95308906,0.3324682,0.02341617,-0.02654304,0.52271324,0.82660097,-0.389333,-1.4653146,-2.1536694,-0.39326102,-0.2867618,-0.3376037,0.7497129,1.506424,1.0795381,1.461938,0.3960739,-0.8679129,0.0,1.0,0.0,1.0,0.0,1.0,0.0,2.0,2.0,86,7,0,52,0
S128,0.4476545,-1.2746464,-1.1489022,1.2347114,0.89116645,-0.3658822,1.3009957,0.15402038,1.740214,0.07272995,0.25869334,-0.48011896,0.14456433,-1.1020824,-0.31452674,0.6551764,1.2340206,0.5239464,-0.10481925,0.19324777,0.18664284,0.3883339,-0.012672363,-1.3663058,-0.52585655,0.5547051,0.43626195,-2.4134877,-0.69177824,-0.5827421,0.95677507,-1.8442615,-0.040865045,-0.82974285,-0.8509471,0.294752,-0.71387684,-0.938302,1.1459073,1.547856,-0.023904534,0.1858496,-0.078351855,-0.606814,-1.04262,1.8103826,-0.8358136,0.09781675,0.07265218,-0.57751745,0.3154549,1.1659585,1.8619338,-0.19388235,-1.5579128,-1.0977966,-0.9268142,-0.5906612,-0.6964628,-0.70904416,-0.20004824,-0.6351348,-1.3025585,-1.9928524,0.63866395,0.8864115,-0.64082986,-1.2456075,-0.3788946,-0.79028773,1.9327235,-0.864973,0.582734,0.59060025,0.9428434,1.4978769,-0.2524005,2.7086654,1.6027557,1.0600045,-0.06656862,-1.5936519,-0.7308819,-1.4024335,0.28803605,-0.02168848,-0.16125387,-1.1007503,-0.22839081,1.7260299,-1.5961798,0.0,0.0,1.0,0.0,1.0,0.0,1.0,1.0,1.0,22,50,2,0,17
S129,0.32050854,-0.34865206,0.6115661,0.15775546,-0.11834234,-0.970453,-2.3203132,-0.336454,0.8294226,-0.3442869,0.7898997,1.8314162,0.06389162,-0.019279715,-0.22714245,0.97897315,0.6648912,0.49035808,0.27510113,-1.2669144,-0.42266828,0.22227356,0.24891007,1.3949406,1.246952,-1.7773447,-0.62458533,-0.91750354,1.1045763,-1.0458708,1.3592836,0.29088077,0.56987184,-0.78128153,0.14085713,-1.8586369,-0.65100944,0.54545486,-0.9254521,1.1219507,0.026498329,1.069755,-1.9781677,-0.9034424,-0.9065672,0.21588728,0.7261324,0.8873372,-1.3807851,-2.9288635,0.7120175,1.5311377,-0.28905722,-0.9416247,1.0280852,0.47039464,-1.021663,-2.1068294,-0.7815659,1.2027752,0.4342379,0.55094236,-0.54017115,0.7648747,-1.756047,0.49639592,0.1250595,0.3191608,0.40164497,-0.940466,-0.011701729,0.16959836,0.71588963,0.8975199,0.6435734,1.0640265,-0.26229122,-0.18250205,0.9673464,-0.8176661,0.83491814,-0.8934943,0.93340987,-1.3031542,-0.7725336,-1.5675535,0.54362607,0.79380053,-0.1846259,-1.3622413,-0.82051176,1.0,0.0,0.0,0.0,1.0,0.0,0.0,2.0,2.0,39,25,0,0,1
S130,0.19309825,-1.3426,-2.1695755,0.41572964,-0.5511046,0.29748878,-0.55998003,0.5420156,0.5943634,2.1185021,-0.030132022,1.2218632,1.1932943,1.322342,-1.0799506,-1.3793691,-0.89214057,-1.3680179,1.1642675,-0.05421021,0.8703838,0.09663324,-0.11606946,1.0826101,0.6706758,-0.12376449,-0.5002544,-1.4604703,-0.4531185,0.47794956,0.47029507,0.8618723,-0.19248366,-0.06441414,0.8805316,0.86556095,0.055706926,-1.3057216,-0.5641681,1.2912811,0.20768256,2.1974392,0.03974991,0.67846656,0.53864527,-1.0466324,-0.85039836,-1.0675415,1.731024,1.3734862,1.5356967,0.9581411,0.87861145,-0.26631007,1.1756256,-0.67930204,0.27722824,-0.19984668,-0.59652776,-0.3647162,-0.4425292,-0.86990213,0.37129575,-0.06119039,-1.6963964,1.2941843,0.18662256,-0.6567353,1.0485847,0.6912539,-0.6922725,-1.1371607,-0.85934025,0.49101213,-0.99921936,-0.3409137,-1.1319494,-0.8726068,0.8913703,-1.1588283,1.4927261,-0.4174601,-1.5023106,-1.8744916,0.007325867,1.2356102,-0.59708506,-1.0816944,-0.2136079,-0.024572115,-1.2613611,1.0,0.0,0.0,1.0,0.0,0.0,0.0,1.0,1.0,0,14,52,5,54
S131,0.100365855,-0.40488014,0.07784502,0.289,-0.4835045,-2.7473214,-0.64242303,1.4918321,0.71490455,0.13746268,-1.9617869,-1.5452979,1.1027133,-0.13289608,-1.0550369,0.3366409,0.055020917,0.8357959,-0.22747605,0.33927935,0.642171,-1.2263895,-0.28445315,0.20438041,-0.5343809,-0.74618405,0.53470844,1.3459592,0.98222333,-1.9853272,0.8670921,0.9678076,0.7222361,0.39777595,-0.26854333,1.2540053,-0.16596426,-0.94150937,-0.22872448,-1.7094817,1.5515326,-0.57351536,1.1980827,1.1200107,-1.7159067,-1.5527275,-0.0061585093,-0.83142513,-0.56348455,-1.266451,-1.390814,-0.16213882,-0.96505004,1.3797512,-1.069988,0.9779576,-0.6462832,1.5464196,0.55221105,1.4949167,1.7705543,-0.76799613,-0.15695277,-0.09156637,1.115791,0.19159767,0.27654663,-1.45353,1.5471399,-0.70534736,-0.27846232,0.3709189,-0.29612893,-0.8092363,-0.7294175,0.69581556,0.64369327,-0.45875213,0.27772456,0.84853387,-0.12463152,0.52034974,0.33033752,-0.68904275,2.038647,1.2101172,-1.6964712,0.744165,0.35207555,-0.697195,1.3022996,0.0,0.0,1.0,1.0,0.0,1.0,0.0,2.0,1.0,14,26,1,7,7
S132,-0.58276486,-0.19447322,-0.21954013,-0.6520666,-0.7752099,-0.24749798,0.9501141,0.7994124,-0.014956037,0.025826642,-0.87316597,-0.67826176,0.7499669,-1.2893814,0.27268487,2.2645164,1.2525935,-0.6129157,-0.12262188,1.7921215,1.6166161,-0.2725959,0.010295456,0.06514317,0.5814596,-0.060211476,0.16201901,1.1268716,1.3393482,-1.102962,0.30278018,0.45685488,0.80498904,0.13836426,1.1421945,0.8040613,-0.036682736,0.8574521,-1.3449936,-0.7404649,-1.2177004,0.13019194,1.1244204,1.4837085,1.0271868,-0.48187044,-0.8681853,0.46742153,-0.024249729,-0.914137,-1.4224081,0.2732602,-1.3231947,0.009253432,0.78455335,-0.8536845,0.26819187,-0.06403129,-0.9254887,-0.066910215,-0.3441278,0.9786712,0.2505509,1.5381486,0.886603,1.0032338,0.22622316,1.9276242,1.9528064,0.36463034,0.058747396,-0.44603717,0.57937014,0.63704294,-0.1333731,-0.8723448,-0.26946616,0.41443652,-0.92004037,1.3297689,-0.97054315,0.17696661,-0.029837701,2.210761,-0.8274804,-0.6239287,-0.7482073,0.0146663515,-0.7433461,-0.5821682,-0.22472274,0.0,1.0,0.0,1.0,0.0,1.0,0.0,1.0,1.0,10,10,38,13,21
S133,-2.450759,0.79825157,0.6041615,-1.4261146,-0.21447462,-0.049047034,-0.95227724,-0.87848794,1.9716715,1.7598994,1.6150659,-0.09300092,0.31177276,-0.7502023,-0.91925323,-0.4485503,1.7497113,1.6420996,1.1715449,-0.060773335,-1.7068758,0.44576377,-0.4803858,-0.31762388,-0.95065254,-1.4202794,-0.52454686,0.11468964,0.715422,0.40628162,0.37867984,-0.39716467,-0.2944808,-0.75499177,0.015184196,0.68587345,1.2883058,-0.10416376,0.21145684,0.33013463,-0.81754035,2.2024307,-0.16980596,1.780251,-0.76132864,0.7997927,1.6954514,1.0370234,1.977522,0.59210306,0.6281791,-0.410759,-1.6185309,1.842724,0.97439086,0.26183888,0.92200524,-1.4126686,0.21756153,0.6758505,1.2868084,-0.9688739,-0.79653853,0.28419057,-0.109371565,-1.4116031,0.059813507,0.48589572,-0.12582228,0.28405336,-0.65477353,-0.14566611,0.574613,1.047172,-0.6036926,-0.26643774,0.1963903,1.5620141,0.21491413,0.80217457,0.052410904,0.48401207,0.1874707,-1.7467433,-0.910629,0.31042138,-0.56853175,0.7996486,-0.014028947,2.2761328,-0.22700273,0.0,0.0,1.0,0.0,1.0,0.0,1.0,1.0,1.0,0,0,90,76,0
S134,3.0521846,-0.4128872,-0.6474798,0.43841162,-0.04239078,0.39705595,-0.4739556,-2.359574,-1.2166045,0.52310616,-1.5900598,0.09955604,-0.37996602,-0.5620907,0.056546852,0.22993068,-0.93068695,0.14894883,0.40302584,-0.8079451,-0.28958768,0.38448384,1.3099774,1.4769032,-0.24001276,-0.095541574,-1.349812,-1.1923705,-0.6834618,-1.2033949,-1.3698819,-0.4379693,-0.8572118,0.19080827,0.86527723,-0.33464518,1.0402262,-0.5382844,-0.28966367,2.0351264,0.47177488,-1.6373458,1.3572423,-0.0849937,-0.52990514,0.9530568,-1.2557226,0.73814636,-1.1803602,0.5716926,-0.2242429,-1.7981534,-1.2546858,-0.82217705,1.4694928,-2.3075411,0.76800966,-1.5159769,0.92714,-0.45987254,-0.68837744,-0.21240497,0.35666227,0.06685321,-0.9945859,1.4459417,0.2689623,-0.6792866,-1.3493145,-0.44042447,-0.25678638,-1.3833646,-0.20639604,-0.274014,-0.3812641,0.20507155,-1.1181942,0.26204342,-0.07015831,-0.8308768,0.32568872,0.76509964,0.24708426,0.71151245,-1.1960138,-0.2952083,-0.21509357,0.14072357,0.0061593098,-0.06461581,0.97315884,1.0,0.0,0.0,0.0,1.0,1.0,0.0,1.0,2.0,8,178,0,0,0
S135,-0.37560856,0.7082631,0.48434737,-1.1610965,1.4346173,0.3776676,0.081958905,0.6117989,0.56875896,-1.4174302,-1.2476159,-1.1644995,-0.6305307,0.45226136,1.1231326,-0.7667151,-1.5144693,0.23504502,0.51615053,1.4592553,-0.9609246,-0.4512824,-0.3829881,1.1043217,-1.0564483,-1.1746029,-0.29206836,-0.28699538,-0.016122669,-0.43441665,0.88266504,-0.6088198,1.048314,0.5188385,-0.05777987,0.9421864,1.2334422,-0.15666553,-0.7692545,-0.83056223,1.3502136,-0.51134074,0.7388356,-1.0448043,-1.3500708,-0.020899517,-1.0908811,-0.49380425,0.3579165,-0.023342164,1.6233054,0.8384354,-0.49501273,-0.24997482,-0.28735706,0.40995747,-0.20250484,-0.25299776,-0.11952526,0.86356735,0.4966573,0.51888883,-0.9401511,-0.65798473,0.4248433,0.10860907,-1.3923504,-0.8856035,-0.49754223,-1.2311549,-0.1512691,1.1739439,0.56672084,0.7590713,-0.14627658,-0.6285159,-0.54971933,-0.5150907,-0.7309834,-1.3118007,0.75523686,0.34413597,0.7586076,-0.3472492,0.52118313,0.7106636,0.07223952,-0.32008746,1.1397763,-0.5834667,-1.5609186,0.0,0.0,1.0,1.0,0.0,1.0,0.0,1.0,1.0,6,3,18,58,7
S136,1.2440504,-1.024771,-1.1088446,-1.3548728,0.3373145,1.6302125,-1.1804948,-1.2701225,0.7513179,-1.4769704,2.2488952,-1.9116762,0.12694377,-0.9383957,0.003502312,-1.9769341,0.56370705,-0.3992684,0.88807243,-0.6865168,-0.53048325,0.28469977,0.22549549,1.8748242,-0.60637945,-2.1138844,1.2593658,0.6772072,-0.20493957,-0.576493,-1.0099163,0.48651314,1.0574543,-1.2867644,-0.06316809,-1.4534731,-0.9720665,-0.5412939,1.3498031,-1.2232616,-1.8952587,1.3805238,0.019463757,0.26646957,0.031121831,-2.2296438,-1.6073169,1.6597372,0.3064226,1.8049384,-0.5752743,-0.1686869,-0.6101965,0.18470177,0.9192529,-1.9305735,0.6304943,1.568332,-1.496853,-0.6932006,1.4104028,1.5787436,-1.144842,-0.5772691,-0.4091659,-0.5998327,1.9378815,-0.3785225,-1.9352589,-0.8487033,-0.8157685,-0.42826667,-0.085535996,1.5553771,0.26124498,1.3947746,1.0100932,-0.2729195,0.9288469,2.585615,1.0142697,1.7234737,0.28328001,2.2577093,-1.5732085,-0.3207497,-0.3100136,0.03504038,-0.16683394,-0.2693444,0.34454635,1.0,0.0,0.0,0.0,0.0,0.0,0.0,1.0,1.0,33,68,0,0,5
S137,-1.2760099,1.386853,-0.013630919,-0.41534257,-0.8109863,2.1483443,-0.43358108,0.06874798,-0.04116101,-0.24330452,-1.4391363,0.43976563,-0.9315689,-0.4272901,-0.29605696,-0.2417278,-2.0380723,0.019443989,0.15111026,-0.3867369,-1.342147,0.4896041,-0.5489134,0.18751825,1.9764882,-0.83116746,1.1916509,1.0252101,0.18247989,0.43682978,0.9072124,-0.22780459,0.4145272,-0.4036696,1.0459461,-0.3926815,-0.30529004,1.1673168,-1.9934624,0.7141464,-0.57304,-0.21966527,-0.016952418,-0.73237216,1.6689519,-1.2424297,-0.70344853,1.4991623,1.3881009,-0.3950492,0.08746303,0.589777,0.5979262,0.5529854,-0.27255303,0.20052482,-0.42548794,0.9522822,-1.0203586,-0.7420935,0.053399254,-0.52642614,0.5998059,0.25448593,0.21529128,-2.2900681,1.7006334,-0.11056434,-1.0634342,1.0818381,-0.54077125,-0.69960105,1.0118388,0.1595719,0.19036886,-0.8370893,1.0675367,-1.2663804,-0.42896783,-0.43322495,0.9520076,0.10731274,-1.2916701,1.557528,-1.4654976,0.7162842,0.70979697,0.43133846,0.38921311,-0.482371,2.1641421,0.0,0.0,1.0,0.0,0.0,1.0,0.0,1.0,2.0,0,2,5,101,6
S138,-0.5282975,1.3805469,1.6833553,0.18388087,1.0352745,1.6501113,0.13286084,0.42393923,-1.1591543,-1.943878,-1.5396414,-1.203199,-0.7706602,0.2947961,-1.8766901,1.9764332,-2.007037,1.1231363,0.09516543,0.3629084,-0.5714269,-1.2975625,-1.0680408,0.6598071,-1.5796396,0.31355196,-1.2569132,0.553335,0.015435021,-0.95321786,-0.9569305,-1.1568485,-0.30898175,0.84273064,0.7673517,1.5326716,0.7073318,-0.12116801,-0.28423187,0.14634691,-0.047104165,0.1411698,-0.66336566,-0.6411124,-0.97305155,2.2391734,-0.1209898,-0.072331,-0.55420226,-0.40126765,-0.40164828,0.79650986,0.6133567,0.3495382,-2.3007739,-0.50975496,1.0705512,-0.15284781,1.2536552,-0.3142361,0.20397511,0.33776453,-1.1916099,-1.3602058,-0.47930238,-1.8594344,-0.2570948,-1.1368692,-0.38824996,-0.40194958,-0.21737699,-1.793542,-0.14832273,1.7569696,0.1268063,0.5868237,0.99580854,0.45052746,0.57484704,1.3995389,0.28356457,-0.19819076,-0.020873757,1.0298163,-1.5103198,0.2751582,-0.036482614,0.03597242,-1.7554171,-0.8216293,0.5731352,0.0,0.0,1.0,1.0,0.0,1.0,0.0,1.0,2.0,5,0,1,60,2
S139,-0.531018,-0.7391048,0.61407936,0.5228563,-1.0305767,-0.07851176,1.369554,-0.3899816,0.28727752,1.3235679,1.0729675,-1.189976,0.23761407,0.9936965,-0.04516239,0.2173976,-0.6975051,-0.0211919,1.5680557,0.85141355,0.34997964,0.4662595,-1.4210621,-0.65467197,2.3921583,0.94371784,-0.22133793,0.92116314,0.41087395,-1.9779811,0.46496862,0.6217695,-0.62203336,1.2055337,0.033376664,1.7502217,-0.5371362,-0.99555206,-0.67072314,-0.03192412,2.1316593,0.16919251,-0.66050345,-0.30642936,-1.2109578,0.46693438,-2.4453707,0.004877596,-0.55659133,-2.4974554,2.2946703,-1.3146781,0.023242537,-1.6819773,0.3351987,1.1100284,-0.77165717,-0.40884864,-0.5652426,0.5426343,0.7921966,-0.34982842,0.7285799,-0.52856517,0.4372153,-0.08894892,1.0749618,-1.7345934,1.7736773,0.2584422,0.7463346,-1.283764,1.0498838,-2.131494,-0.4130234,0.52614427,1.9318546,0.56887347,-0.28294414,0.46847957,-0.4665109,-1.1258583,0.5029969,-0.49844894,1.165976,0.24949461,-0.7687964,-0.45068848,-1.097819,-0.011496571,-0.478666,1.0,0.0,0.0,0.0,1.0,1.0,0.0,1.0,1.0,31,7,19,2,11
S140,1.1116774,2.016503,-0.7718293,0.44224116,0.4971708,0.3927147,0.1831616,-0.18313397,-0.62275004,0.5410468,1.5040964,-1.5487002,0.6398679,-0.8504849,1.0031757,0.4089563,0.07715061,0.2078032,-1.2527031,0.98912084,-0.21914586,0.23305854,0.14509962,-0.78249663,-1.237903,-1.009191,-1.4320797,-0.7467695,-0.23834296,0.3526545,0.76385856,0.53206676,1.9134283,1.7252555,1.653243,0.69745046,0.75233454,0.16517001,-0.7422367,-0.023839504,-0.35686153,-0.40255544,0.6224004,-0.62560725,1.8829015,-1.2732506,0.8609631,-0.14856079,-0.19618984,1.4501989,0.74326724,-1.0284246,0.41960937,1.4575593,-1.963317,0.26172227,-1.0912383,1.3677033,1.5671605,0.9954093,0.8337589,-1.3600205,-0.48465768,1.9685413,0.0073016547,-0.51727664,0.41520765,0.9375469,-0.00079356774,-0.3083331,-0.13438448,0.52908057,-0.31646737,0.7006625,1.7291762,1.0832108,-0.11111007,0.39054543,-0.7632784,0.49121165,0.6663442,0.28557777,0.58501947,-1.1254421,0.063378476,-1.6625812,0.8847904,-0.35595357,-1.5194341,-0.79547554,0.13881558,0.0,1.0,0.0,1.0,0.0,0.0,0.0,1.0,2.0,2,9,0,52,1
S141,-0.9976149,0.20787053,1.792528,0.040598653,-0.5720161,0.54273546,1.4638197,-0.36068556,-1.006846,-0.19621463,0.23729172,-1.5048696,-0.90417826,-0.03978331,0.021251874,-0.5542391,-1.2432697,0.8509615,-0.11541717,-0.49594066,-0.20711179,-0.19756456,-0.35751686,-0.2280991,-0.70333683,-2.4238434,1.4625773,0.3635043,-0.74705,0.07531299,-2.3022609,0.1468543,1.1427158,0.848393,1.0059806,-0.41297215,-0.20321998,-1.0088928,-1.0681269,-0.06706587,-0.73061067,-0.062215775,0.15434352,0.20631626,0.53152037,1.6686484,-0.42447537,-1.2883414,-0.14080712,0.46201023,-0.11341299,0.21958505,-0.083581515,1.2794294,-0.027230851,-0.97070616,0.99407566,0.29001048,2.4700048,-1.2291188,-0.4376065,-1.7998799,-0.3591132,0.13533045,1.1959949,-0.41124696,0.7593052,0.93289775,-0.62172806,-2.0374923,-0.14421467,-0.055195693,-0.7695844,-1.0158998,-0.3560422,-0.6197546,0.61829054,-0.6657251,0.96864414,-0.32521406,0.8157503,-0.94646066,1.7195163,-2.3145106,-1.3421284,-2.278952,-0.25950465,0.7669428,-0.3638268,-0.19214474,0.34916443,0.0,0.0,1.0,0.0,1.0,0.0,0.0,1.0,1.0,66,5,49,46,1
S142,1.3651527,0.96226525,0.9737604,0.13019434,-0.68724,0.7431367,0.049292896,-0.7036112,-0.22458348,0.6756107,-0.7167234,-0.2650586,-0.86358106,0.53316873,-0.9009578,0.27315545,-1.0112164,0.5793169,-0.00417346,0.6815399,-0.14147891,2.0605175,0.55310273,0.70872754,0.2951766,0.30813858,-1.7818744,0.35889557,-0.64976764,2.2470841,-0.65407515,-1.503092,-0.730398,-1.4461848,-0.062141005,-0.7144357,0.44444308,-0.27424273,0.1583306,0.32821724,-1.2021403,-1.45854,-0.61161476,-0.50178003,0.049157605,0.9582766,-0.60806954,-0.4015112,-0.11865581,-1.573395,-0.08943778,-1.0440013,-0.48909122,0.34547606,0.03886066,-0.52382344,0.104895756,-0.845874,0.7837927,-0.6706607,0.31942514,0.672752,0.017116696,1.4295793,1.3608134,-1.0706776,0.06380339,0.6501997,0.25097921,-1.7561113,-0.1434982,-0.11773788,-2.8195882,0.082720004,-0.8319477,-0.43866044,-0.7215095,0.3757894,-0.3736351,-0.30244738,-1.6705927,1.2701879,0.10528586,0.684666,-0.6663279,0.8079452,-0.8251864,-0.2088362,0.17340244,-0.50206476,-0.34263527,0.0,0.0,1.0,0.0,1.0,0.0,0.0,2.0,2.0,22,43,0,1,0
S143,0.7751269,2.335367,0.8089784,-1.1897923,0.06970823,-0.2200104,0.068146415,-2.0078695,0.41717294,0.56929916,-1.1509812,0.047149505,1.3535287,-1.4119862,-1.0213891,1.0934657,0.2354851,0.12555574,1.742871,0.31080407,-1.4941956,-0.80352384,-1.2052274,0.8870744,-1.0423049,-0.7130826,0.59766835,0.6314851,0.56230366,0.53998226,0.28375262,-0.9996842,-0.9339895,-0.964176,-0.16183157,-1.2713872,-1.8008833,0.63157773,-0.82535344,-0.71988577,-2.602802,-0.7380057,-0.029792638,0.3659619,0.42712045,0.9819954,1.8992436,-1.191732,0.78257406,0.3198677,-0.88603,1.4264803,-1.4380169,0.32408407,-0.40746388,0.84030867,-0.038535994,-0.64326066,-0.059587255,0.2949591,-0.13443303,-1.1096371,-2.0370746,-1.2688373,-0.7557079,0.07882365,-0.6061634,0.06600172,-1.0298184,-0.24579477,-1.7026037,-1.0186529,0.18819195,-0.6415242,-0.9438993,-0.5288694,-0.72293,-0.67689615,-0.30923086,-0.59659666,0.76077724,-2.149151,-0.46336308,-0.8042379,0.7185748,-1.5487721,-1.8403283,-0.20823066,0.12437041,-0.0015306114,-0.035583526,1.0,0.0,0.0,0.0,0.0,1.0,0.0,1.0,2.0,0,3,0,196,0
S144,-2.0814373,-0.012094655,-0.29274213,-0.6488019,0.60575783,0.92859894,0.54346085,0.8495883,1.6508715,-0.45978573,0.83658236,0.08832584,-1.9264752,1.2720643,0.20833726,-0.12776408,-0.9760723,-1.4473186,0.7183345,0.24848385,-0.63312227,-0.06685308,-0.831332,-0.6568143,-0.78622943,-0.06742171,-1.4221691,-0.21347459,-0.8397513,-0.46775922,0.52328056,-0.53001916,0.048878912,-0.31698427,0.24440561,0.8053038,-0.4158689,1.3108089,1.9669138,-0.8212692,-0.30503547,0.35070613,-0.27072236,-1.0353783,-0.622562,0.27505752,0.21809754,-1.3535908,0.26930717,-0.31204072,-0.53298515,1.0661054,-0.44467354,0.76614666,0.79540825,-0.37443745,-0.69255966,-1.4996089,0.5024104,-1.0437881,0.13031414,-0.26310167,0.7803472,0.0033653418,-0.14988264,-0.42127153,-0.15822165,-0.7450607,-0.69079113,-1.805726,0.9938396,-0.050154068,-1.8593382,0.12752499,-1.378493,0.26161042,1.0656081,1.1054425,-0.23126055,-0.7765121,-0.94093966,-0.23948814,0.29958493,0.8189978,1.7105811,-0.6345805,0.16762434,-0.35440555,-0.9658153,-0.07083516,0.6510686,0.0,1.0,0.0,0.0,0.0,0.0,1.0,2.0,1.0,0,0,53,8,1
S145,0.7153355,1.6778293,2.2097044,0.7211958,0.9334512,0.12926596,2.1244254,1.700577,1.4509996,-0.33525762,0.11108044,-2.1962438,-0.118005864,-1.6837163,1.4176617,-0.4954848,-0.062421963,-1.2824637,0.5694261,-1.3322955,0.6533189,0.35609546,2.8439965,1.5102097,0.30976897,0.18534495,1.1585187,-1.9611261,-0.06407022,-0.20376109,-0.29074448,-0.22377442,-1.190124,-0.80904096,-1.8060116,-1.3393116,0.27804145,-0.13531613,-1.357746,0.13288152,0.5123747,0.4130405,1.0807956,0.18978645,1.7836384,0.52443254,-0.7161704,0.2862956,-1.4596382,0.58829427,-0.5037962,-1.3001312,-0.38180563,-0.46760496,-0.60905206,0.017440636,2.0951018,-0.09168764,-1.7542669,-0.35092515,1.487955,-0.12940605,-1.315275,-0.14576134,-0.4701867,-0.5802338,-0.7734437,0.3748642,-0.43586022,-0.103193775,0.25724417,0.51623935,-1.1278679,-0.27539912,-0.56958044,0.21283443,0.7910252,-0.21122362,0.20254517,1.3054249,0.26558095,0.60836,-0.3340827,0.22406769,0.25672716,0.62239945,-0.71521604,-1.2595395,-0.17690443,0.09018677,-0.7697029,0.0,1.0,0.0,0.0,1.0,0.0,1.0,1.0,2.0,80,2,0,24,0
S146,-1.1042416,0.9760225,-0.83991146,0.027515654,0.44539246,0.42206988,-0.6609219,-0.92573565,-2.0035071,-0.46820876,0.42158931,-0.11217318,0.17914411,-0.42254403,-0.22209017,-1.4283216,0.12586926,1.2287652,-0.24612013,1.131975,-2.0382898,-0.978232,1.4895763,0.04411095,0.5268323,-0.5672688,0.46205327,-0.011519831,-0.17880048,-1.938605,0.42873636,2.1572845,-2.1334,0.61212116,-0.36152333,-0.8436661,-0.6686927,-0.9817931,1.4006878,-0.17572616,0.06337838,0.26861486,-0.81223273,-0.83044976,-0.4310545,0.5902183,-0.03242166,1.3872073,0.18445872,-0.13070068,-0.71755105,-1.7727677,-1.5727657,-0.7467254,0.26287675,-1.4210826,0.2835355,1.3390473,-2.5322816,0.046101067,0.95719165,-3.103217,-0.38593152,0.00028233125,0.6030995,0.65057707,0.9643059,0.3961173,0.76975363,-1.8263793,0.9305466,-0.72083545,-0.12402195,-0.6273628,-0.32254052,-1.1551208,0.30529764,-1.1104747,-1.1583831,0.76943356,-0.041186523,-0.5806463,0.15023802,0.7040972,-0.7444872,0.59234345,-0.30506787,-1.8311157,-1.3424282,1.0693339,0.39734405,0.0,1.0,0.0,0.0,0.0,1.0,0.0,2.0,1.0,0,0,44,84,8
S147,0.5805103,0.077869646,-1.3851105,0.7276036,-1.0880352,-0.9167753,-0.15455368,0.30305853,-0.4048407,1.4391812,-1.828069,-2.06984,1.1364155,-2.0082977,-2.2513273,0.37723747,-0.31029248,0.5145719,-0.17462075,0.47459477,-0.6909916,-0.35254622,1.2973796,-0.09463754,0.9175805,0.7697043,-1.1696765,-0.71017563,-0.5051808,-0.7199397,-1.3596997,-0.4320738,0.48977777,-1.141828,0.78259933,-0.4209322,-0.469123,2.4551656,0.20906286,-1.2844626,0.76173985,-0.4251111,0.87928534,-0.7063409,-0.6401561,2.3021996,-0.19004886,-1.2519808,-0.408292,1.0350053,1.0321702,0.915896,0.20022437,0.523261,0.21284637,0.26778668,-0.4113829,-0.22645159,0.16978195,0.7058575,3.0917706,0.21711522,-0.48450467,-0.845155,-0.91178674,-1.7008686,1.3741889,0.55791944,0.40836963,-0.2728413,1.8819764,-0.91297007,0.9826425,-1.2574204,0.5841226,-0.6355352,1.1768314,-0.21848688,1.016453,0.17411503,-0.8059918,-0.1482494,0.71911514,-1.0917792,-0.15093628,-0.87886894,-1.4497219,-0.51628876,1.0585154,-0.025053808,-0.3665806,1.0,0.0,0.0,0.0,1.0,0.0,0.0,2.0,2.0,0,32,14,13,104
S148,-0.614728,-0.5491307,0.28262737,0.13258643,-0.72632307,-0.24103908,1.6997014,0.37916514,0.41086406,0.31555754,-1.4199855,1.2364781,-1.7149185,-1.8544743,-0.35270897,1.0650204,2.081693,-1.2490929,0.18507902,-0.73286635,-0.25952706,-1.1233735,1.4037061,-1.2724618,0.36145234,-1.4643502,-0.07950185,-1.1309621,0.55163556,-0.09662776,0.41662434,-0.9234203,-0.64691246,0.17756651,-0.4618655,0.38759246,0.20059288,0.45103484,1.5083971,1.2831593,1.2474053,-0.342621,1.1214678,-0.18794996,1.0691856,-0.16201541,-0.0015597469,0.8955525,0.8399164,-1.3561903,-1.8742119,0.35899246,-1.3634121,1.2205831,1.356371,0.2500711,0.37811187,0.62447363,0.83359617,-1.4795616,-0.46210384,-0.66353464,-1.4443733,0.25263733,-1.4022679,-0.9542033,0.69121957,-0.26240116,-0.16154177,-0.7825772,-0.075447336,1.0231091,1.1995223,-0.27326617,1.0003023,0.40529594,3.2129533,-1.1348578,0.08476745,-0.39691857,-0.22126395,0.039828528,-0.48984802,-0.09308053,0.5397334,0.29735473,-1.7542734,-1.1251559,-0.15837564,0.96267676,-0.98499775,1.0,0.0,0.0,1.0,0.0,0.0,1.0,1.0,1.0,8,0,28,4,15
S149,-0.45009476,-1.7339863,1.0746607,-1.004043,-0.13223651,1.5270717,-0.39042664,-1.107794,-0.68690974,-0.15387964,-2.2815866,1.3062453,1.5961716,-0.0433615,-0.122077234,-0.8415607,-1.3135092,0.9410592,0.37098762,0.4420872,-0.35058805,0.40660733,0.56496423,0.8876256,0.18208677,0.46705216,0.7214326,0.1360044,-0.08425427,-0.9432889,-0.45437288,0.40476114,0.039083283,-0.18413904,-0.69576687,-1.5821155,0.85575116,-0.9287453,-0.30523926,0.5005906,-0.17110696,1.4464569,-0.6795708,-0.6513832,0.28655043,-0.08477298,1.3880099,-0.73517,0.4546571,0.8574909,0.62923205,-1.0138685,0.27155966,0.6998066,1.5014315,-1.0684582,-0.46928102,-0.21852589,0.97476625,1.5548319,0.70227665,-1.3000035,-0.87507546,0.47025076,1.2066324,-0.2966071,1.6572266,1.3954896,0.52531606,0.3981702,-0.88317895,1.4227499,-0.9078305,-2.1993158,-0.8524585,-2.588602,1.9265538,-1.3022681,-1.2640018,-0.5413529,-1.9722389,-1.1199045,-0.094196156,0.154421,-1.1252214,0.2148928,-0.041341715,0.49405143,0.492962,-0.66271424,-1.443401,1.0,0.0,0.0,1.0,0.0,0.0,1.0,1.0,2.0,150,5,14,1,0
S150,-0.13146977,-0.29108244,0.21042368,-1.1858902,-2.0413008,1.1648294,-0.9473208,0.8550722,0.32059035,1.7669612,1.2483568,0.7079963,-1.2713084,-0.29129428,-0.6913602,-0.71562713,-0.8732618,-0.09970864,-0.76874906,-0.6023005,0.15372804,0.54836786,-0.46960464,1.6678425,-0.035959873,-0.7041901,0.22451596,-1.4496038,0.9567625,-0.1474842,0.45410794,-1.0762458,2.0328877,1.510646,1.089465,0.70335877,1.2819184,-0.4755184,1.9864098,-1.7320142,0.034196258,-0.9582061,1.0809604,1.7522483,-0.5115137,-0.20472164,1.015865,-0.9355896,1.6822546,-1.3116091,1.0274172,0.8470288,0.54914486,-1.0997809,-0.5155502,-0.90565073,2.0073938,0.35298145,-0.8397231,0.48146224,0.486456,1.2605282,-0.45608962,0.53509486,1.2179787,1.5034573,0.3114042,0.80299807,0.81832176,-1.6032057,1.306019,-1.3326453,0.21596389,-0.1792807,0.8755428,0.032917008,-0.11838255,0.34296924,0.9952729,0.050185613,-0.08467352,-1.0049174,0.86229247,0.33514947,1.1532675,-0.472657,0.23301189,-0.58851767,0.3895423,0.06288509,0.28046158,1.0,0.0,0.0,1.0,0.0,0.0,0.0,2.0,2.0,47,29,54,5,23
S151,1.0177516,0.91862905,1.2349341,2.2407506,-0.28377694,-0.3613382,0.62643474,-0.19040662,0.37720397,0.09016675,1.1463902,-0.46388882,0.06893472,1.1437302,-0.7346135,-1.725381,0.37890974,0.91094935,0.28846255,-0.9034284,0.41653925,-0.39840725,-0.34373364,2.2569072,-0.1391729,-0.22591904,-0.11536433,0.7186207,-0.33271426,0.5890994,0.8753286,0.7254976,-0.10844486,-0.84871006,0.5680273,-0.6675488,0.2766521,1.3821868,-1.4613413,-0.3732404,-0.29913846,0.16471298,-0.3331437,1.0607524,0.90308726,0.57867557,-0.60116446,-0.90086704,-1.0370647,-0.97405994,0.96976626,2.5425336,2.1187656,-1.3644689,-0.13531205,-0.26262075,1.4463239,-0.9594888,1.2318288,0.0033935527,-0.39154768,0.7070061,-0.84087986,-2.271909,-0.9515626,-0.49692023,-0.3257386,0.13241391,0.08958408,1.095035,-0.5020702,1.4226998,-0.22164802,-0.23456506,-0.81157583,0.2930959,0.59305084,0.9684029,0.071295455,0.29490304,0.13226697,-0.44842193,1.5690445,-2.7507143,-2.3063436,-0.41456738,0.43677178,-0.8330047,-0.064784884,-1.4411411,0.88233626,0.0,0.0,1.0,0.0,1.0,0.0,0.0,1.0,1.0,133,38,0,3,4
S152,-0.89046425,-0.2616215,-0.28850287,-0.14586955,1.1036577,1.6122552,-0.36021146,-0.90800714,-0.79755706,0.33663177,-0.71944046,-1.0605375,0.40427825,0.1645623,1.3193883,-0.6255299,0.65727174,-0.25356984,0.41132462,0.93122864,0.995941,0.13271976,1.4678302,-0.906992,-0.37394875,-0.5478571,-0.7981321,0.5116056,0.20372947,-0.85114896,-1.0947913,-0.13883473,-1.3295473,-0.7185353,1.5710511,-0.36543548,0.11932896,0.19050914,-2.4529326,-0.4128405,-2.348317,0.1334211,1.4275507,0.8045508,1.0997652,-0.57115734,-0.4295933,-0.96916586,-1.0497813,-0.102049574,-3.0149844,2.033984,-0.57682717,0.6661307,0.12489231,-0.39522862,0.5727726,-1.7044586,-1.0516522,0.53438795,1.2023278,0.8180769,1.6021193,0.25515014,-0.039938394,-0.27351543,1.2518351,-0.13116135,0.38349852,0.021640277,0.31106663,-0.5127454,0.07873954,0.8544924,0.504629,-0.4299091,0.6430897,0.22547214,0.9013697,-0.20224065,1.7885214,0.7450832,-0.0026201694,0.5693674,-0.92002547,-0.3368274,-0.9991377,0.47518435,-0.39852166,0.98315316,-0.86094636,0.0,1.0,0.0,1.0,0.0,0.0,1.0,2.0,1.0,0,0,55,17,44
S153,0.12654915,0.8754257,-0.8645599,1.7003746,1.299857,-1.3185539,1.0276148,-0.8414565,0.07830383,0.053005785,0.33694613,1.0495725,-0.68674934,1.3203876,-0.18413614,0.055531893,0.6668403,0.41110379,1.4345572,-0.13500822,-0.7525823,-0.6963145,-2.2899442,-0.32614246,1.0774361,-0.004179518,1.0546765,0.42464998,0.35223588,1.2262499,1.5549607,0.72309726,-0.3428674,1.2786119,-0.5147287,-1.0724475,-1.7746232,-0.12231082,0.8516008,1.4176056,-0.15062857,0.5148255,0.4956813,0.33388153,0.859045,-0.85610574,0.22157809,-2.2443233,-2.3166902,-0.666926,-0.5069698,0.052977167,-0.57741433,-1.3449851,-0.44679832,1.4696181,0.44652998,0.7824829,-0.23769942,-0.3712011,-1.0618955,0.30577123,0.5095702,-1.2027828,-0.13785817,-0.9835011,-0.0734089,-0.64588475,-1.7085835,-1.9807767,-0.9005755,0.22957873,-1.1549672,0.35007027,0.73705477,-0.6372749,1.7001544,0.9707331,-0.18833071,-0.037218373,-0.28029993,-0.81454563,-0.8893294,-0.34101117,-1.9914224,2.8534288,0.7865493,0.08854193,1.8751695,2.419556,2.7050798,1.0,0.0,0.0,0.0,1.0,1.0,0.0,1.0,2.0,0,33,13,118,8
S154,-0.8523234,-1.1360312,1.3460317,0.102640495,0.5421589,0.481687,0.57031745,-0.42365724,1.4700675,-0.31510904,-0.7447204,-0.85234684,-0.23178938,-0.66853255,-1.674177,0.32085538,-0.78067315,1.2278892,1.0805359,0.9537929,0.68781626,1.6511801,0.7950685,1.8060474,0.77315533,-0.70075977,-0.5330129,-1.0935313,0.7521759,1.4075521,-0.09264414,-1.181482,-1.4789745,1.0378718,-1.2767844,0.78912586,0.10857006,-0.5849498,-0.528272,0.5811564,-0.5399453,-0.17906366,-0.59514624,-0.7460867,1.6673081,-1.9278038,1.107344,0.064389944,-2.42299,0.3017197,0.3253821,-2.0643961,-0.88196045,0.64266825,-0.10722861,0.8538638,-0.402414,0.879059,1.0064867,1.3154801,-0.57200736,0.026162088,0.5654178,0.4896982,1.0778385,0.79319143,0.48752812,1.175299,2.9148376,1.6997136,-0.27513075,0.23172179,-0.31607738,-1.3212818,-0.13550076,-0.7745894,0.50577253,0.9111948,0.6081837,-0.536508,1.1726248,0.5940171,-1.9622698,-0.34803495,0.6336664,-0.24511962,0.9109968,0.22984797,1.2324232,-0.50038403,-1.5351802,0.0,1.0,0.0,0.0,1.0,1.0,0.0,1.0,2.0,43,0,7,0,1
S155,-0.026623096,0.6005033,-0.7824024,-0.3464998,-0.50452685,1.220926,-1.253581,-1.0909481,-0.19575396,-0.4060191,1.3878831,1.6116029,1.0744574,1.8533853,-0.6943707,0.79064065,-0.8840793,0.7573209,0.061138157,1.4471843,-1.9934033,-0.20224933,-2.2161698,0.64854676,2.4160955,1.1857473,0.3291276,-0.03029283,-1.44408,-0.020712843,-0.724764,-0.024463534,0.8390754,-0.37116596,-0.9621852,1.6055245,-0.25552455,-0.8099179,0.19462541,-1.3745853,2.5249114,0.83458155,-0.57252717,0.9011028,-0.14339866,0.16308944,-1.032686,-1.5179336,0.25791547,-0.7265573,-0.85738313,-0.53885126,1.2248999,-0.7116931,1.0394323,0.7432563,1.9813778,-0.88606614,-1.6247547,-0.04453408,0.3534216,-0.010337772,-0.9000639,0.4184835,-1.0942974,0.6277265,-0.7394686,-0.6889657,-0.07894074,-0.55200326,-1.9089185,-0.10064036,1.0657651,-1.6431345,0.17770675,-0.5135312,1.191695,0.31378528,-1.5774243,0.14293768,-1.061682,0.2774168,-0.2651428,-0.088641904,-1.1668258,-0.94246745,1.2357494,-0.6528679,-2.0228508,1.3028489,-0.94819605,1.0,0.0,0.0,1.0,0.0,0.0,0.0,1.0,1.0,0,1,33,36,8
S156,0.590843,1.8721913,-1.5277811,-0.5554978,0.887442,0.3452793,0.6640104,-0.023220219,1.3217102,-0.74535334,1.9407098,-0.973655,-1.0322694,0.21401282,1.1697526,0.9260233,1.8912387,1.148763,0.60094917,-0.1461267,-0.9583499,-2.0105093,-1.411122,-0.84781396,1.1542009,-0.03766982,0.6741399,-0.7996103,0.9362187,1.034982,-0.6121028,0.89808863,0.23379974,-0.094909675,0.591186,1.7992121,-0.23460124,-0.48986658,0.5207748,0.110452436,0.18319573,1.1383519,0.2869697,0.57467264,-0.1570369,0.45809,-0.9498034,-0.9409181,0.88984334,-0.23299278,1.703254,0.40806118,-0.10805445,1.0120009,-0.48072663,0.20821752,0.012590825,1.091898,0.6785863,2.4049842,-1.6079359,1.4690799,-0.020625364,-0.10350139,0.1673779,0.69553655,-1.1961334,0.859466,-0.70228267,0.57317716,0.1520335,-0.5380185,-0.8199917,0.45629576,1.4993771,-1.8361529,-0.7174438,-0.36695835,-0.77619445,0.14212103,-0.81242174,0.6368938,0.41679752,-0.92317027,-0.19790654,0.62241447,-0.4576279,-0.81785715,-1.6184231,-1.0875698,-0.4142546,0.0,1.0,0.0,0.0,1.0,0.0,0.0,1.0,2.0,0,0,0,179,0
S157,0.45340684,-1.2848018,-0.0579609,1.5471555,-0.68736243,2.0747633,0.13018927,0.10834293,-1.8398412,1.8921812,-0.36836204,1.2123425,0.7998856,-0.62506926,0.4264649,-0.30706295,1.0688949,-0.5378548,0.7129117,-0.8599336,1.1164184,-0.75534815,1.312637,-0.87194407,-0.8122225,-0.70410067,-2.3565698,1.2658812,-0.61724555,1.123085,0.92514515,0.32726887,0.19766593,-0.8878995,1.0057425,-0.6826051,0.034718912,-1.7497232,1.1942774,1.0660064,-0.6701438,-0.7040608,-0.60641724,1.4714593,-0.7768049,-0.015359539,-0.56507427,0.87261665,1.2235705,1.1287336,-1.7233031,1.709585,1.571012,1.365546,-0.0872004,-0.53940946,-0.098030806,0.6646219,-0.48411208,0.6834231,1.8941263,-1.199915,0.36573565,0.24389996,0.44792822,-1.5499591,-0.2261056,0.7408174,0.8328251,0.86824197,-2.3271537,-0.25976118,-0.031833358,0.64468396,0.5437773,-1.2667174,-0.8444172,2.1649714,0.51531816,-0.42692235,0.047266614,0.4987928,-1.1131119,-2.3285468,-1.0135483,-0.5893625,0.5660626,-0.46192917,-1.906464,1.693892,1.5500009,0.0,1.0,0.0,1.0,0.0,0.0,1.0,1.0,1.0,49,76,4,1,18
S158,-0.109586366,0.07368745,-0.4723031,0.81990665,-0.85659087,-0.0448935,-0.2436182,1.8940912,-0.9450079,-0.814716,-0.052096207,0.92120224,-0.35606053,0.36327752,0.11298294,-0.29817325,-0.83063245,-0.20640345,-0.21023734,-1.1461868,0.23964539,0.066365995,-0.29204684,-0.5489519,-1.4403082,-2.1607358,0.14100412,-0.15921149,1.7705286,-0.3733956,-0.2498143,0.508391,0.53437555,-0.4629542,0.34807542,0.006292875,0.42116207,0.8694498,0.40780392,-1.5146598,-1.1366849,-0.20817284,0.5725664,-0.14518651,1.2682564,-0.55088055,0.11139,-0.9279298,-0.060104642,0.5875846,-2.295745,0.18778531,-0.3073228,-2.1486416,0.6399002,0.08576704,-2.0356321,-0.96513534,0.45997587,-0.5819781,1.453514,0.4683207,0.5449028,2.0664651,1.1626347,0.38270903,0.41256002,0.014792704,0.20171152,2.9916453,0.22210108,0.79764044,-0.2112149,-0.2780864,-1.1459665,0.70038307,-0.54597265,0.4286803,0.5855114,-1.0565715,-0.34259045,1.2222673,-0.48114002,0.15063266,-0.29420912,0.9338578,-0.43932006,-1.649247,1.0701294,-1.7766335,1.0345885,0.0,0.0,1.0,0.0,0.0,1.0,0.0,1.0,2.0,18,18,20,41,27
S159,-0.13691376,0.8461841,0.34228674,0.77071345,1.1524466,0.5755679,0.4625683,0.70449907,-0.120750554,-0.7820773,-0.19780625,-0.08546366,2.4791389,1.0968943,-0.3195057,-0.98387223,0.5701338,0.6920338,-0.6779814,0.17831905,1.447052,0.7325575,-0.03022192,0.36879304,-0.20297523,-0.02605464,0.02680999,-0.6591606,-2.047945,-0.18713431,0.4295685,0.04752557,-0.96881825,-0.7029271,0.27806038,1.3962259,-0.50897884,0.62387526,-0.6618822,0.42362314,-0.4561901,-0.93675256,-1.5845256,0.5458453,-2.0914118,0.59832656,-0.7327301,0.7408584,-1.8786193,-1.8993647,0.053220034,1.7289217,0.03309613,-0.19413455,-0.40911657,-0.28397593,1.1336685,-0.93340546,-2.3225305,0.186261,0.88639647,1.4762038,-0.08372511,-0.23701623,0.7152397,-0.9706153,-1.7463359,0.9534276,0.69474965,-2.0652335,0.8710636,0.39606276,-0.47014806,1.228914,0.9396873,0.32308158,-0.5885729,1.6936004,1.7125773,-0.69388425,1.2075468,1.3711144,1.6350818,-0.61139965,-2.043678,-0.79255724,-0.61537576,0.5807437,-1.8507271,-0.3078279,-0.46063766,1.0,0.0,0.0,1.0,0.0,0.0,0.0,2.0,1.0,1,1,15,103,9
S160,0.13327882,-0.5795063,-1.0564405,0.038533974,-2.262441,0.062305637,0.10656801,1.2118806,-0.5889402,-0.16437916,-0.7126253,1.1702946,-1.685769,-1.3210366,0.4185252,0.15865111,-0.11717958,-0.6101304,0.10108453,0.43556604,0.7315531,-0.7686858,-1.7568403,-0.008326894,0.22042179,-0.35336658,-0.29130277,-1.3916878,-1.351412,0.8393733,-0.9989725,-1.7419593,3.279114,0.601714,0.06326131,-0.06534014,1.1420512,-0.6451077,-0.348133,-0.32026517,-1.2644806,-0.56252056,0.16065207,1.460165,0.32993308,-1.3791523,0.09516847,-0.2111228,-1.7982655,0.14836487,-0.093785,-1.5094408,0.020279685,0.6840264,0.85863274,-0.015424398,0.7384724,0.8995581,0.13260436,0.07034436,-0.1446759,0.14581658,-0.068262145,-0.004795731,-0.44838873,-0.23200911,-1.5835218,-1.21683,-0.4653816,0.9831846,-0.47206008,-0.31748492,-0.30162045,1.1548527,-0.6781209,-0.34310582,1.5396467,-0.5798086,-0.60834014,-0.115561634,0.25330043,-0.028579071,1.5051616,0.5811817,-0.08552294,0.746153,-0.31485632,-0.26391295,-0.9191994,-0.49324962,-1.3382713,0.0,1.0,0.0,0.0,0.0,1.0,0.0,2.0,2.0,9,50,26,3,32
S161,0.35196096,-0.47166675,-0.56504154,1.6181616,-1.4430283,0.41500303,-0.8866334,-0.04800017,0.59877914,-0.8994779,-0.29684445,0.46218333,0.543456,1.8120655,-0.19222024,1.7278605,-0.016263152,-0.10881222,-1.2668422,1.4552568,1.0936673,-1.1124774,0.8266211,-0.3101026,-0.5782866,0.05815751,0.2334747,-0.19861113,1.71246,1.3425716,1.1787956,-1.1488348,0.49779138,-0.7535794,1.1547776,0.1389004,0.8976315,0.018030545,-1.0099295,0.6383159,-0.32443556,-1.10149,0.4409709,-1.0476122,0.6967525,-2.0917435,1.1065902,0.062129524,-0.6006915,2.6043909,-0.35495025,0.52287453,1.4367995,0.7610546,-0.040131193,1.1461636,-0.82422984,-0.06133685,-0.38847122,-0.59319437,-0.7436794,1.8979275,-0.8019674,0.31897554,-1.1322781,0.73276424,-0.2070788,1.3467481,-0.10702266,0.18522558,0.58258426,-0.2767593,-0.5867798,0.66072774,-0.6688943,0.29097667,1.2574434,0.22586936,1.7555125,-1.2887194,-2.3504841,-2.7257228,0.6336879,-0.8443177,-0.6388061,0.08904302,0.7035453,0.7209775,-0.82053846,-0.42637193,-0.56915534,0.0,1.0,0.0,0.0,1.0,0.0,1.0,2.0,2.0,31,66,20,33,34
S162,-0.006210287,-0.22271726,-0.14269128,0.26992154,1.3063372,1.210118,-0.10166656,-1.4725498,0.7796637,0.035155643,-1.8334852,-2.7207007,0.70562977,3.224802,0.97396415,-0.16876124,0.12496351,-0.54275113,-0.89353234,-1.4745601,1.3777682,0.4266402,1.7987688,1.8712136,0.73103356,-1.1479368,-1.153387,-1.6375846,0.80378586,1.37152,0.5207787,0.15423943,1.3907951,0.7821611,-1.6619493,-0.7290711,-0.18078008,-1.6238489,0.43235895,-0.92495996,-2.4840071,-0.09826281,-0.26354173,-0.36397836,-0.7158258,1.390167,-0.632694,0.28976697,-0.16616349,-0.48824495,0.7055234,-0.45813695,0.8505075,0.4420661,-0.6507897,-0.32746035,-0.8080472,-0.5511317,0.21007405,0.100604825,0.6142524,-1.3948731,-0.51881826,-0.5722206,-1.1184704,-2.0267878,0.15604645,0.37546703,1.237522,1.7563008,0.05850581,0.6008789,0.98699254,1.3719422,0.96686256,2.1966689,0.71915776,2.2051816,-1.155864,0.932546,0.625124,1.4925095,0.80249774,0.76484764,-0.2614621,-1.0914991,-0.99989814,1.6727834,-1.1131151,-0.0027534973,-0.07237612,0.0,1.0,0.0,0.0,0.0,1.0,0.0,1.0,1.0,31,8,20,12,23
S163,-0.45176503,-0.73477674,0.82163024,0.14983025,0.33711118,-0.75663114,1.237752,0.0026421552,-0.15433432,1.3105179,-0.35709646,1.4473305,0.29835576,-0.85154825,-0.82494235,0.54653233,2.1816664,0.45044032,-0.32930577,0.26457953,-0.45379916,0.42320293,0.25715292,0.06402836,0.009513779,-0.6215754,-0.53462565,-0.4272365,1.6340821,0.8899093,0.5432749,-0.8433116,0.91224605,-2.342325,-1.1406704,1.8118815,-0.2766188,-0.21399677,-1.4627872,1.3332756,-1.4310658,-0.45011246,-1.2691534,1.5423172,-0.52750003,0.55976456,0.88628864,-1.1062968,0.019055916,0.43232965,-0.2775571,-0.48119968,-0.5452664,0.47468504,-0.30393457,0.44039795,-0.6104044,0.6194123,-0.5095453,1.894667,-0.016607955,-0.17560822,-0.17199033,-1.4506483,-1.0280224,0.5422194,0.38338622,0.28723785,-0.40408498,0.03959241,1.3613243,-1.1479359,0.9203599,-0.08141279,-0.3293417,0.3546804,-0.9667099,0.68978447,-1.263568,0.2100059,2.6981928,0.97868115,0.43918702,0.012149845,-0.5966998,0.0772859,-0.06763877,1.514559,0.88559115,0.41633588,-0.6378941,0.0,0.0,1.0,1.0,0.0,0.0,1.0,2.0,2.0,61,8,7,0,2
S164,-0.012793644,1.2975652,-1.1238077,0.9260617,-0.73512995,-0.2382959,2.1144476,1.4705247,1.6812769,1.0008262,-0.46227586,0.98243153,1.0871869,-0.41710132,1.1967921,0.4665279,-0.3426073,-1.5317324,0.17429222,-0.31967038,-0.034039345,0.7851982,-0.6788053,-0.8732397,-0.19540957,0.5758935,-0.86046165,-0.3348946,0.8053131,-0.6845494,0.09522184,-0.40491202,0.013867586,-0.7876766,-0.4893592,-0.21443991,1.8268168,-0.58647925,-1.679494,0.32519034,-0.2958993,-0.20995216,-0.4043768,-1.1038253,-0.03856675,0.5932785,-1.5118021,-1.1126645,0.0408141,0.57291067,-1.1807854,0.3131636,0.3011102,1.2139299,-2.3133986,1.1097662,-1.1983292,-2.3906448,-1.8188868,-0.62329394,1.2063967,0.5518164,0.95413554,1.8660895,0.00753652,0.40580848,-0.16052455,-0.0048296605,-1.611617,-0.6496474,-1.9545984,1.0819781,0.263307,1.6023079,-0.17108151,-0.67377603,-0.17312238,0.24856499,-0.35850435,0.19862618,0.7629468,0.4575298,-0.31734,-0.76233697,-0.02063462,1.1388644,-0.74161327,0.00053206907,0.16941495,-0.46833605,-0.70262325,0.0,1.0,0.0,0.0,0.0,0.0,0.0,2.0,1.0,0,0,2,48,0
S165,1.1904016,1.075709,-2.1002645,0.74624,0.5353251,-0.80150086,0.99743783,-0.94444174,-0.76977396,1.3525274,-1.3036506,1.3839133,0.9814464,1.1306919,-1.8861183,0.87474304,0.771247,-0.27177247,1.0957032,-0.15789004,-1.4408785,-0.4302077,0.17238757,0.45415378,-1.1750815,1.2420753,-0.05812608,-0.28101906,0.3079753,0.865946,0.86491364,-0.41601667,1.0144392,2.1089582,0.96627134,0.23040126,-1.9745752,0.40449047,-1.3151506,0.2122825,0.17986378,-0.5808427,0.9282802,0.2729065,1.6832246,-0.7056739,-1.957363,1.0786322,-0.34882513,2.0334406,1.4480722,1.1929251,2.4726248,0.67059284,0.31261563,1.0116951,-0.29276526,0.16591108,-0.69325733,0.6968684,-0.28243634,-0.3288125,-0.75876784,0.6732298,0.162019,-0.09192697,-0.7194447,0.15221737,0.6078982,-0.56983817,-0.43268925,-0.44552642,0.10853194,0.9712405,0.32509226,0.96386945,-1.8044316,1.7028478,-1.2191579,-0.07244793,-0.47297582,0.6319323,0.21512772,-0.3288846,0.09700578,-0.040173706,1.1653405,1.4481949,0.80998313,1.3619815,-0.19158544,0.0,0.0,1.0,1.0,0.0,0.0,0.0,1.0,1.0,0,55,4,56,14
S166,-2.5493104,-0.19535404,0.86555016,-0.34109217,0.667024,0.025163412,0.30157852,2.0997312,0.12741326,-0.34536266,0.13259417,-0.75784934,1.9714342,0.48064965,-0.07894166,-1.1346743,0.5907155,0.5187421,1.6074817,1.4124329,1.4006461,0.069735415,1.7494582,1.1736817,-0.920904,-1.7048565,-0.32296148,1.2761921,0.17777868,-0.10813478,0.5971865,0.67623407,1.4311688,0.1832767,1.2664081,-0.8948808,0.09253472,1.4600197,0.90737647,0.71717495,-1.5947922,-1.5344553,-0.49890178,0.8088751,-1.5803117,0.6514555,0.72511643,0.6844798,-1.3726914,0.13481528,0.14574884,-1.823738,-0.32937726,0.4716607,0.56085193,-1.0279268,-0.6659294,-0.3172746,1.5257517,1.0647752,0.86331093,-0.68267715,-0.5180852,0.039587945,0.13140982,0.81265867,0.69865716,-0.4769569,-1.8231732,1.540898,0.8020683,-0.26236784,1.2031277,-0.43042636,0.48951763,1.4101012,-0.045928672,0.9674486,-0.19709422,0.23323458,-0.91199315,-0.046514478,-0.97770995,0.14864613,-1.115989,-0.9296999,0.27730492,-0.20806547,1.0602183,-0.9035072,0.30935425,1.0,0.0,0.0,0.0,1.0,1.0,0.0,1.0,2.0,0,0,156,23,3
S167,-1.3535483,1.7544239,1.806488,-0.26801425,-0.04044978,-0.35563853,1.4828341,0.13705094,-1.0258021,-0.22720519,1.2973998,-0.36672553,0.23220168,1.1007568,0.5404936,0.45991358,-0.7960541,0.18916813,0.8356803,0.36879942,-1.0995028,0.8749941,1.494009,-0.60824335,-0.19013938,0.06243166,1.3945032,0.9465056,-0.22290298,0.117253594,0.23265114,0.058873132,-0.47098985,-0.2687236,-0.48826042,0.4573433,0.9322103,-0.9400874,-0.3709609,1.4936436,-0.36838013,1.5006056,0.74095076,0.66669106,-1.2184243,1.2125977,-1.0411738,-2.323154,2.0682833,-0.70833594,-2.0263503,-0.72596097,1.4181813,1.4407433,1.2170863,-0.7702043,0.036731675,-0.572227,-0.26217392,-0.24515104,0.5107656,0.12926191,-0.6155045,-2.2137268,0.15152635,1.0687748,-2.5927312,2.1464658,0.99749655,-0.63539255,1.2410774,0.38711125,-0.8947453,0.8450889,0.7554692,0.866205,0.6497699,0.26839006,-1.1219269,-0.06449811,-0.4448195,-0.84891284,-1.6638917,0.18606168,0.90259814,0.8944212,-1.522396,0.8935532,-0.7564823,0.074574605,-0.7947185,0.0,1.0,0.0,1.0,0.0,1.0,0.0,1.0,2.0,0,0,1,90,0
S168,1.0352242,1.2545387,-0.41271523,-0.3010714,-0.74215,0.4457071,0.34300327,0.38287708,-0.6886042,-0.50093305,0.9521553,-2.8297489,0.46606007,-0.85121787,-0.8961889,0.9067365,-0.57242197,1.1685073,1.6202866,1.3794155,-1.5544173,1.9275862,-1.8030236,-0.01678943,0.12030203,0.4913648,-1.2095643,-0.60592204,0.030808128,1.5360934,-1.041992,1.1179152,0.6281349,1.4134337,0.13062589,-0.4624646,-2.278339,0.48116258,0.11382367,-0.87759143,0.053139556,0.8681413,0.4754934,1.0057614,1.3169489,0.9785341,-1.6264825,-1.0087355,-0.9065868,-1.3314011,-0.021826573,-0.05627081,1.2301586,-0.50733757,-1.2283692,-1.9839603,-0.42206815,-1.5311296,0.25420022,0.80409557,-0.63513845,-0.22000575,0.95281917,-1.0637131,-1.9463732,-0.6313225,0.23664273,-0.8919494,0.74544656,0.2991537,-1.6035011,0.8620009,0.6554044,-0.69975317,-0.089247026,0.69189316,-0.063831165,-1.0084323,1.26258,0.6174114,1.8268996,0.9782917,0.20450352,-0.75820625,-0.7579201,-0.75369155,0.70197064,-2.1055858,-1.3005805,-0.05964538,-0.071150586,0.0,1.0,0.0,0.0,0.0,1.0,0.0,2.0,2.0,27,22,12,42,7
S169,1.1099949,0.06562658,2.2304509,-1.2392023,1.3848219,-2.0220597,-0.05659192,-1.1155536,-1.6917074,-2.0426319,2.395914,-0.28165856,-0.9315613,-0.81391984,0.119478606,0.5398058,-0.71983755,0.5371855,0.22086474,1.1736249,1.2739514,1.2472035,0.27081066,-0.50949043,-0.09341289,-0.003540792,0.5627608,0.36178723,0.9420369,1.1545079,1.7211105,-1.4294096,1.053465,0.57005525,0.84756106,0.3660758,1.9398826,-1.3558834,0.42339504,-0.7355269,-0.4397128,-0.094390444,-0.6300358,-0.2560936,0.5985496,2.796905,0.7729307,-0.34915397,2.2785068,-0.5216523,1.5760661,0.15084495,0.7713128,0.13640131,1.8225808,-0.33810207,0.4675945,0.2709419,-1.3340282,1.0672494,0.94675285,-0.34026214,0.10409444,-0.20428571,-1.5026138,0.7747528,-0.37335408,-0.7229167,0.62691826,0.22394052,0.5381481,1.2249956,1.7020378,0.7458685,1.4869165,-0.5948601,-0.060624637,-0.64393634,0.7802498,-0.5754577,0.240262,-0.27827236,-0.66508627,0.09743817,1.1518124,1.4044203,-0.08243467,0.051879603,-0.32436574,-1.0700033,0.7085053,0.0,1.0,0.0,0.0,0.0,1.0,0.0,1.0,2.0,167,2,0,0,0
S170,0.011393141,1.0055068,-0.7355785,0.13609146,0.21710555,-1.1881982,1.7364532,1.2490829,0.7158097,-0.045783967,1.6465148,-0.63417995,-1.8285158,0.1642686,1.103349,-0.43470237,1.9990804,0.1548,-0.6979415,-0.15247384,0.45477378,0.0017190488,-0.10864944,-0.038223676,-0.4260954,-0.50975144,1.8454853,-0.40923488,-0.33299878,0.66817975,0.72217834,0.42484272,0.16268381,-0.26046512,1.4686902,1.2898773,-1.3143113,0.4462178,-0.61576676,0.30864167,0.5175581,-0.14175896,0.30651045,0.1631807,-0.14940894,-0.5816499,0.900791,1.8367432,-1.1519184,1.293563,0.21924314,0.076837264,-1.0955061,0.9199512,-0.15053128,0.899699,2.0781612,1.8192713,0.453464,0.18534797,1.7788485,-0.8650769,1.082863,0.48187047,-2.2860637,2.2501976,0.27008143,1.074902,0.1913039,-0.4277355,0.070038825,0.55184305,0.09729208,-1.677588,-0.013021604,0.7606536,-0.9197554,-0.32038963,-0.4429826,0.54217786,1.1791508,0.92995876,0.4573298,1.5116398,0.042684257,0.39201814,-0.049986094,0.19245142,0.9426124,0.37007698,0.63909227,1.0,0.0,0.0,1.0,0.0,0.0,1.0,1.0,1.0,2,1,4,101,36
S171,0.14030987,1.0892261,-0.4520753,-0.47220433,0.046538636,0.6427724,-1.6740202,-0.6874422,-0.11907406,0.40884113,-0.5748949,-0.92594266,0.10133146,0.05224926,-1.0124856,0.6742746,0.43440714,-1.2342798,1.9282792,-0.8143572,-0.3700972,1.3371181,-1.5149854,0.45701402,1.0205885,-1.4097843,0.5502462,-1.2400564,0.94221836,0.25575054,-1.8566612,-0.30672,-0.90056324,1.4625539,-0.9201011,0.13302346,0.18918283,-0.36992577,-0.8315986,-0.78311694,1.1716751,-0.059387095,1.0448219,0.6576214,0.40262064,1.8290416,0.13601224,-0.8132825,-0.12503134,0.79135895,-1.1194861,1.1972829,0.7759839,-1.3239778,1.7282221,-0.5794626,-0.30450034,-1.3102505,0.65296423,-0.17843322,-0.48956743,-2.1916277,-1.238985,-0.9414318,1.4092507,0.46729514,-0.15877824,-0.09061954,-1.1243904,-0.50351423,0.85946816,1.1562555,0.16118003,0.69403124,-0.7402748,0.31163394,0.6533994,-1.099159,-0.7959169,-1.3476824,0.4546036,0.023774888,0.5673127,1.2714171,-0.45934612,-0.39712477,-1.1438117,-0.40946913,-1.1973759,-1.9928571,-1.9645654,1.0,0.0,0.0,0.0,1.0,0.0,1.0,1.0,1.0,0,7,1,141,32
S172,1.154047,-0.012894895,0.7018031,-0.44534546,0.97005546,0.30600128,0.1910824,-0.14502616,-1.4634056,-1.4235227,-0.48820314,-0.1565496,1.3603182,2.8679693,-0.71081877,-0.756645,1.2706864,-2.5865452,0.34878537,-0.21460459,-1.3911674,-0.21456103,0.70889896,-1.5619054,-1.0039961,-0.6681915,-0.021352787,-0.6395227,-0.24599358,0.5724511,0.6746957,-1.1829069,0.8527776,-0.18145348,0.81719834,-0.5888326,-0.078714274,0.04593574,-0.946736,0.61747587,-0.5942664,-0.20025407,0.16073777,0.62156546,0.39675048,-0.39859894,1.5758123,0.9660512,-1.031638,0.11172119,-0.38017583,-0.7282028,-1.3802623,0.52880573,0.5165963,1.3183652,0.8767118,-0.24581099,0.8333753,-0.18094057,-0.11493896,-1.209182,-0.67386943,-1.9251361,1.0636418,-0.8477664,0.07412881,-0.037497357,-0.035530824,-1.1831387,2.4016628,-1.2984434,0.18041913,1.7678114,-1.9974847,-1.97946,-0.9130029,0.8137759,0.7873182,-0.0967133,-0.040380042,0.80797106,-0.3096176,-1.9304944,-0.29739976,-0.2309443,1.5120659,-0.8695348,1.6348083,0.09866084,0.028644284,0.0,1.0,0.0,0.0,0.0,1.0,0.0,2.0,2.0,106,86,0,0,2
S173,0.1112535,0.76418173,-0.88625014,0.0038959575,0.058427863,0.043820973,0.5991337,-0.32265016,-0.16371663,0.12707338,0.62540233,-0.67032325,-1.1099474,0.5620372,1.0903622,-1.0900031,0.011292817,-0.08685746,-0.8848979,0.5434935,-0.88982016,0.38328025,0.8675333,-0.9169287,-1.9980986,1.2254137,-1.2935325,0.22567505,0.10485153,-1.5203547,0.5744862,-1.2470042,0.04785731,0.22918974,0.7172063,1.5712585,-1.0735961,0.25768656,-0.9206146,0.07550871,0.6424866,-0.87452614,0.8474126,0.51189476,-1.8389493,0.2713172,-0.9293827,-0.1736222,-1.6984379,-1.0762848,1.6795108,-1.3194922,-0.0979823,-0.2580159,0.4047781,-0.5240149,0.020654712,-0.3412461,-0.8791415,-1.5429345,-1.9679706,-0.4333993,-0.21007118,-1.2179915,-0.42069453,1.4447562,-0.103546314,1.013779,1.8334224,0.30418012,-0.23470613,-1.381775,0.8237874,1.2644074,1.1455967,2.3681126,0.20484614,0.6141006,-0.35882667,-0.46205962,-0.752315,0.84683144,0.7397502,-0.39101088,0.943514,-0.580803,-0.3254366,-0.8982361,2.0582945,1.506588,0.5213154,1.0,0.0,0.0,1.0,0.0,1.0,0.0,2.0,1.0,0,56,7,122,14
S174,-0.15339126,-0.55183434,0.6311815,0.618817,-1.2031648,-1.5249453,-0.8595653,0.22949037,-0.82943326,0.89682055,1.4874332,-1.3103343,1.5887252,2.664629,-0.29191828,-1.491477,-0.41389722,-0.26129362,-0.7673259,-0.62869895,1.6589024,-1.9972663,0.78068584,-1.2059406,0.016355652,0.2593878,1.4017329,0.13983604,0.8508892,-0.030658072,0.5872034,0.13522767,0.8149947,-0.017966216,-1.758231,-1.0463463,-0.79581124,-1.8759432,1.3234386,-0.19004725,-0.2610973,-0.59102154,-0.7743191,-2.214279,1.6399882,1.0380076,-0.6578623,-0.38166752,-0.060749307,0.7826233,-1.9071534,-0.8829304,-0.5198009,-0.11328848,0.08265717,1.5251967,0.20897223,0.7096464,0.2813929,0.65703404,1.4141023,0.52050817,0.70213723,-0.76151717,-0.16864768,-0.9346671,0.2632456,-0.9591576,0.5221116,-0.4231199,-0.58580446,-0.9961807,0.09834815,-0.87866414,-0.017326208,2.663241,1.5865505,0.7086306,-0.7987416,-1.0758404,-0.43174368,-0.19237879,-0.6534388,-0.8933741,-0.015235436,-0.70175713,-0.3538431,1.0529295,1.4509393,0.68880576,-0.23455149,1.0,0.0,0.0,0.0,0.0,0.0,1.0,1.0,2.0,61,9,49,3,5
S175,0.052527092,-0.20451735,0.15454948,0.06388295,0.21576725,-0.31635687,-0.43599477,1.418528,-0.47607487,-0.84667313,0.012871236,-2.031225,-0.55107766,0.93983686,-0.45098925,-1.1152228,-0.2699166,0.9875927,-0.71849716,-0.79421693,0.33843884,-1.1712328,1.4061402,0.17325652,-1.119994,0.3940371,-1.2060981,-0.2872197,0.25865006,-0.77046484,1.0324229,0.91681147,-0.45662916,-2.046991,1.5111661,1.779435,-0.43395206,-1.177757,0.45730922,-1.0984968,0.15649417,-1.43723,-0.6146258,1.2069182,-0.54650545,-0.14232583,1.3022052,0.205576,-0.0790993,-1.0886157,0.84854305,0.4413283,-0.066619016,0.90880185,-0.041974444,-3.2435894,0.74172485,1.491175,0.14351432,0.5877362,-0.6574103,0.50935787,0.67416215,1.3280779,-0.75946206,2.4020703,0.770892,1.5958732,1.2451117,1.5303056,-0.51220995,-0.8623578,0.6848082,-2.1089845,-0.109429374,-0.28541213,1.2653229,1.2207634,0.89264166,-0.4218485,-0.27681428,0.74096,0.7379821,0.11890283,1.4060186,-0.9128428,0.3843868,-1.4413692,0.8180255,-0.76699394,1.1113394,0.0,0.0,1.0,1.0,0.0,0.0,1.0,1.0,1.0,36,35,13,4,21
S176,-0.96634424,-0.22618486,1.5232404,-0.44488776,0.59008735,1.0178603,-0.04059748,-0.83768487,-0.29024205,-1.8453207,0.1525968,0.04698705,-1.7834594,1.8131224,-1.1009955,0.9820643,0.27054358,-1.3146346,-1.4285496,1.280273,-0.28515786,-0.30662942,0.8249163,3.0477533,-1.5793386,0.76803887,-1.533118,1.241445,0.068682425,0.30549344,0.30649686,1.0500801,0.6327672,-0.3683613,0.04306368,-2.075237,0.5851356,0.099644355,-0.8102529,-0.26451623,-0.6000577,0.59863645,-1.2971139,-0.88000417,0.35860676,0.008424196,0.071902,0.20744798,-0.38718376,1.0403208,-0.49595883,-0.74428636,-1.0469768,-0.6852015,-0.40918645,0.12229758,0.49378103,0.8646384,1.5829923,0.088297464,1.1401529,-1.0639924,-0.048058994,-1.5518049,-0.6356342,-0.1895623,0.40757746,-0.091577604,1.0435926,0.05971337,0.6314901,-0.24446091,0.30218843,-1.3389815,-0.9245259,-1.0934983,1.4599171,0.7583549,1.3545146,0.0015999079,0.14828768,-0.49348313,-1.4028095,1.1338449,0.8382907,1.4334899,1.0628141,-1.2996356,0.81235796,-0.6186318,0.100069866,1.0,0.0,0.0,1.0,0.0,0.0,0.0,1.0,2.0,124,0,26,30,3
S177,-0.49410075,0.7855815,-0.4344233,0.33017638,-0.6647571,-0.09527883,-0.41034502,-0.37217882,-2.2382894,-2.1175778,-0.7770088,0.5551947,0.108256355,0.4931388,-1.7374476,1.7696619,0.5587863,0.6379739,-0.9709473,-0.16679563,0.18455678,-0.56701356,0.8432287,-0.89085376,0.76006687,1.2366192,1.311433,0.18057254,0.48102462,1.4742,-1.5055934,-0.6210417,0.25621298,-0.4049365,-0.7678041,0.015340543,1.7536746,0.19336732,-0.20024978,-1.089363,3.17692,-1.9250298,0.28245887,-1.0623273,-0.27718478,-0.014219752,-0.16930324,0.80891615,0.39302018,-0.5618005,0.49900588,0.07806411,-2.1049805,0.49059358,0.57964754,0.7447373,-0.30679825,1.761973,0.623799,0.42628044,-0.37306264,-0.6018423,0.48623884,-0.30857003,0.28230122,-1.5607076,0.013135356,0.38174966,-1.5843394,-0.756097,0.41263455,0.35466436,-1.9757042,-0.74847156,-1.4119934,-0.61529374,-0.41662312,1.5405443,0.4412481,2.7634764,-0.6947096,0.3425546,-0.92143345,-0.13337171,0.15049505,-0.27536768,1.2189653,-1.8507425,0.38123986,-1.3152635,-0.7994822,0.0,0.0,1.0,0.0,0.0,0.0,0.0,2.0,1.0,0,0,8,136,5
S178,-1.0488137,0.7315406,0.9627114,-1.6924366,0.22012812,-0.42463586,-0.68457633,-0.78826445,0.8154795,-0.23895255,1.155618,-0.20228903,-1.2121843,-1.7916174,-0.30417523,-1.9753075,0.61028755,-0.7867389,0.890899,0.21765989,-0.9969396,-0.10852403,-1.03373,-0.49863485,-0.057482094,0.5016609,0.026609676,0.0034944713,-1.0240476,-0.04099107,1.1133064,2.3917239,0.005583897,1.1684697,1.7980726,-0.71898717,0.23557855,-0.29342696,-1.0270723,-0.04210331,1.0059838,1.0282319,0.6668379,-0.6679578,0.24572207,-0.11771174,-0.07023876,-0.12407494,0.3420581,-1.691979,-3.545783,-0.29564634,-1.6209116,1.3580252,-0.42840013,0.6644474,-0.66878957,0.7034127,0.035009593,2.0085475,0.9964675,-1.0430329,-0.44672173,-0.40304047,-0.29808718,1.9711878,2.0460505,1.7513999,0.8544942,0.49733466,2.4529164,-0.70645696,0.8853006,-1.6307225,-0.14302856,0.67789155,-1.1742214,1.7350438,-0.41952166,0.4948394,0.4038088,1.925105,1.113434,-1.3144805,0.17262517,-1.3625892,0.55816454,-0.7672527,0.3942255,1.5379139,-0.3332351,1.0,0.0,0.0,0.0,0.0,0.0,0.0,2.0,2.0,4,3,33,68,6
S179,1.0216311,-0.21597399,0.35700038,-0.09237749,0.13777614,0.11337355,1.3840963,-1.9401547,1.1769899,-0.778924,-0.937082,0.7788484,0.9464119,-1.6932238,-0.79941976,-1.3561894,0.07810274,0.115834616,-0.2719701,-1.1636828,0.38473222,-2.090187,0.5034761,0.011487271,0.17005591,0.35808837,-0.15515882,1.725359,-0.12197695,0.3375188,-0.25254264,0.21001513,1.1811144,1.5176655,1.0232514,-1.7373369,0.74660754,-1.5372013,0.32902363,-0.030154511,3.144449,-0.2887135,0.48706445,1.8198228,-0.16023001,-2.1344595,1.189256,-0.26379362,-0.6475853,1.100377,-0.5821703,1.4286059,1.9804149,-0.36445928,0.063233964,-0.0065700253,1.0230031,-1.0557338,0.4830406,-0.7171279,-0.27801538,0.2697973,0.6801168,0.9407807,0.1368295,1.2165539,-1.3796169,0.04914659,-0.4155003,0.7582638,-0.8707379,0.7669614,-1.448618,1.6435654,0.20845298,1.8490578,-0.48715186,0.053510778,0.06489999,-0.6855952,-0.0034768046,-1.1007189,0.173342,-0.8112192,-0.44619614,-1.669871,-0.28924158,-0.19020426,-0.23552223,-1.0549362,-0.44535482,0.0,0.0,1.0,0.0,0.0,1.0,0.0,2.0,1.0,60,55,0,0,2
S180,-0.18701419,-0.22633839,1.2013532,0.054594867,-2.0923474,-0.14691442,-1.8781945,-0.02874828,-0.29278314,0.7143203,-1.7864515,-0.08201894,-1.6608002,-1.0829226,-0.1692105,0.77653193,-2.474722,1.7863535,1.1556617,0.36720312,2.2682843,-0.26144004,-0.23441283,0.5422935,0.19612348,0.31081066,-2.1371427,1.0655055,-1.8196129,-0.7891002,-0.42665094,1.2116873,-0.86612016,1.2782397,-0.29455438,1.0685529,-0.78030014,0.29741842,-2.2975345,0.49344513,-2.1159613,-1.1762967,1.5766076,0.48137882,-1.8848729,-0.17786194,0.23360972,0.23506474,-0.12114966,0.8105837,-0.54248446,0.36147708,1.4701276,0.6719014,1.2168411,-0.20902324,1.0403684,2.1276,0.0013466808,-0.4838084,-0.77156776,-1.6210927,0.06404599,-1.6555057,-0.88597345,0.5705858,-1.8030224,-0.5257111,0.47721627,-2.1886554,0.26652837,-2.1605895,-1.2264084,0.77726287,-0.11265438,-0.31375897,-1.5793138,-1.7023827,-0.39641705,0.0021751435,1.1308432,0.09835659,1.5301378,2.1839871,-0.39675853,-0.5405024,-0.48860413,0.7866487,0.9247556,-0.8726483,-0.6136355,1.0,0.0,0.0,0.0,1.0,1.0,0.0,1.0,1.0,57,35,12,4,0
S181,0.38020766,-1.3476337,0.97133774,-0.19633515,0.99257773,-1.4507887,-0.37527964,0.55086255,1.5523306,1.4373504,-0.32755923,1.526514,1.3152611,0.22783083,-0.5243613,0.6498102,1.2394875,0.5494959,0.68506265,0.31570882,-0.6100006,0.55188096,0.2841106,-0.625886,-0.5835575,-0.24851315,1.1881732,1.0521923,0.02706735,-0.837988,0.2082478,-0.55385995,-1.5084907,-1.2376627,-0.85237575,0.028657816,-0.6170078,-0.5526468,1.0646405,1.1235652,0.06743704,0.41640747,0.9897079,-0.9022502,0.17275532,-0.98211753,-2.294293,-0.802247,0.054761402,1.4557142,-0.84208935,-1.498979,1.2145442,0.74401563,0.16535325,2.0591948,-0.5922413,0.8487695,0.49267003,-0.39895213,-0.79918844,0.33634916,0.29097223,0.777198,0.58471346,0.53990513,-0.21604797,-0.7417156,0.92228276,0.8296345,-1.376654,-0.61987174,0.42739913,-0.4633588,-0.04186735,0.35952875,0.10045507,-0.19273244,-0.34906712,-0.12083484,0.48931068,-1.666815,-0.43019626,0.87323046,0.83946145,-0.4858329,0.5531261,0.31522632,-1.2107714,0.8081346,-0.029365933,0.0,1.0,0.0,0.0,1.0,1.0,0.0,1.0,2.0,59,9,0,0,0
S182,-1.6261609,1.3478334,-0.22034223,0.2843371,-0.55363137,-0.02806207,-0.9345996,-0.7434646,-1.0809729,-0.4527916,-1.2285811,-1.4774585,-0.629933,-0.6547259,0.23715228,0.57239395,0.48286003,0.69776565,-0.30725378,0.30972183,-0.58280337,-0.8603095,-0.604242,0.3340538,0.48376897,-0.94946253,-0.32536063,0.994914,-1.6970547,-1.01914,0.9411021,0.6329014,-1.6375704,-1.0832785,0.67314947,1.9178592,1.2013154,-0.12791257,0.10749599,-0.38461575,0.6511573,0.17126164,-1.5135254,-0.6489294,1.3279265,0.86483645,0.97918564,-0.431578,0.106908575,-0.14801098,0.13949494,-1.200215,-0.10496768,-1.4772784,1.5269889,1.6446619,-0.60765886,-0.9351556,-2.2373843,-0.9756339,-0.36376306,0.5170955,-1.1031139,0.38662517,-0.48462963,0.25971785,0.44866383,0.532042,-0.9622297,0.45895293,-1.115789,1.400655,-0.19157492,-0.4511865,-0.4932283,-0.53528637,-0.030400319,-1.2790316,0.796627,0.6528551,0.054205734,-0.122630484,0.6440731,0.29370433,-0.86556756,-0.8325861,0.40236592,0.3126989,-0.9403367,1.1716627,0.6082876,1.0,0.0,0.0,0.0,0.0,0.0,1.0,1.0,2.0,0,0,16,115,1
S183,1.6064273,-0.5922811,2.8662689,0.48816735,-0.9502818,-1.6094944,-0.96068674,1.3227584,0.20078912,-0.484906,-0.24765536,0.73010755,0.7448613,0.9651485,-0.91146916,0.705369,0.7680664,0.28437063,-0.015407077,0.18488297,-0.25014922,-0.45679918,-0.7190319,0.56708676,0.9237903,-0.57629514,1.4093825,-1.0095614,1.1952046,0.11635889,0.6339337,-1.0543778,-0.22184841,1.320065,1.437776,0.7740586,-2.0231307,0.39305124,0.3734213,-1.3401934,-0.5217165,-0.07493238,-0.34030697,-0.24658974,0.21223174,1.7000982,-1.4006143,-1.4949518,0.21758476,-0.6302018,0.5567746,0.1573416,1.0574414,-2.2546186,1.5355147,0.68589795,1.502453,0.9505983,-0.3723036,1.6795423,-0.1353023,-0.44661343,-1.0611355,0.105678014,0.56285197,-0.7333719,1.1884813,0.0054408475,1.2561127,-0.18665652,-0.72992384,-0.14334686,-0.036123924,-0.03303291,-0.8726181,1.4323804,-1.2686675,-0.5458852,-2.1903145,0.9943279,-0.43425882,1.56863,0.023841994,1.2400067,1.4361905,-0.3778897,0.028442435,-0.26646623,-0.37572092,0.779388,-0.3919625,0.0,1.0,0.0,0.0,0.0,0.0,0.0,2.0,2.0,140,2,0,0,0
S184,-0.07409003,-1.5093312,2.5759702,-0.2324945,2.0395467,1.0385804,0.6060283,-0.48824668,1.16791,-0.53696156,0.16258128,-1.9597489,1.4683512,0.7396413,2.7430992,0.78967017,1.7762612,0.39914584,-0.46376282,0.28093117,0.2615996,-0.29805455,0.582115,1.1281937,-0.047623925,0.83196896,1.1133327,-0.37645397,-1.0580485,1.2451899,-1.2227815,0.8440387,0.13517663,-1.4378064,0.9905681,-0.6826736,0.23162307,0.8493337,0.32309163,1.0159807,-0.11237663,0.49475658,1.6776639,-0.4139632,0.2958769,0.36480728,-0.12541458,-1.5955935,-0.9373178,0.13105269,0.43479514,1.0694066,-0.018408017,-0.62640727,1.3111281,-0.14058676,0.2419565,0.18626444,-0.98119134,-0.33207107,0.7702795,0.71522784,-0.056934033,-1.8546815,-2.271274,-1.4567559,0.01158678,0.44511288,0.31589505,-0.90994495,-0.66013676,-0.5275361,0.573203,0.6932866,-0.03521416,-0.14692925,-1.7000208,1.416367,0.40219003,-0.8377465,-1.8979703,-1.0348983,0.52740425,-0.9767215,-0.5897135,-2.0055425,0.42363673,-1.1899091,-1.9333693,0.46594164,1.9707717,0.0,0.0,1.0,0.0,0.0,0.0,1.0,2.0,2.0,67,23,0,0,0
S185,0.19268456,-0.3903573,-0.14415938,-0.047543857,0.58019596,0.7364181,-0.68612224,-0.6829606,-1.1081713,-1.2479305,2.0817802,-0.36240542,1.1631742,0.41790026,-0.0683068,-1.1501217,2.2185721,0.73300564,0.3392626,-1.069755,0.5513853,0.29040807,1.4445812,-0.8648079,0.50683504,-0.28481328,0.030524926,-1.6175305,0.40046746,0.40981984,0.56482315,2.0319762,0.094080165,0.5011845,-2.4948113,-1.0325574,-0.28871605,-1.3470676,-0.25023216,1.0482004,0.9397013,-0.15464623,0.95399356,-1.0324697,0.38572174,-0.010573884,-1.5448285,0.63256156,-0.41024384,1.2154353,-0.49958757,0.23142384,1.1946162,-0.7373433,-0.29351664,-1.5900987,0.3595248,0.098971374,-2.7156801,-1.1197445,-1.00473,-0.4693341,0.20104152,0.65543747,0.43084735,1.9889148,-0.7094854,1.1331692,-0.55271167,0.4163363,0.19774102,0.38908923,-0.13280384,0.21012387,-0.62701553,0.30023414,0.44880852,1.5139856,-1.1863079,0.5795351,-2.1695595,1.4045526,-0.43631434,-1.2451996,0.27612257,-0.3452315,0.9661482,1.7734199,0.6338793,-0.9652054,0.12844338,1.0,0.0,0.0,1.0,0.0,0.0,1.0,1.0,2.0,31,36,9,12,60
S186,-2.0167966,-0.28088352,0.0541884,-1.1090952,-0.15504019,-0.08840327,1.4528282,-0.8661458,0.5670529,-0.5283297,-0.14330447,-1.0015574,-0.28230506,1.3991364,1.9715264,-0.060867775,0.67430574,1.4800141,-1.0757611,0.7300299,-0.102716394,1.0581352,2.2093954,0.38330722,-0.4972957,0.8409101,0.15697251,1.7025746,1.2984335,-0.32355273,0.066817805,-0.27237898,-0.04056315,-2.9604356,-0.9526547,1.7225059,-0.7091766,0.96336365,0.19312109,0.51704603,-0.86479694,-1.603451,-0.9457149,-1.7918637,1.4174795,-1.5278221,-0.9597997,2.379933,-1.1744968,0.25250116,1.2266078,-0.35243094,-0.73681664,-0.3999038,-0.37106606,-1.4743766,1.3370174,-1.1248871,2.3253257,-0.02000578,-0.05428064,0.12618697,-1.2529444,0.86845154,-1.4937491,1.3588023,-0.93685335,-1.602879,0.22303689,-0.8677645,-0.19619623,0.93158007,1.4135717,-0.47397408,1.4525582,-0.0013475589,-0.65135705,1.2567633,0.34286895,0.79843295,-0.6338347,0.30702862,-2.065979,-1.4512899,0.8636386,-0.75928855,0.24547006,-2.7453198,-0.83492804,-0.2740776,0.04860909,1.0,0.0,0.0,0.0,1.0,0.0,0.0,2.0,2.0,10,0,80,8,14
S187,0.75977963,-0.78309876,-0.25274983,0.64229465,0.1621748,-0.1015987,-0.91879165,-0.51983994,0.14140333,-0.214113,-0.6584464,-0.1300941,0.87812424,-0.8109698,-0.13659711,-0.49820927,-2.3038542,-0.5663253,0.9373515,-0.74807745,-0.291203,1.3224068,1.0854914,-0.13793315,0.34878364,-1.5926316,0.23537874,1.0198543,-0.10534203,-1.078883,0.5141663,0.977255,2.0177886,0.8318548,0.19768225,-0.16177745,0.33998612,-0.21789758,1.2515305,0.99380845,-0.7119494,-0.38264337,-1.4267074,1.0652827,0.26297438,1.0629288,1.201425,0.48489106,0.9753923,0.2722617,-0.03810635,0.027826343,0.12304488,1.0167028,-0.9524818,0.489798,-1.4049971,-1.0140901,-2.7828736,-1.6604887,0.14332744,0.700489,0.8872169,0.68558687,1.4512116,1.9387819,0.93488765,-1.0073917,-1.1103612,0.44082484,1.184591,-0.43543953,0.7115704,0.46952355,0.016150612,1.0175415,-0.25037342,1.2425593,0.8470863,0.44329244,1.9804592,-0.68252414,-1.2835116,-0.09521806,-1.3368745,-2.6740417,-0.71302104,0.9514648,1.5206789,-1.2951831,0.6833487,0.0,0.0,1.0,0.0,0.0,1.0,0.0,2.0,1.0,21,23,5,0,1
S188,0.58810157,-0.22416629,0.70369434,0.30038834,0.8842554,1.0420257,0.16582783,-0.67975146,-1.006781,-1.0773904,-3.1005006,1.674693,0.1730868,0.21675019,-0.19203857,0.74282,-1.142901,-0.27245885,0.84731,-0.3497801,-0.52853966,0.0042958856,0.5961218,-0.63866174,0.26442692,-0.27397028,-0.63129675,-0.10507038,0.7770067,0.5298949,0.1546193,-0.41998962,-0.672808,-0.7799713,0.4421741,-0.8408362,0.5659293,-0.3727124,0.08803599,-1.0832207,-0.7276829,-1.7512983,-0.8476082,-0.058893733,2.0976732,2.1466472,-0.14101951,-0.17668396,1.9418592,-0.12824361,-0.4078085,-0.61480993,2.6978517,0.19520372,-2.34393,-0.98523724,-0.98335433,-1.5486234,0.8121045,0.7434372,-3.0534315,0.41429392,1.3346862,-2.3368335,-0.273364,1.4685614,-1.4804276,0.9404867,1.2543715,-0.23672515,-0.9511601,1.2518202,0.52340055,-0.11401033,-0.22897968,-0.6917379,0.9231148,-0.51117736,1.1492413,-1.815028,0.39494768,0.42644468,1.5319833,2.5776832,1.0509208,0.48513943,-0.37493366,-0.5344039,0.7692157,0.447751,-0.3596441,1.0,0.0,0.0,0.0,0.0,1.0,0.0,2.0,2.0,41,35,7,1,0
S189,0.3470965,1.2942741,0.45576575,2.1030242,-0.41502658,1.3789545,-0.53263456,0.31370047,-2.0148168,-0.19444002,0.41497618,-2.9656246,0.86095613,0.20724992,0.15564312,-1.4780245,1.751942,1.7358651,-1.1238412,0.07052859,0.28924903,0.6667531,1.9975667,1.1844158,0.34891903,-1.853197,0.35133982,-1.8605894,-1.3926557,0.31416672,1.6264429,-0.27009347,-0.38189238,1.0221866,0.19699162,-0.12575696,1.0715197,0.7721842,-0.66662025,-0.6859402,1.9639403,1.7048596,0.11788066,-0.4576889,-0.360587,2.076905,1.0441942,-1.2474109,-0.18256332,0.66691816,-0.004334308,-1.7970257,2.166406,0.3637281,-0.9040107,0.27089494,-0.5029668,-0.541894,0.32154852,0.4523413,-0.63848686,2.0940588,-0.8923863,-2.1154592,-0.8148131,0.18692364,-0.77852666,0.36633432,-0.25577322,1.2877431,1.3729846,0.93705404,-0.096691936,-0.0671274,-1.4612967,0.3013523,0.31719828,1.2389737,0.06251777,1.5120946,0.8606606,-1.1810147,-1.4667596,-0.2563647,0.13630208,-1.7285166,-0.08319439,0.36213458,0.34759593,-1.1378726,0.16415387,1.0,0.0,0.0,1.0,0.0,1.0,0.0,1.0,2.0,5,0,2,71,21
S190,2.2013752,1.2988327,0.07353404,-1.2667959,0.2041855,1.2200739,0.03409554,-0.29675636,0.9699596,-1.4825331,1.2361635,-0.43199202,-1.1983752,2.3239715,0.26299343,1.2249055,-1.2276299,1.1294922,1.2130609,-0.0054737763,0.68953335,2.7379596,-0.58941025,0.23750249,0.23104429,0.17764235,0.77167875,0.6645974,1.4388835,-1.3498666,-1.1818019,-0.048382796,0.038682245,-1.2483478,-0.059091933,-0.31206438,0.45383373,1.1751376,1.0535525,2.4096954,-0.14265388,0.14875667,0.24955651,1.6430429,0.71820897,-0.06916692,-0.38372782,0.9525369,-1.5103225,0.52719724,-1.0936054,0.484862,0.18691382,1.5414855,1.8673075,-0.68432224,0.4957302,0.58678186,0.14128773,-0.55467033,-0.2755467,2.127651,-0.6962921,-0.3725246,0.15533283,-0.3323385,-0.76960546,0.10456107,1.1384153,-1.3467907,-0.23077005,-0.15336452,-1.2581353,-1.4472014,-0.3241988,0.30653322,1.5433663,-0.40594533,0.9744355,0.32034338,0.8338779,1.3218285,-0.7443836,-0.07485676,-0.8381761,-0.13787207,-1.1410882,-0.09631475,-0.09719849,1.4540905,0.09336985,0.0,0.0,1.0,0.0,0.0,0.0,0.0,2.0,2.0,14,179,0,2,0
S191,0.054439396,-0.26646394,1.8611794,-0.008399244,1.5134429,-0.07617912,1.0407742,0.78165084,-0.4799354,-1.1356598,-1.0016769,0.6988874,1.4555612,0.16477011,-0.24906914,-0.14589658,-0.27398878,0.9889358,-1.2769461,0.4102262,1.1034892,-0.4864744,0.19108212,-0.76899296,0.5629205,1.207877,0.6448176,0.9059773,0.096749805,0.717175,0.3502528,1.7608604,0.24958225,0.39777297,0.7394751,-0.94183487,-1.2795204,0.28766713,0.10928886,-1.5690643,0.6695098,0.53801036,-0.27681282,0.7688059,-0.47715247,-0.2902915,-0.51605695,-0.4865381,-0.35408458,0.14769994,0.92184955,0.07300305,0.5712645,0.9474236,0.39389995,1.1160089,0.47715515,-1.8248969,0.16867371,-0.39628285,-0.28654972,0.70466024,0.68157774,-0.22159837,-1.0318624,0.97503394,0.051058553,1.2225989,-1.1583595,-1.1665496,0.38248375,-0.17060158,-0.013261785,-0.6748763,0.33844006,0.05501398,1.378603,-0.3388339,-1.160608,-0.32990432,0.31926367,0.76171327,2.085448,-0.5172825,-0.020377679,-0.87026817,0.04514366,0.73781943,0.029430738,-0.2049386,0.8433803,0.0,1.0,0.0,0.0,0.0,0.0,1.0,1.0,2.0,88,7,0,1,0
S192,-3.2147627,-0.08414217,0.9064051,0.8370244,0.5918704,1.1740893,0.20862089,0.82486135,-1.2174733,2.0796466,-0.22967611,1.5739704,0.52937216,-1.451526,1.0188158,-0.11497427,-0.7843444,1.6349775,0.61695445,-0.50316745,0.86637837,-0.017325748,-1.622953,-0.74177575,-0.18871295,-1.1966884,1.5297302,-0.34885198,-0.49298745,-3.1667774,1.333378,0.27570412,0.45923302,0.5432978,-0.28105718,-0.2390281,1.1230794,-0.18600078,-0.4424705,-0.25689352,-0.58571076,-2.1998703,0.53619695,2.8933296,0.9253381,-0.10070052,0.5644061,-0.13788274,1.2174671,-0.63685197,1.3105246,1.4672185,-0.56982774,0.3411369,-1.8371747,1.5095513,0.5286633,-2.2970097,-1.2621535,1.3981144,-0.14466204,1.0285974,-0.23791353,0.60896695,-0.1944643,-1.5890822,1.2652422,-0.4966029,-0.87261254,0.68569726,0.38638088,-0.121547356,-0.056929562,-0.16557252,-0.8272069,-0.46760723,0.54150236,-0.76925766,0.32329005,0.53631145,-1.9696132,-0.18083607,-1.485741,-0.19701959,0.5204101,0.10224847,0.64967203,2.3101652,-1.9137923,-0.4796978,0.20566963,0.0,1.0,0.0,0.0,0.0,0.0,0.0,2.0,2.0,4,0,77,8,0
S193,0.14480554,0.12293553,0.9272015,0.51534706,1.4526204,0.8907728,-0.43374962,-1.2710873,-0.69905597,1.5287474,-1.1962925,-0.04883822,-0.49918106,0.075032726,-0.22899015,0.041599818,0.112665206,-0.042408876,-0.61388093,-1.4482536,0.9432238,0.5132891,-0.025901271,-2.5688283,0.19474198,0.15435466,0.66346806,0.67343074,0.54777104,1.4120429,-0.2701949,-0.6580541,-1.1095963,1.8880429,0.64665854,1.215165,0.2448751,-0.45742178,0.118306965,0.3923734,-0.82495934,-1.3342686,1.1010978,-0.18117672,-1.047764,-1.7245486,0.52941054,0.5991852,0.22444114,0.32822773,0.27810663,-0.4908685,-0.49134204,0.09140657,-2.5537395,-0.36438295,0.12503456,-0.6450104,0.45147178,0.8091086,0.15910785,1.3249439,0.81779855,0.8821983,-0.25955552,-0.5402488,0.02307777,-0.26617324,-0.023825744,-0.23439234,0.954082,-0.3472836,-0.231712,0.44494882,2.1465812,0.24849974,-1.9616636,0.16843416,1.361067,-1.8400266,0.2462561,-0.10942696,-0.4711289,1.2366861,-0.81098133,1.0468283,-1.4182823,-0.9441127,-0.14400548,-1.3915739,-0.055410117,1.0,0.0,0.0,1.0,0.0,0.0,0.0,2.0,2.0,30,6,4,0,11
S194,0.8964909,-0.15428893,-0.08205332,1.3582509,-0.38574025,0.3436235,1.3078027,-1.5074896,0.8521953,0.49540848,0.30643898,0.12156438,-1.8812538,0.8168756,-1.1430081,0.11183302,-0.20208108,0.22526075,-0.051541932,-0.067890085,-1.0571347,0.2140524,-0.017892126,0.88605523,0.75600266,0.16953355,1.5732081,-2.037566,-1.0172004,-0.67855686,-0.8084742,-0.36522117,0.9023469,-1.2063836,0.86879,0.23135974,1.4620888,-0.02635796,1.1097502,0.44472957,0.69831854,0.8453864,0.937694,0.34551343,-1.0805455,1.3973069,-1.5466957,-0.053724647,0.5789842,0.79832476,0.8908165,0.24713016,-0.34512386,-0.96034914,-1.8179173,1.4382635,-0.07762859,0.27483922,-0.7085793,-1.5417682,0.6797676,-0.26517743,-0.959632,0.21858913,-1.0288446,1.2454586,2.0236638,0.23294361,-0.785415,-0.9125407,-2.0222695,-0.56813604,-1.3891063,0.16320926,-0.87924784,0.60198426,-0.39173126,0.038132604,0.083659984,-1.9606433,-1.495642,-0.13005507,1.4702437,0.4231263,0.0122881895,0.10147222,-1.0990014,0.8473497,0.12499717,-1.2059195,-1.8951654,0.0,1.0,0.0,1.0,0.0,0.0,1.0,2.0,2.0,37,109,2,5,34
S195,-0.8426585,-1.0013677,0.7911844,0.8280648,1.0475179,-0.47131285,-0.17681284,-1.3826172,0.025846468,-0.84973216,-1.3635318,-0.68190926,1.3243525,0.44514897,-0.2595845,-2.251769,1.7786134,-1.7583493,0.20922582,-0.7198127,2.3942466,-1.4492755,1.3934616,0.47404948,-0.2502425,-1.436517,0.07329207,-0.4625267,0.47071856,0.21191221,-1.286523,-0.6901979,1.1084967,0.18100263,-0.0414278,0.51488227,-1.1132635,0.38707155,-1.1720396,-1.9405504,0.48375666,-0.06518659,2.1962597,-0.8636586,-0.6032529,-0.99903464,0.14223154,-0.679598,1.766346,-1.1599009,0.07442029,-0.023336144,-0.2693308,-0.23526129,-1.2914593,-0.037156243,-0.73757464,1.0802612,-0.6492993,-0.06654379,-0.4966702,-0.60069805,-0.41828322,-0.843995,0.5228614,-0.5263468,-0.09098685,-0.28977528,0.38865125,0.6960769,-0.07264696,-0.71918017,-0.0774104,-0.8435456,0.196918,-0.23121126,-0.6767964,-0.9564808,-0.6183889,1.051661,0.30416974,0.33244896,-1.2532411,-0.43149814,0.01069454,-0.83172286,-0.71414393,-1.212807,-0.51702404,0.19575186,-1.3949059,0.0,1.0,0.0,1.0,0.0,1.0,0.0,1.0,2.0,90,0,79,5,9
S196,-1.3385355,-0.59292847,-0.7989435,-1.1139876,-0.6807246,0.5324588,-0.8140897,-0.75794226,0.9226921,1.4496067,0.36866406,-0.78533685,1.9201925,2.4129932,0.7575733,0.9175972,-0.078753546,-0.14840175,0.036012292,0.7997704,-0.049059168,-0.15771078,0.06451617,1.2238894,1.4569949,0.03872943,0.951673,-1.7485743,0.4445345,0.2179619,0.4512118,-0.7509586,0.39062005,-0.37641227,-0.19534853,0.1871494,-2.19411,-0.7592998,1.0063674,-0.19871087,-2.063727,0.17383607,-0.21539307,1.1967329,1.82168,1.1302809,0.8984316,0.77997696,0.06673147,0.21896641,-0.16899438,-0.25270712,-0.18608265,-0.38507563,1.2950932,0.16446951,-1.3164293,2.3580184,-0.42529148,-0.11575083,0.4069713,-1.1290278,-0.98222846,0.77013296,1.5090185,0.76862764,0.05926635,-0.13137849,0.43792796,-1.6494781,-0.08926166,-1.2518922,0.057098903,-1.1095717,-0.47179797,0.4513321,1.5530494,-0.07504434,-0.00029367933,-0.75110304,0.22842778,-0.054957964,0.07454032,0.027018622,0.03291675,-0.19896941,0.46323365,-2.2692392,1.9077804,-0.7155771,0.3256825,0.0,0.0,1.0,0.0,1.0,0.0,1.0,2.0,2.0,1,0,114,28,11
S197,0.6114799,-0.47090095,-0.90810287,0.5154423,0.15349823,0.73252296,1.3069723,0.85232276,1.8549451,0.42774305,-0.6231478,-0.7682151,1.1411123,-1.9530118,-0.03601632,-0.35310045,-1.619248,0.6966835,0.0024450636,-0.055694137,0.7000409,0.6726147,-0.16554825,-0.69347423,0.92460877,0.8577327,0.4074021,2.0473392,-0.020262184,-0.58740216,-0.7369765,0.10509208,-0.07350257,0.8738844,-0.78730035,0.13231088,-0.5336785,-0.15593642,1.0282476,-0.75281984,0.7745048,0.6426172,1.3315895,1.0877424,-0.22457036,-0.09777691,-0.29225594,1.9894311,-2.6654186,0.32157725,-0.58703166,2.3478737,-0.23141491,-0.35242623,-1.2796702,1.423978,0.36784056,0.48634335,1.1187271,-1.3929696,-0.20570195,0.52533525,-0.2513554,-0.4646243,0.1572704,0.0518804,-0.4997539,-0.6777706,-0.33064657,0.18336533,-0.48067263,-1.093576,-0.471782,-1.2495115,1.0454998,0.068434246,0.16839308,0.86563426,-0.11710231,0.34653926,-0.38956994,-1.8872256,1.2267317,-1.0571419,-0.4982677,-0.78287894,0.655941,-0.24141067,0.38991892,0.6650507,0.91311187,1.0,0.0,0.0,0.0,0.0,0.0,1.0,2.0,1.0,34,111,31,3,5
S198,0.6878621,0.20741472,0.0053673713,0.58833694,1.6675105,0.31449163,0.9541316,-0.37392062,0.0820506,-0.5885239,0.002516713,-0.61056703,-0.6777725,-1.7154555,-0.15441445,-0.68155515,-0.41215044,0.07261274,-0.08075059,0.04088331,-0.21974666,-0.56538916,1.5330318,0.58587325,-0.22671793,0.045692734,0.52123815,0.7538984,0.65396404,0.0115467375,-0.17229587,-1.4307094,-2.2958388,1.8440092,1.7620127,-1.8380331,0.4751915,-0.50485384,-0.4498753,0.85281426,-1.8464255,1.5978103,-0.5584416,1.1874881,-0.4311865,-0.12928613,1.1508605,-0.73256445,-1.5947659,0.6383007,0.9096812,-0.7848017,-0.49668205,-0.07891454,0.6048817,-0.33142287,-1.1043181,1.4645392,-1.6015596,1.809974,-0.629966,-0.4764391,1.3898886,1.1063963,0.09017313,1.8593122,0.103845045,-1.057386,0.36334747,-0.675944,0.53133833,-0.7713324,-1.0342673,1.0981283,0.117142074,-2.030981,-0.64276695,-0.9771716,0.67240536,-0.93307066,-2.1602094,-0.38206038,-0.83593047,-0.39992568,-0.14933498,-1.2351807,1.7713646,1.192684,-0.34000695,0.57769835,1.9032563,0.0,0.0,1.0,1.0,0.0,0.0,0.0,2.0,1.0,28,16,2,1,4
S199,1.3679303,-0.84952694,0.24393836,-1.0304986,0.36002794,-0.5783664,-1.3879813,-2.1535466,0.05889722,-1.8833982,1.2375118,-0.4828926,-0.55048305,1.7345968,0.55272955,-0.038393192,-0.9962213,-0.0038249916,-1.4272615,-1.2866868,-2.1123974,-1.5878615,-1.4036031,0.9704108,0.60752255,-0.47134,0.5276074,-1.2853361,0.7423128,-0.76007444,-0.5624226,-0.09455456,-0.7514212,-0.08067651,2.060423,-0.16022792,1.1148072,0.36583546,1.5413908,0.64199144,0.15744117,2.0984466,0.8601584,-0.6948418,0.044669602,-0.4318001,-1.0943694,0.5180827,0.4157,-1.0340414,1.5566666,0.18032862,2.111802,-1.2189738,0.7429662,-0.30534038,-0.50783575,-0.9476337,-0.06866371,0.8480148,-2.1131086,0.46677637,0.5872551,0.20081674,0.6070913,-0.5944107,-1.0961072,-0.19703437,1.3937132,-0.0013822097,0.65227693,-0.29602075,-0.24370608,1.7199947,1.0054059,-1.8789512,1.1366249,-0.36706513,1.7179266,-0.28584352,0.51473904,-0.72762024,-2.207078,0.2354647,-1.6286166,-0.12483579,-0.58473057,0.7503817,-0.23028712,-0.6195849,1.3535374,0.0,1.0,0.0,0.0,1.0,0.0,1.0,2.0,1.0,84,73,0,0,0
S200,-0.4245255,0.46344677,-0.124971375,0.27521533,0.6286691,-0.047030162,-0.7859282,-0.7211711,-0.3761132,-1.6518648,1.2597631,-1.3188399,0.8793003,-0.24585593,-0.91845584,-1.1662424,-0.49114227,-0.024747042,-0.06532995,-1.8532547,0.2579752,1.1680714,0.43798837,-0.22273727,-0.69601226,-1.3837907,0.72477657,-1.1048572,0.012197838,-0.44319698,-1.1278332,-0.5321603,-0.17520803,0.058216147,-0.09588441,0.3097108,-0.9774438,-0.78191185,1.1778008,-1.1967897,-0.49027717,-1.133592,1.7782062,-1.2602353,-0.56149834,-0.9060296,1.4666636,-0.53401667,-0.013647794,0.9255797,0.71631587,-0.41284972,0.15718049,0.3279426,-0.45859292,0.909821,-0.47938344,0.95866555,-0.26648623,1.6783876,-2.1412416,-0.3399614,-0.24295974,1.7588323,0.3546247,-0.21681423,-0.95560867,-0.75808626,0.80770636,-0.46001863,-0.9907399,1.0119182,-0.5646032,-0.96716464,-1.372196,-0.48713955,-0.48367253,0.3519279,-1.5142156,1.5418373,-0.17769675,-0.3079335,-0.28205377,-0.59061027,1.3774302,0.16363232,-0.62556475,1.0147794,-0.58924073,0.10159803,-0.26021335,1.0,0.0,0.0,0.0,1.0,0.0,1.0,2.0,1.0,0,0,45,38,31
